PROFILE_ID,LATITUDE,LONGITUDE,TIME,PRES,TEMP,PSAL,SA,CT,SIGMA0,TEMP_GRADIENT,SA_GRADIENT,SIGMA0_GRADIENT
1,16.832,89.402,2020-01-01 14:03:00+00:00,0.0,25.641,30.165,30.307558711710193,25.827022378960862,19.502400912901862,,,
1,16.832,89.402,2020-01-01 14:03:00+00:00,10.0,25.694166666666668,30.271333333333335,30.41440817867166,25.874359548662596,19.566981508172262,0.005316666666666947,0.010684946696146724,0.00645805952703995
1,16.832,89.402,2020-01-01 14:03:00+00:00,20.0,26.202272727272728,31.06118181818182,31.20800487559796,26.353474891943815,20.006493146356092,0.050810606060606035,0.07935966969263006,0.043951163818383064
1,16.832,89.402,2020-01-01 14:03:00+00:00,30.0,27.068333333333335,31.813222222222223,31.9636208208773,27.19300726535614,20.30206171814973,0.08660606060606071,0.0755615945279338,0.02955685717936376
1,16.832,89.402,2020-01-01 14:03:00+00:00,40.0,27.9985,32.483000000000004,32.63662741687376,28.098678012095522,20.508088463785953,0.09301666666666648,0.06730065959964585,0.020602674563622258
1,16.832,89.402,2020-01-01 14:03:00+00:00,50.0,28.4125,32.899,33.0547760149258,28.495034442498824,20.68632367021121,0.041400000000000145,0.041814859805204205,0.017823520642525636
1,16.832,89.402,2020-01-01 14:03:00+00:00,60.0,28.47118181818182,33.28390909090909,33.44170897174933,28.53551770141707,20.956892625256728,0.0058681818181817395,0.03869329568235287,0.027056895504551905
1,16.832,89.402,2020-01-01 14:03:00+00:00,70.0,28.108999999999998,33.6706,33.83043686171167,28.153567123019815,21.366769814674853,-0.03621818181818206,0.03887278899623396,0.040987718941812544
1,16.832,89.402,2020-01-01 14:03:00+00:00,80.0,27.216,34.068000000000005,34.22996529895342,27.239297285152475,21.955051314719185,-0.08929999999999971,0.03995284372417487,0.05882815000443316
1,16.832,89.402,2020-01-01 14:03:00+00:00,90.0,25.9834,34.4308,34.594789028647156,25.987145973828035,22.618212110510626,-0.12326000000000015,0.036482372969373955,0.06631607957914412
1,16.832,89.402,2020-01-01 14:03:00+00:00,100.0,24.487444444444446,34.608,34.77313345986429,24.47959477632221,23.209690502248236,-0.1495955555555554,0.017834443121713405,0.059147839173760985
1,16.832,89.402,2020-01-01 14:03:00+00:00,110.0,22.9045,34.7205,34.886431283300745,22.888383880449084,23.760075796163733,-0.15829444444444468,0.011329782343645433,0.05503852939154967
1,16.832,89.402,2020-01-01 14:03:00+00:00,120.0,21.194,34.7885,34.95501329748941,21.172004830356585,24.29167389222107,-0.17104999999999998,0.006858201418866372,0.0531598096057337
1,16.832,89.402,2020-01-01 14:03:00+00:00,130.0,19.7505,34.8245,34.991429619355905,19.724663174840167,24.705369796153263,-0.14435000000000003,0.0036416321866497015,0.04136959039321937
1,16.832,89.402,2020-01-01 14:03:00+00:00,140.0,18.76081818181818,34.845454545454544,35.01270881239548,18.732271391896614,24.976160511093667,-0.09896818181818183,0.002127919303957526,0.027079071494040364
1,16.832,89.402,2020-01-01 14:03:00+00:00,150.0,17.805444444444444,34.86866666666666,35.03625670148021,17.774456522901396,25.231838383026115,-0.0955373737373737,0.002354788908473182,0.02556778719324484
1,16.832,89.402,2020-01-01 14:03:00+00:00,160.0,16.803,34.8925,35.06038444378468,16.76990198135495,25.491036417799705,-0.10024444444444428,0.0024127742304465016,0.025919803477358984
1,16.832,89.402,2020-01-01 14:03:00+00:00,170.0,15.928,34.915499999999994,35.0836701205147,15.89309324449346,25.711704978055877,-0.0875,0.0023285676730019134,0.0220668560256172
1,16.832,89.402,2020-01-01 14:03:00+00:00,180.0,15.267818181818182,34.932545454545455,35.10096320806354,15.23137114790172,25.873484200888242,-0.06601818181818189,0.0017293087548843288,0.01617792228323651
1,16.832,89.402,2020-01-01 14:03:00+00:00,190.0,14.7,34.94244444444445,35.11106115317241,14.662288756998583,26.00580619714151,-0.05678181818181827,0.0010097945108867635,0.013232199625326757
1,16.832,89.402,2020-01-01 14:03:00+00:00,200.0,14.230277777777777,34.95494444444444,35.12377275664336,14.19127097515955,26.116400106119045,-0.04697222222222219,0.0012711603470954458,0.011059390897753475
1,16.832,89.402,2020-01-01 14:03:00+00:00,210.0,13.890833333333333,34.968833333333336,35.13782397676554,13.85044499776299,26.19885824115613,-0.03394444444444442,0.0014051220122176743,0.008245813503708632
1,16.832,89.402,2020-01-01 14:03:00+00:00,220.0,13.59216,34.97832,35.1474377366656,13.550512768680939,26.268431341197584,-0.029867333333333336,0.0009613759900062746,0.006957310004145257
1,16.832,89.402,2020-01-01 14:03:00+00:00,230.0,13.31096,34.98592,35.15515574768636,13.268133027288998,26.332145456812214,-0.028120000000000013,0.0007718011020756421,0.006371411561462992
1,16.832,89.402,2020-01-01 14:03:00+00:00,240.0,13.02752,34.99352,35.16287379401378,12.983573940242009,26.395547259081013,-0.02834399999999988,0.0007718046327418904,0.006340180226879965
1,16.832,89.402,2020-01-01 14:03:00+00:00,250.0,12.73512,35.00112,35.170591875647865,12.690128666826167,26.459941997404485,-0.029240000000000065,0.0007718081634088492,0.006439473832347176
1,16.832,89.402,2020-01-01 14:03:00+00:00,260.0,12.442720000000001,35.008720000000004,35.17830224560465,12.396743595723995,26.523499424435613,-0.029239999999999888,0.000771036995678287,0.00635574270311281
1,16.832,89.402,2020-01-01 14:03:00+00:00,270.0,12.21948,35.01324,35.18291578451529,12.172503012208017,26.57053893611169,-0.022324000000000056,0.00046135389106396476,0.004703951167607556
1,16.832,89.402,2020-01-01 14:03:00+00:00,280.0,12.02588,35.01644,35.186202942441355,11.977907977001534,26.61041559422847,-0.01936,0.0003287157926067152,0.003987665811678198
1,16.832,89.402,2020-01-01 14:03:00+00:00,290.0,11.844153846153846,35.019461538461535,35.18931078636141,11.795197756734634,26.647538709506307,-0.018172615384615474,0.00031078439200555864,0.0037123115277836404
1,16.832,89.402,2020-01-01 14:03:00+00:00,300.0,11.709923076923078,35.02176923076923,35.19170133277939,11.65991696607397,26.674884420702938,-0.013423076923076848,0.00023905464179776458,0.0027345711196630875
1,16.832,89.402,2020-01-01 14:03:00+00:00,310.0,11.575692307692307,35.02407692307692,35.194097881108526,11.52465773002158,26.7020519355915,-0.013423076923077027,0.00023965483291377154,0.002716751488856062
1,16.832,89.402,2020-01-01 14:03:00+00:00,320.0,11.458,35.0255,35.19560809635092,11.405934756639331,26.725293295890197,-0.011769230769230709,0.00015102152423907,0.0023241360298698055
1,16.832,89.402,2020-01-01 14:03:00+00:00,330.0,11.351333333333333,35.02633333333333,35.19652570896865,11.298238773384234,26.745907374978742,-0.010666666666666736,9.176126177337096e-05,0.0020614079088545623
1,16.832,89.402,2020-01-01 14:03:00+00:00,340.0,11.24808,35.02708,35.197356237426995,11.193964710433121,26.765712486761004,-0.010325333333333298,8.30528458344304e-05,0.001980511178226152
1,16.832,89.402,2020-01-01 14:03:00+00:00,350.0,11.158479999999999,35.02748,35.19783841660356,11.103328044655756,26.782654958326702,-0.008960000000000079,4.8217917656501184e-05,0.0016942471565698724
1,16.832,89.402,2020-01-01 14:03:00+00:00,360.0,11.06888,35.027879999999996,35.19832721269637,11.012704271416185,26.799518447871606,-0.008959999999999902,4.88796092810162e-05,0.0016863489544903132
1,16.832,89.402,2020-01-01 14:03:00+00:00,370.0,10.98964,35.028,35.198537482631735,10.93242812881027,26.814216212268093,-0.007924000000000042,2.1026993536565897e-05,0.00146977643964874
1,16.832,89.402,2020-01-01 14:03:00+00:00,380.0,10.91484,35.028,35.198627168641806,10.856591945771378,26.82795777921524,-0.007479999999999975,8.968601007097731e-06,0.0013741566947146565
1,16.832,89.402,2020-01-01 14:03:00+00:00,390.0,10.8406,35.02792,35.19863646475383,10.78132603660448,26.84147746812596,-0.007423999999999964,9.296112025936054e-07,0.0013519688910719196
1,16.832,89.402,2020-01-01 14:03:00+00:00,400.0,10.768600000000001,35.02752,35.19832420004472,10.708309605464109,26.854290640699446,-0.007199999999999917,-3.1226470910894476e-05,0.0012813172573487464
1,16.832,89.402,2020-01-01 14:03:00+00:00,410.0,10.6966,35.027120000000004,35.19800073783232,10.635303298042361,26.867039589526485,-0.007200000000000095,-3.2346221240686644e-05,0.0012748948827038475
1,16.832,89.402,2020-01-01 14:03:00+00:00,420.0,10.61984,35.026720000000005,35.19766981027586,10.557563278914918,26.880566404388446,-0.007676000000000016,-3.309275564546965e-05,0.0013526814861961611
1,16.832,89.402,2020-01-01 14:03:00+00:00,430.0,10.54104,35.026320000000005,35.197338881097245,10.477801089382107,26.894388155212482,-0.007879999999999932,-3.309291786166568e-05,0.0013821750824035916
1,16.832,89.402,2020-01-01 14:03:00+00:00,440.0,10.46448,35.025920000000006,35.19700795029647,10.400281922102028,26.907752222248973,-0.007656000000000063,-3.309308007786172e-05,0.0013364067036491178
1,16.832,89.402,2020-01-01 14:03:00+00:00,450.0,10.39688,35.02552,35.19667701787351,10.331700594012398,26.919495055972902,-0.006760000000000055,-3.309324229547883e-05,0.0011742833723928925
1,16.832,89.402,2020-01-01 14:03:00+00:00,460.0,10.329279999999999,35.02512,35.1963460838284,10.263128442713194,26.931188435178456,-0.006760000000000055,-3.309340451096432e-05,0.0011693379205553356
1,16.832,89.402,2020-01-01 14:03:00+00:00,470.0,10.25916,35.02472,35.19601514816112,10.1920551170174,26.943267092643964,-0.00701199999999993,-3.309356672787089e-05,0.0012078657465508513
1,16.832,89.402,2020-01-01 14:03:00+00:00,480.0,10.18796,35.02432,35.19568421087169,10.119915612732171,26.955478059984216,-0.007119999999999927,-3.309372894335638e-05,0.0012210967340251955
1,16.832,89.402,2020-01-01 14:03:00+00:00,490.0,10.1146,35.02376,35.195192488800366,10.045637607873454,26.967878596416767,-0.007336000000000098,-4.9172207132386346e-05,0.0012400536432551235
1,16.832,89.402,2020-01-01 14:03:00+00:00,500.0,10.0326,35.02256,35.19405763052138,9.962777272025608,26.981191378534504,-0.008199999999999897,-0.00011348582789878492,0.0013312782117736789
1,16.832,89.402,2020-01-01 14:03:00+00:00,510.0,9.9506,35.02136,35.19292588147244,9.879928331571577,26.994433867253065,-0.008200000000000074,-0.0001131749048937536,0.0013242488718560707
1,16.832,89.402,2020-01-01 14:03:00+00:00,520.0,9.87364,35.020160000000004,35.19179724133342,9.8021093777205,27.006757013275546,-0.007695999999999969,-0.00011286401390222522,0.0012323146022481524
1,16.832,89.402,2020-01-01 14:03:00+00:00,530.0,9.79884,35.01896,35.190668595901094,9.726451682520349,27.01865354180677,-0.007479999999999975,-0.00011286454323240491,0.001189652853122425
1,16.832,89.402,2020-01-01 14:03:00+00:00,540.0,9.72692,35.01776,35.18953994517546,9.653671530353298,27.030008328210442,-0.007192000000000043,-0.00011286507256329515,0.0011354786403671823
1,16.832,89.402,2020-01-01 14:03:00+00:00,550.0,9.66652,35.01656,35.18841128915651,9.592369363194626,27.039391736434254,-0.006039999999999957,-0.00011286560189489591,0.0009383408223811784
1,16.832,89.402,2020-01-01 14:03:00+00:00,560.0,9.606119999999999,35.01536,35.18728262784426,9.531075093754124,27.048734670492422,-0.006040000000000134,-0.0001128661312250756,0.0009342934058167885
1,16.832,89.402,2020-01-01 14:03:00+00:00,570.0,9.53956,35.014160000000004,35.1861539612387,9.463657410194234,27.059053123917465,-0.006655999999999907,-0.00011286666055596584,0.0010318453425043118
1,16.832,89.402,2020-01-01 14:03:00+00:00,580.0,9.47036,35.01296,35.18502528933984,9.393621141394815,27.069756089436623,-0.006920000000000037,-0.00011286718988614552,0.001070296551915817
1,16.832,89.402,2020-01-01 14:03:00+00:00,590.0,9.401959999999999,35.01168,35.1838162188247,9.324391831834731,27.080212881887746,-0.006840000000000046,-0.00012090705151379666,0.0010456792451122964
1,16.832,89.402,2020-01-01 14:03:00+00:00,600.0,9.33676,35.01008,35.18228556866578,9.258361919552588,27.08984677244166,-0.0065199999999999035,-0.00015306501589194,0.0009633890553914171
1,16.832,89.402,2020-01-01 14:03:00+00:00,610.0,9.271560000000001,35.008480000000006,35.180757853091485,9.19234057692452,27.099435651652357,-0.0065199999999999035,-0.0001527715574297872,0.0009588879210696178
1,16.832,89.402,2020-01-01 14:03:00+00:00,620.0,9.202720000000001,35.00688,35.17923454245246,9.122706223400339,27.109567800995364,-0.006883999999999979,-0.0001523310639022668,0.0010132149343007768
1,16.832,89.402,2020-01-01 14:03:00+00:00,630.0,9.13232,35.00528,35.17771122408348,9.051529126653234,27.119897740222996,-0.007040000000000113,-0.00015233183689815631,0.0010329939227631257
1,16.832,89.402,2020-01-01 14:03:00+00:00,640.0,9.0632,35.003679999999996,35.17618789798455,8.98163481434656,27.129968082368578,-0.006911999999999985,-0.0001523326098933353,0.0010070342145581889
1,16.832,89.402,2020-01-01 14:03:00+00:00,650.0,8.9992,35.00208,35.17466456415566,8.916842565589445,27.139170746685522,-0.0064000000000000055,-0.0001523333828885143,0.0009202664316944719
1,16.832,89.402,2020-01-01 14:03:00+00:00,660.0,8.9352,35.00048,35.17314122259681,8.85205875240639,27.148327507858085,-0.0064000000000000055,-0.00015233415588511434,0.0009156761172562256
1,16.832,89.402,2020-01-01 14:03:00+00:00,670.0,8.87092,34.99888,35.17161787330801,8.787004909451902,27.15748247404258,-0.006428000000000012,-0.00015233492888029333,0.0009154966184496515
1,16.832,89.402,2020-01-01 14:03:00+00:00,680.0,8.80652,34.99728,35.17009451628925,8.721840217107145,27.166609885339994,-0.006439999999999913,-0.00015233570187618285,0.0009127411297413345
1,16.832,89.402,2020-01-01 14:03:00+00:00,690.0,8.742600000000001,34.99568,35.16857115154053,8.657161321928715,27.175615648587836,-0.006391999999999953,-0.0001523364748713618,0.0009005763247841969
1,16.832,89.402,2020-01-01 14:03:00+00:00,700.0,8.6806,34.99408,35.16704777906185,8.594399868552978,27.18427660016914,-0.006200000000000117,-0.0001523372478679619,0.0008660951581305198
1,16.832,89.402,2020-01-01 14:03:00+00:00,710.0,8.618599999999999,34.99248,35.165522969699275,8.531646555729251,27.192893021729105,-0.006200000000000117,-0.0001524809362578594,0.0008616421559963783
1,16.832,89.402,2020-01-01 14:03:00+00:00,720.0,8.55156,34.9906,35.163713432917795,8.463895989023873,27.20202118166253,-0.0067039999999998654,-0.00018095367814794372,0.0009128159933425195
1,16.832,89.402,2020-01-01 14:03:00+00:00,730.0,8.48236,34.9886,35.161783293600756,8.394009308084499,27.211336010346713,-0.006920000000000037,-0.00019301393170394475,0.000931482868418243
1,16.832,89.402,2020-01-01 14:03:00+00:00,740.0,8.4134,34.9866,35.159853145165826,8.324370414956723,27.22056016202896,-0.0068960000000000575,-0.00019301484349298903,0.0009224151682246884
1,16.832,89.402,2020-01-01 14:03:00+00:00,750.0,8.3454,34.9846,35.157922987613006,8.255694837622363,27.229584688324167,-0.0067999999999999615,-0.0001930157552820333,0.0009024526295206669
1,16.832,89.402,2020-01-01 14:03:00+00:00,760.0,8.2774,34.9826,35.1559928209423,8.187028306996023,27.238556858348602,-0.0067999999999999615,-0.00019301666707036703,0.00089721700244354
1,16.832,89.402,2020-01-01 14:03:00+00:00,770.0,8.20772,34.980599999999995,35.15406264515369,8.116701404302153,27.247729411578803,-0.006967999999999997,-0.00019301757886154293,0.0009172553230200719
1,16.832,89.402,2020-01-01 14:03:00+00:00,780.0,8.137319999999999,34.9786,35.15213246024721,8.04566842449103,27.25695471991685,-0.007040000000000113,-0.00019301849064774502,0.0009225308338045579
1,16.832,89.402,2020-01-01 14:03:00+00:00,790.0,8.06716,34.9766,35.15020226622284,7.974883345033748,27.266088075987227,-0.007015999999999955,-0.00019301940243678927,0.0009133356070378795
1,16.832,89.402,2020-01-01 14:03:00+00:00,800.0,7.99796,34.9746,35.14827206308058,7.905061395802586,27.27502328737569,-0.006919999999999949,-0.00019302031422583355,0.000893521138846154
1,16.832,89.402,2020-01-01 14:03:00+00:00,810.0,7.9287600000000005,34.9726,35.146341358697754,7.835248712870282,27.283903603066392,-0.006919999999999949,-0.00019307043828291625,0.0008880315690703355
1,16.832,89.402,2020-01-01 14:03:00+00:00,820.0,7.86223076923077,34.970653846153844,35.14446279065178,7.76809726434662,27.292378465038155,-0.006652923076923045,-0.00018785680459743048,0.0008474861971762948
1,16.832,89.402,2020-01-01 14:03:00+00:00,830.0,7.796846153846154,34.96873076923077,35.14260740567678,7.702091098351739,27.30065381532654,-0.006538461538461604,-0.00018553849750020391,0.0008275350288386108
1,16.832,89.402,2020-01-01 14:03:00+00:00,840.0,7.731791666666667,34.966791666666666,35.14073590684374,7.636421702385508,27.308819619922133,-0.006505448717948692,-0.0001871498833040164,0.0008165804595591907
1,16.832,89.402,2020-01-01 14:03:00+00:00,850.0,7.669708333333333,34.964708333333334,35.13871945087149,7.573713762687979,27.316394016562526,-0.006208333333333371,-0.00020164559722459784,0.0007574396640393389
1,16.832,89.402,2020-01-01 14:03:00+00:00,860.0,7.6076250000000005,34.962625,35.13670298569462,7.511013907737143,27.32392393017153,-0.006208333333333283,-0.0002016465176872373,0.0007529913609005234
1,16.832,89.402,2020-01-01 14:03:00+00:00,870.0,7.54028,34.96032,35.134463740484264,7.443101581607833,27.331987860414074,-0.006734500000000043,-0.0002239245210354568,0.0008063930242542483
1,16.832,89.402,2020-01-01 14:03:00+00:00,880.0,7.47068,34.95792,35.13212901166767,7.372960974844408,27.340245673173058,-0.006960000000000033,-0.00023347288165922463,0.0008257812758984074
1,16.832,89.402,2020-01-01 14:03:00+00:00,890.0,7.40372,34.955600000000004,35.12987467109542,7.305449110698735,27.348136985785686,-0.006695999999999991,-0.00022543405722501574,0.0007891312612628099
1,16.832,89.402,2020-01-01 14:03:00+00:00,900.0,7.34732,34.9536,35.12794191637208,7.248423106200052,27.354740930738444,-0.005640000000000001,-0.00019327547233416453,0.0006603944952757957
1,16.832,89.402,2020-01-01 14:03:00+00:00,910.0,7.29092,34.9516,35.12600874341322,7.191404287821494,27.361307396477514,-0.005640000000000001,-0.00019331729588571988,0.0006566465739069827
1,16.832,89.402,2020-01-01 14:03:00+00:00,920.0,7.23928,34.94988,35.12435327507204,7.1391123672611645,27.367389483484885,-0.005163999999999991,-0.00016554683411840188,0.0006082087007371229
1,16.832,89.402,2020-01-01 14:03:00+00:00,930.0,7.18968,34.948280000000004,35.122818398837396,7.0888494470810945,27.373250944692927,-0.004959999999999987,-0.00015348762346434341,0.0005861461208041874
1,16.832,89.402,2020-01-01 14:03:00+00:00,940.0,7.1394400000000005,34.946600000000004,35.12120311620574,7.037958857344742,27.37910905304284,-0.005023999999999962,-0.00016152826316542245,0.0005858108349912072
1,16.832,89.402,2020-01-01 14:03:00+00:00,950.0,7.08664,34.9446,35.11926622706493,6.984539474093993,27.38503843587432,-0.00528000000000004,-0.00019368891408149124,0.0005929382831482144
1,16.832,89.402,2020-01-01 14:03:00+00:00,960.0,7.03384,34.9426,35.11732932955617,6.931126691951901,27.390934938135842,-0.00528000000000004,-0.00019368975087559194,0.0005896502261521164
1,16.832,89.402,2020-01-01 14:03:00+00:00,970.0,6.97628,34.940599999999996,35.115392423679516,6.8729982636899685,27.397449433617794,-0.005755999999999961,-0.00019369058766542934,0.0006514495481951599
1,16.832,89.402,2020-01-01 14:03:00+00:00,980.0,6.9166799999999995,34.9386,35.113455509434935,6.812853555049134,27.404202567384573,-0.005960000000000054,-0.00019369142445810895,0.0006753133766778773
1,16.832,89.402,2020-01-01 14:03:00+00:00,990.0,6.857,34.936519999999994,35.11143818628295,6.752638453084454,27.41086176688259,-0.005967999999999929,-0.00020173231519819977,0.0006659199498017188
1,16.832,89.402,2020-01-01 14:03:00+00:00,1000.0,6.797,34.93412,35.10909925160109,6.692118665922144,27.417269789503052,-0.0060000000000000496,-0.00023389346818660783,0.0006408022620462362
1,16.832,89.402,2020-01-01 14:03:00+00:00,1010.0,6.737,34.93172,35.10676030687768,6.631606601438532,27.42363538370546,-0.005999999999999961,-0.00023389447234052342,0.000636559420240701
1,16.832,89.402,2020-01-01 14:03:00+00:00,1020.0,6.67644,34.9296,35.10469641804518,6.570542703633474,27.430249139931675,-0.006055999999999973,-0.0002063888832502414,0.0006613756226215628
1,16.832,89.402,2020-01-01 14:03:00+00:00,1030.0,6.61564,34.9276,35.102753122881786,6.509246836322581,27.436946227942826,-0.006080000000000041,-0.00019432951633930885,0.0006697088011151208
1,16.832,89.402,2020-01-01 14:03:00+00:00,1040.0,6.555400000000001,34.92552,35.10072941874353,6.4485153431354165,27.443462721493006,-0.006023999999999941,-0.00020237041382529242,0.0006516493550179803
1,16.832,89.402,2020-01-01 14:03:00+00:00,1050.0,6.4974,34.923120000000004,35.09838410071524,6.390017303777524,27.44938967268581,-0.005800000000000072,-0.00023453180282899665,0.0005926951192805063
1,16.832,89.402,2020-01-01 14:03:00+00:00,1060.0,6.4394,34.92072,35.096038773516376,6.331526668149085,27.455276652342718,-0.005799999999999983,-0.0002345327198867153,0.0005886979656906987
1,16.832,89.402,2020-01-01 14:03:00+00:00,1070.0,6.38812,34.91888,35.09425624968557,6.279696163184036,27.460692532812573,-0.005128000000000021,-0.0001782523830804905,0.0005415880469854528
1,16.832,89.402,2020-01-01 14:03:00+00:00,1080.0,6.33972,34.91728,35.09271492465622,6.230722988272988,27.46589379139982,-0.00484,-0.00015413250293505598,0.0005201258587248958
1,16.832,89.402,2020-01-01 14:03:00+00:00,1090.0,6.29268,34.915679999999995,35.09117359351315,6.183103637258319,27.47089164534873,-0.004703999999999997,-0.0001541331143073421,0.0004997853948907505
1,16.832,89.402,2020-01-01 14:03:00+00:00,1100.0,6.25108,34.91408,35.089632256256365,6.140881104048029,27.475164421080535,-0.004159999999999986,-0.00015413372567820715,0.00042727757318061776
1,16.832,89.402,2020-01-01 14:03:00+00:00,1110.0,6.20948,34.91248,35.08809091288587,6.098663428808688,27.479416156799516,-0.004159999999999986,-0.00015413433704978275,0.00042517357189808536
1,16.832,89.402,2020-01-01 14:03:00+00:00,1120.0,6.1598461538461535,34.91065384615384,35.086323331432695,6.048493613349997,27.484492475283332,-0.0049633846153846585,-0.0001767581453172795,0.0005076318483816066
1,16.832,89.402,2020-01-01 14:03:00+00:00,1130.0,6.106769230769231,34.908730769230765,35.0844584496683,5.99492005462857,27.48989907482178,-0.0053076923076922355,-0.00018648817643978076,0.0005406599538446244
1,16.832,89.402,2020-01-01 14:03:00+00:00,1140.0,6.0536666666666665,34.90679166666666,35.08257745408198,5.941327995898498,27.495262427467196,-0.005310256410256464,-0.00018809955863190452,0.0005363352645417763
1,16.832,89.402,2020-01-01 14:03:00+00:00,1150.0,6.000333333333334,34.90470833333333,35.08055149357948,5.887516127787815,27.50050679706783,-0.0053333333333332785,-0.0002025960502500368,0.0005244369600632126
1,16.832,89.402,2020-01-01 14:03:00+00:00,1160.0,5.947,34.902625,35.078525524975845,5.833710950089953,27.505716927723597,-0.005333333333333368,-0.00020259686036325775,0.0005210130655768808
1,16.832,89.402,2020-01-01 14:03:00+00:00,1170.0,5.88732,34.90032,35.07627676402872,5.773629686751777,27.511505908561958,-0.0059680000000000176,-0.0002248760947125561,0.0005788980838360658
1,16.832,89.402,2020-01-01 14:03:00+00:00,1180.0,5.8249200000000005,34.89792,35.07393251497279,5.710863733557772,27.517512906922548,-0.006239999999999935,-0.00023442490559304473,0.0006006998360589932
1,16.832,89.402,2020-01-01 14:03:00+00:00,1190.0,5.76564,34.89568,35.0717490638777,5.651193277883358,27.523216843864247,-0.005928000000000022,-0.00021834510950924368,0.0005703936941699794
1,16.832,89.402,2020-01-01 14:03:00+00:00,1200.0,5.71884,34.89408,35.07020883448999,5.603878886019055,27.52786047929294,-0.0046800000000000175,-0.00015402293877073703,0.0004643635428692505
1,16.832,89.402,2020-01-01 14:03:00+00:00,1210.0,5.67204,34.892480000000006,35.06866859888061,5.556570181083653,27.53247746811485,-0.0046800000000000175,-0.0001540235609375884,0.00046169888219083077
1,16.832,89.402,2020-01-01 14:03:00+00:00,1220.0,5.6288800000000005,34.89088,35.06712371475222,5.512870956235687,27.536623091039246,-0.004315999999999942,-0.00015448841283927095,0.0004145622924397685
1,16.832,89.402,2020-01-01 14:03:00+00:00,1230.0,5.587280000000001,34.88928,35.065576835363146,5.470721192414367,27.5405560376862,-0.004159999999999986,-0.0001546879389074718,0.00039329466469553156
1,16.832,89.402,2020-01-01 14:03:00+00:00,1240.0,5.54568,34.887679999999996,35.06402995036064,5.428576281231409,27.544467687057477,-0.004160000000000075,-0.0001546885002504439,0.00039116493712754163
1,16.832,89.402,2020-01-01 14:03:00+00:00,1250.0,5.50408,34.88608,35.062483059744714,5.386436222093559,27.548358022933144,-0.004159999999999986,-0.00015468906159270545,0.0003890335875667006
1,16.832,89.402,2020-01-01 14:03:00+00:00,1260.0,5.46248,34.88448,35.06093616351536,5.34430101442028,27.55222702904757,-0.004159999999999986,-0.00015468962293567755,0.0003869006114427975
1,16.832,89.402,2020-01-01 14:03:00+00:00,1270.0,5.41892,34.8826,35.05910784485741,5.300234919150295,27.556085494477202,-0.0043560000000000265,-0.00018283186579495236,0.00038584654296300867
1,16.832,89.402,2020-01-01 14:03:00+00:00,1280.0,5.37452,34.8806,35.05715891218667,5.255344421715188,27.55992472422713,-0.004439999999999955,-0.00019489326707358145,0.00038392297499285634
1,16.832,89.402,2020-01-01 14:03:00+00:00,1290.0,5.3306000000000004,34.878679999999996,35.05529037758416,5.210933013633155,27.563746563678933,-0.004391999999999996,-0.0001868534602515126,0.0003821839451802589
1,16.832,89.402,2020-01-01 14:03:00+00:00,1300.0,5.288600000000001,34.87708,35.053743457146886,5.168421969351141,27.567573339426872,-0.0041999999999999815,-0.00015469204372706714,0.0003826775747938882
1,16.832,89.402,2020-01-01 14:03:00+00:00,1310.0,5.2466,34.87548,35.05219653109618,5.1259158379242535,27.571378302601488,-0.00420000000000007,-0.00015469260507074977,0.0003804963174616205
1,16.832,89.402,2020-01-01 14:03:00+00:00,1320.0,5.2032,34.87388,35.050651359045276,5.082029660968623,27.575325431656665,-0.0043400000000000105,-0.00015451720509034316,0.00039471290551773563
1,16.832,89.402,2020-01-01 14:03:00+00:00,1330.0,5.159199999999999,34.87228,35.04910735424115,5.037555109646603,27.5793195893159,-0.004400000000000048,-0.00015440048041241993,0.00039941576592354976
1,16.832,89.402,2020-01-01 14:03:00+00:00,1340.0,5.116639999999999,34.87068,35.047563343554486,4.994510062453296,27.58312408795905,-0.004255999999999993,-0.00015440106866648762,0.00038044986431486907
1,16.832,89.402,2020-01-01 14:03:00+00:00,1350.0,5.07984,34.86908,35.04601932698531,4.957166645721327,27.58624583961796,-0.00367999999999995,-0.00015440165691771313,0.00031217516589094886
1,16.832,89.402,2020-01-01 14:03:00+00:00,1360.0,5.04304,34.86748,35.04447530453359,4.919827315008249,27.589350599322188,-0.00367999999999995,-0.00015440224517178082,0.00031047597042288544
1,16.832,89.402,2020-01-01 14:03:00+00:00,1370.0,5.00708,34.86616,35.04321269805812,4.883318861002735,27.592564953691635,-0.0035960000000000215,-0.0001262606475471273,0.0003214354369447392
1,16.832,89.402,2020-01-01 14:03:00+00:00,1380.0,4.97148,34.864959999999996,35.04207069631819,4.847168693258402,27.59581750487041,-0.003560000000000052,-0.0001142001739928844,0.00032525511787753205
1,16.832,89.402,2020-01-01 14:03:00+00:00,1390.0,4.933319999999999,34.8636,35.04076787708739,4.808493598294127,27.59921624415597,-0.0038160000000000416,-0.00013028192308013332,0.00033987392855578947
1,16.832,89.402,2020-01-01 14:03:00+00:00,1400.0,4.88492,34.8616,35.038821799364015,4.759708218883502,27.60323959451921,-0.004839999999999911,-0.00019460777233746285,0.0004023350363240752
1,16.832,89.402,2020-01-01 14:03:00+00:00,1410.0,4.83652,34.8596,35.03687571428746,4.710928745208248,27.607233952741126,-0.00484,-0.00019460850765540272,0.00039943582219166275
1,16.832,89.402,2020-01-01 14:03:00+00:00,1420.0,4.78588,34.8576,35.0349299863582,4.659941070824222,27.611448579689977,-0.005064000000000046,-0.00019457279292609542,0.0004214626948851219
1,16.832,89.402,2020-01-01 14:03:00+00:00,1430.0,4.73428,34.8556,35.03298479775326,4.6080108415486665,27.61573805553644,-0.005159999999999965,-0.0001945188604942416,0.00042894758464626646
1,16.832,89.402,2020-01-01 14:03:00+00:00,1440.0,4.68364,34.85368,35.03112000897038,4.557034718976805,27.619952651557924,-0.005064000000000046,-0.00018647887828748821,0.0004214596021483885
1,16.832,89.402,2020-01-01 14:03:00+00:00,1450.0,4.636839999999999,34.85208,35.02957684274403,4.509855275866336,27.623969864744595,-0.0046800000000000175,-0.0001543166226355197,0.00040172131866711425
1,16.832,89.402,2020-01-01 14:03:00+00:00,1460.0,4.590039999999999,34.850480000000005,35.02803367055149,4.462681520450195,27.627959872150996,-0.0046800000000000175,-0.00015431721925409647,0.0003990007406400764
1,16.832,89.402,2020-01-01 14:03:00+00:00,1470.0,4.540719999999999,34.8486,35.02620906534723,4.413027323711547,27.631972852224408,-0.004931999999999981,-0.00018246052042556471,0.0004012980073412109
1,16.832,89.402,2020-01-01 14:03:00+00:00,1480.0,4.49032,34.8466,35.02426384131805,4.362313799866559,27.635976428751064,-0.005039999999999978,-0.0001945224029178405,0.0004003576526656616
1,16.832,89.402,2020-01-01 14:03:00+00:00,1490.0,4.441120000000001,34.8446,35.02231860983113,4.312791951756268,27.639819997593577,-0.004919999999999902,-0.0001945231486921273,0.0003843568842512468
1,16.832,89.402,2020-01-01 14:03:00+00:00,1500.0,4.39672,34.842600000000004,35.02037337088649,4.268017497286495,27.643122413308447,-0.004440000000000044,-0.00019452389446428242,0.00033024157148702215
1,16.832,89.402,2020-01-01 14:03:00+00:00,1510.0,4.352320000000001,34.8406,35.01842812448412,4.223248304419196,27.646400037451485,-0.004439999999999955,-0.0001945246402371481,0.0003277624143038338
1,16.832,89.402,2020-01-01 14:03:00+00:00,1520.0,4.31296,34.83916000000001,35.0170382212323,4.183454812005518,27.64956093973683,-0.003936000000000028,-0.00013899032518196463,0.0003160902285344491
1,16.832,89.402,2020-01-01 14:03:00+00:00,1530.0,4.27576,34.83796,35.01587201929095,4.145796023398846,27.652652518707782,-0.0037200000000000345,-0.00011662019413449798,0.0003091578970952469
1,16.832,89.402,2020-01-01 14:03:00+00:00,1540.0,4.23824,34.83668,35.014625405959976,4.107826445537331,27.655696376043124,-0.0037519999999999776,-0.00012466133309771977,0.0003043857335342182
1,16.832,89.402,2020-01-01 14:03:00+00:00,1550.0,4.19944,34.83508,35.013057154771744,4.068601348151576,27.65860099251495,-0.0038800000000000167,-0.0001568251188231784,0.0002904616471823829
1,16.832,89.402,2020-01-01 14:03:00+00:00,1560.0,4.16064,34.83348,35.01148889991626,4.029380641675994,27.661486483384806,-0.0038800000000000167,-0.00015682548554849519,0.00028854908698576763
1,16.832,89.402,2020-01-01 14:03:00+00:00,1570.0,4.11764,34.8316,35.009639210193725,3.9860215797212444,27.664563025180996,-0.004300000000000015,-0.00018496897225332986,0.0003076541796190213
1,16.832,89.402,2020-01-01 14:03:00+00:00,1580.0,4.07284,34.8296,35.0076689026533,3.9408922393930177,27.66770521333933,-0.004479999999999951,-0.00019703075404251536,0.0003142188158335557
1,16.832,89.402,2020-01-01 14:03:00+00:00,1590.0,4.0277199999999995,34.827600000000004,35.00569859052881,3.895452365282069,27.670854647926035,-0.0045120000000000715,-0.00019703121244916134,0.0003149434586703137
1,16.832,89.402,2020-01-01 14:03:00+00:00,1600.0,3.9813199999999997,34.8256,35.00372827382025,3.8487545394523788,27.67410814574987,-0.0046399999999999775,-0.0001970316708558073,0.000325349782383455
1,16.832,89.402,2020-01-01 14:03:00+00:00,1610.0,3.93492,34.8236,35.001757952527605,3.802062300478636,27.67733442672943,-0.0046399999999999775,-0.0001970321292645849,0.00032262809795611245
1,16.832,89.402,2020-01-01 14:03:00+00:00,1620.0,3.89104,34.82188,35.000069059455136,3.757858900898772,27.680503732365423,-0.004388000000000014,-0.0001688893072469,0.0003169305635992714
1,16.832,89.402,2020-01-01 14:03:00+00:00,1630.0,3.84824,34.820280000000004,34.99850077663684,3.7147248709888623,27.683636449106643,-0.004279999999999973,-0.00015682828182974617,0.00031327167412200654
1,16.832,89.402,2020-01-01 14:03:00+00:00,1640.0,3.80528,34.81868,34.99693249015128,3.6714380135134004,27.686761785827912,-0.004295999999999989,-0.0001568286485557735,0.0003125336721268468
1,16.832,89.402,2020-01-01 14:03:00+00:00,1650.0,3.76168,34.81708,34.995364199998455,3.627524815676073,27.689926862756693,-0.004360000000000008,-0.00015682901528251135,0.00031650769287807636
1,16.832,89.402,2020-01-01 14:03:00+00:00,1660.0,3.71808,34.81548,34.9937959061784,3.5836167852514746,27.693067788570488,-0.004360000000000008,-0.0001568293820056965,0.00031409258137955477
1,16.832,89.402,2020-01-01 14:03:00+00:00,1670.0,3.67252,34.8136,34.99194617428243,3.5377840247022148,27.69615274190687,-0.0045560000000000045,-0.00018497318959660448,0.0003084953336383478
1,16.832,89.402,2020-01-01 14:03:00+00:00,1680.0,3.62612,34.8116,34.98997582319336,3.491129692754859,27.699197156595346,-0.004640000000000022,-0.00019703510890707322,0.0003044414688474717
1,16.832,89.402,2020-01-01 14:03:00+00:00,1690.0,3.58028,34.8096,34.98800546752022,3.4450332460517687,27.70216011528578,-0.004583999999999966,-0.00019703556731442973,0.000296295869043206
1,16.832,89.402,2020-01-01 14:03:00+00:00,1700.0,3.53668,34.8076,34.98603510726301,3.401151289761533,27.70488133262711,-0.004360000000000008,-0.0001970360257210757,0.00027212173413317944
1,16.832,89.402,2020-01-01 14:03:00+00:00,1710.0,3.49308,34.8056,34.98406474242173,3.3572744673129846,27.707578191301536,-0.004360000000000008,-0.00019703648412772168,0.00026968586744260394
1,16.832,89.402,2020-01-01 14:03:00+00:00,1720.0,3.44892,34.80388,34.982375809009454,3.3128472360320234,27.71052717475436,-0.0044159999999999755,-0.0001688933412275162,0.00029489834528249046
1,16.832,89.402,2020-01-01 14:03:00+00:00,1730.0,3.40452,34.80228,34.98080748722657,3.268187191923478,27.71356960168373,-0.0044399999999999995,-0.00015683217828836858,0.0003042426929368958
1,16.832,89.402,2020-01-01 14:03:00+00:00,1740.0,3.3607600000000004,34.8006,34.97915875130362,3.224164340681742,27.716462965937126,-0.00437599999999998,-0.00016487359229486743,0.00028933642533957027
1,16.832,89.402,2020-01-01 14:03:00+00:00,1750.0,3.31956,34.7986,34.97718836927209,3.1826740179419546,27.718837629420477,-0.004120000000000035,-0.00019703820315299935,0.0002374663483351469
1,16.832,89.402,2020-01-01 14:03:00+00:00,1760.0,3.27836,34.7966,34.97521798265649,3.141188439886356,27.721190353512384,-0.00411999999999999,-0.0001970386615603559,0.0002352724091906566
1,16.832,89.402,2020-01-01 14:03:00+00:00,1770.0,3.24192,34.79516,34.97381046669181,3.104392334636587,27.72352890839238,-0.003644000000000025,-0.00014075159646793623,0.00023385548799979006
1,16.832,89.402,2020-01-01 14:03:00+00:00,1780.0,3.20752,34.79396,34.972634504382825,3.0696079465116544,27.725846739510644,-0.0034399999999999765,-0.0001175962308984424,0.00023178311182618926
1,16.832,89.402,2020-01-01 14:03:00+00:00,1790.0,3.1734400000000003,34.79268,34.97137705408115,3.035143558434286,27.728055169372965,-0.0034079999999999887,-0.00012574503016722361,0.00022084298623212817
1,16.832,89.402,2020-01-01 14:03:00+00:00,1800.0,3.14064,34.79108,34.969797957831794,3.001947835129049,27.72987636514199,-0.0032800000000000385,-0.00015790962493582582,0.00018211957690255075
1,16.832,89.402,2020-01-01 14:03:00+00:00,1810.0,3.10784,34.789480000000005,34.968218858903924,2.968755536153795,27.73168341533551,-0.003279999999999994,-0.0001579098927869893,0.0001807050193519899
1,16.832,89.402,2020-01-01 14:03:00+00:00,1820.0,3.07728,34.788160000000005,34.96692119609552,2.937770196152028,27.73349785613027,-0.003055999999999992,-0.00012976628084047093,0.00018144407947602305
1,16.832,89.402,2020-01-01 14:03:00+00:00,1830.0,3.04768,34.78696,34.9657441478055,2.9077322410717437,27.73530957126718,-0.0029599999999999848,-0.00011770482900175239,0.00018117151369096974
1,16.832,89.402,2020-01-01 14:03:00+00:00,1840.0,3.01808,34.78576,34.96456709750658,2.8776972252039337,27.737109709344622,-0.0029600000000000294,-0.00011770502989207898,0.00018001380774421705
1,16.832,89.402,2020-01-01 14:03:00+00:00,1850.0,2.98848,34.78456,34.963390045198786,2.847665147537295,27.738898263859937,-0.0029599999999999848,-0.00011770523077956341,0.00017885545153148997
1,16.832,89.402,2020-01-01 14:03:00+00:00,1860.0,2.95888,34.78336,34.96221299088209,2.81763600706587,27.74067522829523,-0.0029599999999999848,-0.00011770543166989,0.00017769644352938485
1,16.832,89.402,2020-01-01 14:03:00+00:00,1870.0,2.93264,34.782160000000005,34.96103593455652,2.7909187163127216,27.74214360508813,-0.002624000000000004,-0.00011770563255666388,0.0001468376792900017
1,16.832,89.402,2020-01-01 14:03:00+00:00,1880.0,2.90784,34.78096,34.95985887622204,2.765621831111357,27.743475926357178,-0.0024799999999999935,-0.00011770583344770103,0.0001332321269046588
1,16.832,89.402,2020-01-01 14:03:00+00:00,1890.0,2.88328,34.77984,34.958762227432565,2.740562520494169,27.74484285066842,-0.0024560000000000137,-0.00010966487894776833,0.0001366924311241746
1,16.832,89.402,2020-01-01 14:03:00+00:00,1900.0,2.85968,34.77904,34.9579872232515,2.716446845404727,27.746373499243873,-0.0023600000000000066,-7.750041810652419e-05,0.0001530648575453597
1,16.832,89.402,2020-01-01 14:03:00+00:00,1910.0,2.83608,34.77824,34.95721221773118,2.6923331840712668,27.74789666341985,-0.0023600000000000066,-7.750055203175066e-05,0.00015231641759783088
1,16.832,89.402,2020-01-01 14:03:00+00:00,1920.0,2.81192,34.77716,34.95615576972992,2.6676734915644684,27.749237110002014,-0.0024159999999999737,-0.00010564480012646982,0.0001340446582162258
1,16.832,89.402,2020-01-01 14:03:00+00:00,1930.0,2.7875199999999998,34.77596,34.95497870218802,2.6427810270694954,27.750494500261084,-0.002440000000000042,-0.00011770675418958376,0.00012573902590702347
1,16.832,89.402,2020-01-01 14:03:00+00:00,1940.0,2.76408,34.77484,34.953882044525955,2.618834649573191,27.75172503234444,-0.0023439999999999906,-0.00010966576620674573,0.0001230532083354774
1,16.832,89.402,2020-01-01 14:03:00+00:00,1950.0,2.74448,34.77404,34.95310703281156,2.5986658292404403,27.752873930028954,-0.001960000000000006,-7.750117143956459e-05,0.00011488976845157595
1,16.832,89.402,2020-01-01 14:03:00+00:00,1960.0,2.7248799999999997,34.77324,34.952332019757904,2.5784984049530957,27.754017562361923,-0.001960000000000006,-7.750130536550159e-05,0.00011436323329689912
1,16.832,89.402,2020-01-01 14:03:00+00:00,1970.0,2.70892,34.77244,34.95155700536499,2.5619142463779845,27.7548447027948,-0.0015959999999999753,-7.75014392914386e-05,8.271404328752396e-05
1,16.832,89.402,2020-01-01 14:03:00+00:00,1980.0,2.69452,34.771640000000005,34.950781989632816,2.5468659075857674,27.75553517322851,-0.001440000000000019,-7.750157321737561e-05,6.904704337102885e-05
2,13.823,87.733,2020-01-02 14:08:00+00:00,10.0,28.211,33.701,33.860269957341835,28.268904177652605,21.35111142435676,,,
2,13.823,87.733,2020-01-02 14:08:00+00:00,20.0,28.201,33.6995,33.858780625383076,28.256559098418776,21.354043400832325,-0.000999999999999801,-0.0001489331958758555,0.00029319764755655344
2,13.823,87.733,2020-01-02 14:08:00+00:00,30.0,28.1715,33.698,33.85731095287665,28.224644319076273,21.363365343599185,-0.002949999999999875,-0.0001469672506424047,0.0009321942766860047
2,13.823,87.733,2020-01-02 14:08:00+00:00,40.0,28.151,33.697500000000005,33.856861914634095,28.20172247500043,21.370501109730867,-0.002050000000000196,-4.490382425572648e-05,0.000713576613168243
2,13.823,87.733,2020-01-02 14:08:00+00:00,50.0,28.149,33.698499999999996,33.85803217192981,28.197299958901585,21.372800198013806,-0.00019999999999988915,0.00011702572957119627,0.00022990882829390102
2,13.823,87.733,2020-01-02 14:08:00+00:00,60.0,28.067,33.8435,34.00390190943352,28.106659569107148,21.509399579578144,-0.008200000000000074,0.014586973750371612,0.013659938156433783
2,13.823,87.733,2020-01-02 14:08:00+00:00,70.0,27.158272727272728,34.288000000000004,34.45069432552661,27.17488430255191,22.138087945542907,-0.09087272727272726,0.04467924160930892,0.06286883659647628
2,13.823,87.733,2020-01-02 14:08:00+00:00,80.0,25.575666666666667,34.715555555555554,34.88050388541335,25.56990235076214,22.958294859784928,-0.15826060606060607,0.042980955988673485,0.08202069142420214
2,13.823,87.733,2020-01-02 14:08:00+00:00,90.0,24.2915,34.8425,35.008333704385194,24.276865139874538,23.444648354003107,-0.12841666666666676,0.012782981897184697,0.04863534942181787
2,13.823,87.733,2020-01-02 14:08:00+00:00,100.0,23.3595,34.9225,35.08899732186812,23.338784933439673,23.78074019368387,-0.09319999999999987,0.00806636174829265,0.033609183968076196
2,13.823,87.733,2020-01-02 14:08:00+00:00,110.0,22.313000000000002,34.916,35.08272598832497,22.289529290077887,24.076761549241155,-0.10464999999999983,-0.0006271333543153901,0.02960213555572864
2,13.823,87.733,2020-01-02 14:08:00+00:00,120.0,20.9285,34.847,35.01365308528216,20.904412367696697,24.408316226605166,-0.13845000000000027,-0.006907290304280877,0.03315546773640108
2,13.823,87.733,2020-01-02 14:08:00+00:00,130.0,19.743499999999997,34.83,34.99680879980854,19.717493309513664,24.71128064507434,-0.11850000000000023,-0.001684428547361705,0.030296441846917332
2,13.823,87.733,2020-01-02 14:08:00+00:00,140.0,18.744999999999997,34.849000000000004,35.01610777143603,18.716349624226808,24.98274008214389,-0.09985,0.0019298971627492278,0.027145943706955222
2,13.823,87.733,2020-01-02 14:08:00+00:00,150.0,17.741,34.8715,35.03892377391709,17.70994334464998,25.24959243664648,-0.10039999999999978,0.002281600248105775,0.026685235450258915
2,13.823,87.733,2020-01-02 14:08:00+00:00,160.0,17.01709090909091,34.888909090909095,35.05659199949919,16.984022117417346,25.437550635436764,-0.07239090909090891,0.001766822558209924,0.018795819879028387
2,13.823,87.733,2020-01-02 14:08:00+00:00,170.0,16.3396,34.9044,35.072329358739026,16.304759836921836,25.608639429948425,-0.06774909090909098,0.0015737359239835769,0.017108879451166105
2,13.823,87.733,2020-01-02 14:08:00+00:00,180.0,15.506,34.9254,35.09359131471206,15.469554707924303,25.8148341134563,-0.08336000000000006,0.0021261955973031375,0.02061946835078743
2,13.823,87.733,2020-01-02 14:08:00+00:00,190.0,14.853,34.944,35.112425118105165,14.81510554349616,25.97367017315264,-0.06530000000000005,0.0018833803393107473,0.015883605969634118
2,13.823,87.733,2020-01-02 14:08:00+00:00,200.0,14.268777777777778,34.95677777777778,35.12540876650294,14.229687089243386,26.10949692672898,-0.05842222222222215,0.0012983648397778325,0.013582675357633888
2,13.823,87.733,2020-01-02 14:08:00+00:00,210.0,13.693222222222222,34.96622222222222,35.13499162443491,13.653159812394401,26.237713014010296,-0.05755555555555567,0.0009582857931967226,0.01282160872813165
2,13.823,87.733,2020-01-02 14:08:00+00:00,220.0,13.28125,34.97625,35.14514781203397,13.240107451483237,26.330177763044958,-0.04119722222222215,0.0010156187599058343,0.00924647490346615
2,13.823,87.733,2020-01-02 14:08:00+00:00,230.0,12.978333333333333,34.986666666666665,35.155694813205905,12.93602060276949,26.39957652207181,-0.03029166666666665,0.0010547001171936187,0.006939875902685344
2,13.823,87.733,2020-01-02 14:08:00+00:00,240.0,12.693200000000001,34.9966,35.16575619250805,12.649761634924005,26.464211708734638,-0.02851333333333326,0.001006137930214379,0.006463518666282653
2,13.823,87.733,2020-01-02 14:08:00+00:00,250.0,12.4792,35.004599999999996,35.17387493472629,12.434605667414086,26.51270829824898,-0.02140000000000004,0.0008118742218243824,0.004849658951434322
2,13.823,87.733,2020-01-02 14:08:00+00:00,260.0,12.2652,35.0126,35.181987115387635,12.219490853946649,26.560751529633535,-0.02140000000000004,0.0008112180661342449,0.004804323138455402
2,13.823,87.733,2020-01-02 14:08:00+00:00,270.0,12.076166666666667,35.017625,35.18710828088998,12.029395904677427,26.60126492362133,-0.018903333333333272,0.0005121165502345093,0.0040513393987794185
2,13.823,87.733,2020-01-02 14:08:00+00:00,280.0,11.897833333333333,35.021375,35.19094829347207,11.850038737458652,26.638407306162435,-0.017833333333333458,0.00038400125820885477,0.003714238254110569
2,13.823,87.733,2020-01-02 14:08:00+00:00,290.0,11.732153846153846,35.024115384615385,35.19377381543581,11.683358887145111,26.672072471536467,-0.01656794871794869,0.0002825521963742972,0.0033665165374031857
2,13.823,87.733,2020-01-02 14:08:00+00:00,300.0,11.596,35.0245,35.19423216312634,11.54621161298093,26.698132155228677,-0.013615384615384585,4.583476905253292e-05,0.0026059683692210454
2,13.823,87.733,2020-01-02 14:08:00+00:00,310.0,11.459846153846154,35.024884615384615,35.19469538222851,11.409085667709174,26.724006068852532,-0.013615384615384585,4.6321910217272945e-05,0.0025873913623854607
2,13.823,87.733,2020-01-02 14:08:00+00:00,320.0,11.336680000000001,35.025,35.194890153426584,11.28494092197958,26.747097062508374,-0.012316615384615304,1.9477119807476128e-05,0.0023090993655841886
2,13.823,87.733,2020-01-02 14:08:00+00:00,330.0,11.21908,35.025,35.19496898059131,11.166368807999273,26.76892600731935,-0.011760000000000126,7.882716472806805e-06,0.0021828944810977193
2,13.823,87.733,2020-01-02 14:08:00+00:00,340.0,11.1082,35.025079999999996,35.19512819615931,11.054514437895884,26.789455304884996,-0.011087999999999987,1.5921556799725066e-05,0.002052929756564481
2,13.823,87.733,2020-01-02 14:08:00+00:00,350.0,11.0242,35.02548,35.19560896642069,10.969473797895258,26.805257266287526,-0.008399999999999963,4.807702613831566e-05,0.001580196140253065
2,13.823,87.733,2020-01-02 14:08:00+00:00,360.0,10.940199999999999,35.02588,35.19609666598703,10.88444508707673,26.82099026146784,-0.00840000000000014,4.876995663352091e-05,0.00157329951803149
2,13.823,87.733,2020-01-02 14:08:00+00:00,370.0,10.84948,35.026,35.19630597504001,10.792734298549686,26.83763416585657,-0.009071999999999924,2.0930905298399692e-05,0.0016643904388729425
2,13.823,87.733,2020-01-02 14:08:00+00:00,380.0,10.75588,35.026,35.19639470092421,10.69816803720869,26.854609768410683,-0.009360000000000035,8.872588419706063e-06,0.0016975602554111901
2,13.823,87.733,2020-01-02 14:08:00+00:00,390.0,10.664538461538461,35.02638461538462,35.196869914246605,10.605859036328784,26.87139351785686,-0.009134153846153837,4.752133223959731e-05,0.0016783749446176444
2,13.823,87.733,2020-01-02 14:08:00+00:00,400.0,10.582230769230769,35.02830769230769,35.198891083167496,10.522537130171013,26.887699693525292,-0.008230769230769219,0.0002021168920890659,0.0016306175668432843
2,13.823,87.733,2020-01-02 14:08:00+00:00,410.0,10.499923076923077,35.03023076923077,35.200901201053114,10.43922753210947,26.903925866344935,-0.008230769230769219,0.00020101178856180013,0.001622617281964267
2,13.823,87.733,2020-01-02 14:08:00+00:00,420.0,10.41675,35.02975,35.200488390477695,10.355114964242064,26.918350132367777,-0.008317307692307629,-4.12810575419087e-05,0.0014424266022842857
2,13.823,87.733,2020-01-02 14:08:00+00:00,430.0,10.333,35.02766666666667,35.198465199601344,10.270470597259937,26.931549815351218,-0.008375000000000021,-0.0002023190876350611,0.0013199682983440653
2,13.823,87.733,2020-01-02 14:08:00+00:00,440.0,10.25056,35.025600000000004,35.19645874833146,10.187142734957206,26.944460812906527,-0.008244000000000007,-0.00020064512698851899,0.0012910997555309223
2,13.823,87.733,2020-01-02 14:08:00+00:00,450.0,10.17336,35.0236,35.19451928077423,10.10904554333046,26.956450769496314,-0.007719999999999949,-0.00019394675572286245,0.0011989956589786744
2,13.823,87.733,2020-01-02 14:08:00+00:00,460.0,10.096160000000001,35.0216,35.19257980518942,10.030958859165324,26.96837591242047,-0.007719999999999949,-0.00019394755848125555,0.0011925142924155807
2,13.823,87.733,2020-01-02 14:08:00+00:00,470.0,10.02512,35.02044,35.19148442424726,9.959002764124723,26.97984443551195,-0.007104000000000177,-0.0001095380942160773,0.0011468523091480165
2,13.823,87.733,2020-01-02 14:08:00+00:00,480.0,9.956719999999999,35.01964,35.19075079765883,9.889679009710694,26.991091941203422,-0.006840000000000046,-7.336265884276827e-05,0.0011247505691471815
2,13.823,87.733,2020-01-02 14:08:00+00:00,490.0,9.888,35.01876,35.18993677680775,9.820047330363177,27.002279806719116,-0.006871999999999901,-8.140208510809543e-05,0.0011187865515694285
2,13.823,87.733,2020-01-02 14:08:00+00:00,500.0,9.818,35.017559999999996,35.18880118757594,9.749156282718163,27.01338089264459,-0.007000000000000029,-0.00011355892318078986,0.0011101085925474762
2,13.823,87.733,2020-01-02 14:08:00+00:00,510.0,9.748,35.01636,35.187668326390735,9.67827465093771,27.024430398921595,-0.007000000000000029,-0.00011328611852050585,0.0011049506277004185
2,13.823,87.733,2020-01-02 14:08:00+00:00,520.0,9.68612,35.01516,35.18653819297115,9.615487701396127,27.034076331464803,-0.00618799999999986,-0.00011301334195863433,0.0009645932543207892
2,13.823,87.733,2020-01-02 14:08:00+00:00,530.0,9.62772,35.01396,35.18540805436041,9.556173730785062,27.043102554761163,-0.005840000000000067,-0.00011301386107405164,0.0009026223296359603
2,13.823,87.733,2020-01-02 14:08:00+00:00,540.0,9.56988,35.01284,35.18435830245656,9.497423364635887,27.052060824313003,-0.005784000000000056,-0.00010497519038494829,0.0008958269551840204
2,13.823,87.733,2020-01-02 14:08:00+00:00,550.0,9.51428,35.01204,35.18363011399203,9.44090442864077,27.060863254313745,-0.005560000000000009,-7.281884645280457e-05,0.0008802430000741879
2,13.823,87.733,2020-01-02 14:08:00+00:00,560.0,9.45868,35.01124,35.18290192206674,9.384392674742598,27.069631188838912,-0.005560000000000009,-7.28191925290389e-05,0.0008767934525167221
2,13.823,87.733,2020-01-02 14:08:00+00:00,570.0,9.403360000000001,35.00988,35.18161097976041,9.328177141379532,27.077880613954903,-0.005531999999999826,-0.00012909423063334202,0.0008249425115991471
2,13.823,87.733,2020-01-02 14:08:00+00:00,580.0,9.34816,35.00828,35.1800788538001,9.272092526496523,27.08588829019277,-0.005520000000000103,-0.0001532125960309827,0.000800767623786669
2,13.823,87.733,2020-01-02 14:08:00+00:00,590.0,9.294,35.00676,35.17862711368149,9.217048432601567,27.0937554715415,-0.005415999999999954,-0.00014517401186040502,0.0007867181348728991
2,13.823,87.733,2020-01-02 14:08:00+00:00,600.0,9.244,35.005559999999996,35.1774969387326,9.166144894616972,27.1011672196812,-0.005000000000000071,-0.0001130174948890783,0.0007411748139702467
2,13.823,87.733,2020-01-02 14:08:00+00:00,610.0,9.194,35.00436,35.17636968613274,9.115247544348165,27.108552912666028,-0.004999999999999893,-0.0001127252599864903,0.0007385692984826165
2,13.823,87.733,2020-01-02 14:08:00+00:00,620.0,9.1398,35.00316,35.17524681930071,9.060177667061671,27.116588428120394,-0.005420000000000158,-0.00011228668320271141,0.000803551545436676
2,13.823,87.733,2020-01-02 14:08:00+00:00,630.0,9.0838,35.00196,35.174123946775715,9.003323976144426,27.124878867139614,-0.005599999999999916,-0.0001122872524994989,0.0008290439019219775
2,13.823,87.733,2020-01-02 14:08:00+00:00,640.0,9.02756,35.000679999999996,35.172920674872444,8.946240183272636,27.13310956680607,-0.005624000000000073,-0.0001203271903271741,0.000823069966645562
2,13.823,87.733,2020-01-02 14:08:00+00:00,650.0,8.97036,34.99908,35.171395821396324,8.888214480860668,27.141206309534255,-0.005719999999999992,-0.00015248534761198586,0.0008096742728184835
2,13.823,87.733,2020-01-02 14:08:00+00:00,660.0,8.913160000000001,34.99748,35.169870960329575,8.830196116973706,27.149266071323837,-0.005719999999999814,-0.00015248610667484286,0.0008059761789581899
2,13.823,87.733,2020-01-02 14:08:00+00:00,670.0,8.84868,34.99672,35.16919023134571,8.764929945074924,27.159093897311095,-0.006448000000000143,-6.807289838661745e-05,0.000982782598725862
2,13.823,87.733,2020-01-02 14:08:00+00:00,680.0,8.781080000000001,34.996320000000004,35.168871273756025,8.696563356183772,27.169646604462287,-0.006759999999999877,-3.189575896840324e-05,0.0010552707151191497
2,13.823,87.733,2020-01-02 14:08:00+00:00,690.0,8.712307692307693,34.99569230769231,35.16832349877149,8.627044327698204,27.1801528124754,-0.006877230769230813,-5.4777498453262295e-05,0.0010506208013111972
2,13.823,87.733,2020-01-02 14:08:00+00:00,700.0,8.638846153846155,34.99415384615384,35.166860456659904,8.552888379965696,27.19061988721046,-0.007346153846153847,-0.00014630421115882086,0.0010467074735061033
2,13.823,87.733,2020-01-02 14:08:00+00:00,710.0,8.565384615384614,34.992615384615384,35.16539617144894,8.478742473405356,27.201025675467235,-0.007346153846154025,-0.00014642852109645333,0.001040578825677585
2,13.823,87.733,2020-01-02 14:08:00+00:00,720.0,8.497499999999999,34.9905,35.163349222626294,8.410160757671877,27.210059307319398,-0.006788461538461554,-0.00020469488226453335,0.0009033631852162216
2,13.823,87.733,2020-01-02 14:08:00+00:00,730.0,8.433333333333334,34.988,35.16091574805662,8.345290467599778,27.218170382592007,-0.006416666666666515,-0.0002433474569677685,0.0008111075272609014
2,13.823,87.733,2020-01-02 14:08:00+00:00,740.0,8.36768,34.9856,35.15858275665509,8.278949128884268,27.226539413876708,-0.006565333333333356,-0.0002332991401523543,0.0008369031284701123
2,13.823,87.733,2020-01-02 14:08:00+00:00,750.0,8.29608,34.9836,35.15665173309392,8.20669933752107,27.23607431394612,-0.007160000000000011,-0.0001931023561169809,0.0009534900069411379
2,13.823,87.733,2020-01-02 14:08:00+00:00,760.0,8.22448,34.9816,35.15472070051535,8.134459191947887,27.24555129984151,-0.007160000000000011,-0.0001931032578575298,0.000947698589538959
2,13.823,87.733,2020-01-02 14:08:00+00:00,770.0,8.15484,34.9796,35.15278965891939,8.064176333894872,27.254676496723505,-0.00696399999999997,-0.00019310415959594707,0.0009125196881996089
2,13.823,87.733,2020-01-02 14:08:00+00:00,780.0,8.08604,34.9776,35.150858608306024,7.994737434996373,27.263621385072383,-0.006879999999999953,-0.00019310506133649597,0.0008944888348878521
2,13.823,87.733,2020-01-02 14:08:00+00:00,790.0,8.01612,34.97568,35.149007945128915,7.924193620722988,27.272741513699884,-0.006991999999999976,-0.00018506631771089132,0.000912012862750089
2,13.823,87.733,2020-01-02 14:08:00+00:00,800.0,7.94172,34.97408,35.147478859831054,7.849203180143629,27.282718769325356,-0.007440000000000069,-0.00015290852978608883,0.0009977255625472025
2,13.823,87.733,2020-01-02 14:08:00+00:00,810.0,7.867319999999999,34.972480000000004,35.145949169057566,7.774222949037414,27.29263289519895,-0.007440000000000069,-0.00015296907734878572,0.0009914125873592638
2,13.823,87.733,2020-01-02 14:08:00+00:00,820.0,7.8010399999999995,34.97032,35.143854299282246,7.707327689972715,27.300856805898093,-0.00662799999999999,-0.00020948697753198076,0.0008223910699143744
2,13.823,87.733,2020-01-02 14:08:00+00:00,830.0,7.738239999999999,34.96792,35.141518228657716,7.643901492302932,27.30833596141133,-0.006280000000000019,-0.00023360706245298957,0.0007479155513237856
2,13.823,87.733,2020-01-02 14:08:00+00:00,840.0,7.67632,34.96568,35.13934294228983,7.581354745349946,27.315768194970815,-0.006191999999999975,-0.00021752863678869971,0.0007432233559484302
2,13.823,87.733,2020-01-02 14:08:00+00:00,850.0,7.61792,34.96408,35.13781082626157,7.522300965224754,27.32315297266655,-0.005839999999999979,-0.00015321160282582013,0.0007384777695733646
2,13.823,87.733,2020-01-02 14:08:00+00:00,860.0,7.55952,34.962480000000006,35.136278703293094,7.463254736395614,27.330498319550088,-0.005839999999999979,-0.00015321229684772675,0.0007345346883539605
2,13.823,87.733,2020-01-02 14:08:00+00:00,870.0,7.50476,34.96088,35.13474657338439,7.407830103265355,27.337284836289427,-0.005475999999999992,-0.0001532129908703439,0.0006786516739339277
2,13.823,87.733,2020-01-02 14:08:00+00:00,880.0,7.45156,34.95928,35.13321443653549,7.353961182257755,27.343814791404156,-0.005320000000000036,-0.00015321368489011887,0.0006529955114729091
2,13.823,87.733,2020-01-02 14:08:00+00:00,890.0,7.3986,34.9576,35.131601894545355,7.300338520432358,27.3502147638726,-0.005295999999999967,-0.00016125419901342753,0.0006399972468443593
2,13.823,87.733,2020-01-02 14:08:00+00:00,900.0,7.3466,34.955600000000004,35.12966775176997,7.24768062250503,27.356194672652464,-0.005200000000000049,-0.0001934142775382952,0.0005979908779863763
2,13.823,87.733,2020-01-02 14:08:00+00:00,910.0,7.2946,34.9536,35.12773313167384,7.195029204634407,27.36214243601512,-0.00519999999999996,-0.00019346200961294356,0.0005947763362655678
2,13.823,87.733,2020-01-02 14:08:00+00:00,920.0,7.236416666666667,34.95154166666667,35.125735661329024,7.136248501418538,27.368872997664084,-0.005818333333333303,-0.0001997470344818453,0.0006730561648964795
2,13.823,87.733,2020-01-02 14:08:00+00:00,930.0,7.175583333333333,34.94945833333333,35.1237130579602,7.0748458369254905,27.375912665637316,-0.006083333333333396,-0.00020226033688217627,0.000703966797323119
2,13.823,87.733,2020-01-02 14:08:00+00:00,940.0,7.115,34.947307692307696,35.12162280269421,7.01370021288735,27.382821549840855,-0.006058333333333277,-0.00020902552659904928,0.0006908884203539855
2,13.823,87.733,2020-01-02 14:08:00+00:00,950.0,7.055,34.945,35.11937470371207,6.953143720197659,27.389483473945347,-0.0060000000000000496,-0.00022480989821431762,0.0006661924104491845
2,13.823,87.733,2020-01-02 14:08:00+00:00,960.0,6.995,34.942692307692305,35.117126595338824,6.892594956831049,27.396103203074745,-0.005999999999999961,-0.00022481083732444062,0.0006619729129397455
2,13.823,87.733,2020-01-02 14:08:00+00:00,970.0,6.93696,34.940599999999996,35.11509493783038,6.833994973317251,27.402583408457303,-0.005804000000000009,-0.00020316575084464717,0.0006480205382558779
2,13.823,87.733,2020-01-02 14:08:00+00:00,980.0,6.87976,34.9386,35.11315604067627,6.776234246064099,27.408982874726235,-0.005719999999999992,-0.00019388971541047794,0.0006399466268931064
2,13.823,87.733,2020-01-02 14:08:00+00:00,990.0,6.82264,34.9366,35.11121713538319,6.71856018730361,27.415333024727715,-0.005712000000000028,-0.00019389052930804951,0.000635015000148087
2,13.823,87.733,2020-01-02 14:08:00+00:00,1000.0,6.76584,34.9346,35.109278221951165,6.6612108142603494,27.42160173075422,-0.005679999999999996,-0.0001938913432027789,0.0006268706026503424
2,13.823,87.733,2020-01-02 14:08:00+00:00,1010.0,6.70904,34.9326,35.10733930038018,6.603868695019843,27.427832356335557,-0.005679999999999996,-0.00019389215709821883,0.0006230625581338245
2,13.823,87.733,2020-01-02 14:08:00+00:00,1020.0,6.6542,34.93032,35.10511297411865,6.548481879097061,27.433538384319718,-0.005483999999999956,-0.0002226326261535405,0.0005706027984160756
2,13.823,87.733,2020-01-02 14:08:00+00:00,1030.0,6.6002,34.92792,35.10276603865212,6.493936730145451,27.439002699934917,-0.005400000000000027,-0.0002346935466526645,0.0005464315615199666
2,13.823,87.733,2020-01-02 14:08:00+00:00,1040.0,6.54788,34.9256,35.1004994948646,6.441062817714593,27.444273923053515,-0.005231999999999992,-0.00022665437875204474,0.0005271223118597845
2,13.823,87.733,2020-01-02 14:08:00+00:00,1050.0,6.50228,34.9236,35.09855454551601,6.394852811161039,27.448882868444798,-0.004560000000000031,-0.00019449493485907966,0.0004608945391282759
2,13.823,87.733,2020-01-02 14:08:00+00:00,1060.0,6.4566799999999995,34.9216,35.096609588715,6.348648260621202,27.45346673797303,-0.004560000000000031,-0.00019449568010116992,0.00045838695282327533
2,13.823,87.733,2020-01-02 14:08:00+00:00,1070.0,6.40912,34.91932,35.094383220720005,6.300510551337209,27.458059660527624,-0.0047559999999999825,-0.00022263679949929838,0.0004592922554593315
2,13.823,87.733,2020-01-02 14:08:00+00:00,1080.0,6.36072,34.91692,35.092036242402166,6.251547806372142,27.462639426646774,-0.00484,-0.00023469783178384774,0.00045797661191500084
2,13.823,87.733,2020-01-02 14:08:00+00:00,1090.0,6.31136,34.91468,35.08985005787568,6.201637059697486,27.467441265586558,-0.004936000000000007,-0.00021861845264865566,0.000480183893978392
2,13.823,87.733,2020-01-02 14:08:00+00:00,1100.0,6.25816,34.91308,35.088307077131866,6.1479172433017215,27.473212979321033,-0.005319999999999947,-0.0001542980743813871,0.000577171373447527
2,13.823,87.733,2020-01-02 14:08:00+00:00,1110.0,6.20496,34.911480000000005,35.086764090426115,6.094204147186167,27.478950917665543,-0.005320000000000036,-0.0001542986705750593,0.000573793834450953
2,13.823,87.733,2020-01-02 14:08:00+00:00,1120.0,6.15792,34.9096,35.08494115646239,6.04660556450265,27.48365067659938,-0.004703999999999997,-0.0001822933963723017,0.00046997589338388935
2,13.823,87.733,2020-01-02 14:08:00+00:00,1130.0,6.11352,34.9076,35.082997775155015,6.001630096866931,27.487894171425523,-0.004439999999999955,-0.00019433813073774787,0.0004243494826141614
2,13.823,87.733,2020-01-02 14:08:00+00:00,1140.0,6.07,34.90568,35.081134788331894,5.95753051977007,27.492065778069218,-0.004352,-0.00018629868231201385,0.00041716066436947585
2,13.823,87.733,2020-01-02 14:08:00+00:00,1150.0,6.03,34.90408,35.07959340327924,5.916918316571403,27.496024457356725,-0.0040000000000000036,-0.00015413850526542207,0.0003958679287507039
2,13.823,87.733,2020-01-02 14:08:00+00:00,1160.0,5.99,34.902480000000004,35.07805201211545,5.87631071562252,27.499963543253898,-0.0040000000000000036,-0.00015413911637907063,0.0003939085897172845
2,13.823,87.733,2020-01-02 14:08:00+00:00,1170.0,5.951346153846154,34.901192307692305,35.07682449414913,5.837036438988181,27.503961910011412,-0.0038653846153846594,-0.00012275179663205903,0.00039983667575143044
2,13.823,87.733,2020-01-02 14:08:00+00:00,1180.0,5.91326923076923,34.900038461538465,35.07573149122381,5.79833598711475,27.507976042996916,-0.0038076923076923565,-0.0001093002925316,0.0004014132985503238
2,13.823,87.733,2020-01-02 14:08:00+00:00,1190.0,5.875166666666666,34.898833333333336,35.074586943579206,5.759615222974018,27.511935005074974,-0.0038102564102564076,-0.00011445476446070302,0.0003958962078058903
2,13.823,87.733,2020-01-02 14:08:00+00:00,1200.0,5.836833333333333,34.89716666666667,35.0729785276402,5.7206770024665925,27.515539444701062,-0.003833333333333311,-0.00016084159390032936,0.00036044396260876966
2,13.823,87.733,2020-01-02 14:08:00+00:00,1210.0,5.7985,34.895500000000006,35.071370105335426,5.681743112745379,27.519125749561454,-0.003833333333333311,-0.00016084223047769798,0.0003586304860391465
2,13.823,87.733,2020-01-02 14:08:00+00:00,1220.0,5.75368,34.89388,35.069805109970424,5.636390707151236,27.52352355855305,-0.0044819999999999634,-0.00015649953650012093,0.000439780899159814
2,13.823,87.733,2020-01-02 14:08:00+00:00,1230.0,5.70608,34.89228,35.068258723116166,5.588291240867555,27.5282508243115,-0.004760000000000009,-0.00015463868542582305,0.0004727265758447174
2,13.823,87.733,2020-01-02 14:08:00+00:00,1240.0,5.65936,34.890679999999996,35.06671233060519,5.541068698072657,27.53284365224181,-0.004671999999999965,-0.00015463925109742148,0.0004592827930309795
2,13.823,87.733,2020-01-02 14:08:00+00:00,1250.0,5.61616,34.88908,35.06516593243751,5.497335996290531,27.536984124265928,-0.004320000000000057,-0.0001546398167683094,0.0004140472024118935
2,13.823,87.733,2020-01-02 14:08:00+00:00,1260.0,5.572959999999999,34.887480000000004,35.0636195286131,5.453608396725193,27.541101713268517,-0.004320000000000057,-0.0001546403824406184,0.0004117589002589739
2,13.823,87.733,2020-01-02 14:08:00+00:00,1270.0,5.5291999999999994,34.88588,35.06207311913199,5.409331687845692,27.545263575828358,-0.00437599999999998,-0.0001546409481115063,0.0004161862559840301
2,13.823,87.733,2020-01-02 14:08:00+00:00,1280.0,5.4852,34.884280000000004,35.060526703994164,5.364822670142769,27.549430607883323,-0.0043999999999999595,-0.00015464151378239422,0.00041670320549656024
2,13.823,87.733,2020-01-02 14:08:00+00:00,1290.0,5.44176,34.882600000000004,35.058899878872246,5.3208741364695245,27.553443896646286,-0.004343999999999948,-0.00016268251219173636,0.0004013288762962475
2,13.823,87.733,2020-01-02 14:08:00+00:00,1300.0,5.4005600000000005,34.8806,35.05695142993556,5.279151563147352,27.5569151230045,-0.00411999999999999,-0.00019484489366874413,0.0003471226358215063
2,13.823,87.733,2020-01-02 14:08:00+00:00,1310.0,5.359360000000001,34.8786,35.055002973928,5.237433738028609,27.560365287366494,-0.00411999999999999,-0.00019484560075611057,0.0003450164361993302
2,13.823,87.733,2020-01-02 14:08:00+00:00,1320.0,5.32068,34.87716,35.053618476874135,5.198205727914778,27.563943153772925,-0.003868000000000027,-0.00013844970538627875,0.0003577866406430985
2,13.823,87.733,2020-01-02 14:08:00+00:00,1330.0,5.28308,34.87596,35.05247594447987,5.160047058979039,27.567566918048442,-0.00376000000000003,-0.00011425323942617637,0.00036237642755168056
2,13.823,87.733,2020-01-02 14:08:00+00:00,1340.0,5.24508,34.87468,35.05125300266745,5.121498104311398,27.571156327068365,-0.0038000000000000256,-0.0001222941812422107,0.0003589409019923551
2,13.823,87.733,2020-01-02 14:08:00+00:00,1350.0,5.20548,34.87308,35.04970843542516,5.081375460295117,27.57465982118447,-0.003960000000000008,-0.00015445672422913502,0.00035034941161029567
2,13.823,87.733,2020-01-02 14:08:00+00:00,1360.0,5.16588,34.871480000000005,35.048163862352936,5.04125734036213,27.578143807092374,-0.003960000000000008,-0.0001544573072223443,0.00034839859079056624
2,13.823,87.733,2020-01-02 14:08:00+00:00,1370.0,5.1223600000000005,34.86988,35.04661928345079,4.99726737708987,27.582059607578003,-0.0043519999999999115,-0.00015445789021484302,0.00039158004856290065
2,13.823,87.733,2020-01-02 14:08:00+00:00,1380.0,5.07716,34.86828,35.045074698718686,4.9516213988485,27.586144489572007,-0.004520000000000035,-0.0001544584732101839,0.00040848819940038085
2,13.823,87.733,2020-01-02 14:08:00+00:00,1390.0,5.03204,34.8666,35.04344970238218,4.906061037448983,27.590131554260097,-0.004511999999999983,-0.00016249963365027041,0.00039870646880899583
2,13.823,87.733,2020-01-02 14:08:00+00:00,1400.0,4.98724,34.8646,35.04150307624339,4.860826823851534,27.59380318428157,-0.0044800000000000395,-0.0001946626138796148,0.0003671630021472083
2,13.823,87.733,2020-01-02 14:08:00+00:00,1410.0,4.94244,34.8626,35.03955644281715,4.815597928256524,27.59744988481839,-0.004479999999999951,-0.0001946633426236133,0.00036467005368194804
2,13.823,87.733,2020-01-02 14:08:00+00:00,1420.0,4.89904,34.86088,35.03789268396834,4.771754369001334,27.601137631415668,-0.0043400000000000105,-0.00016637588488137566,0.00036877465972793286
2,13.823,87.733,2020-01-02 14:08:00+00:00,1430.0,4.856240000000001,34.85928,35.0363517183397,4.7285073002451945,27.604831788749607,-0.004279999999999973,-0.0001540965628635149,0.00036941573339390745
2,13.823,87.733,2020-01-02 14:08:00+00:00,1440.0,4.8131200000000005,34.857679999999995,35.03481074654605,4.684949006201873,27.60853880238642,-0.004312000000000005,-0.00015409717936520906,0.0003707013636812917
2,13.823,87.733,2020-01-02 14:08:00+00:00,1450.0,4.76872,34.85608,35.03326976858741,4.640130868903531,27.612364617193634,-0.004440000000000044,-0.00015409779586406103,0.0003825814807214556
2,13.823,87.733,2020-01-02 14:08:00+00:00,1460.0,4.7243200000000005,34.85448,35.031728784463745,4.5953180220109315,27.61616592147743,-0.004439999999999955,-0.0001540984123664657,0.0003801304283797435
2,13.823,87.733,2020-01-02 14:08:00+00:00,1470.0,4.682440000000001,34.85288,35.03018779417508,4.553000382467164,27.619665897902223,-0.004187999999999992,-0.00015409902886673877,0.00034999764247913847
2,13.823,87.733,2020-01-02 14:08:00+00:00,1480.0,4.64164,34.85128,35.0286467977214,4.51175464750378,27.623025831104087,-0.0040800000000000836,-0.00015409964536772236,0.0003359933201863896
2,13.823,87.733,2020-01-02 14:08:00+00:00,1490.0,4.60044,34.84968,35.02710579510272,4.4701184615403085,27.626408431993923,-0.00411999999999999,-0.00015410026186799542,0.0003382600889835885
2,13.823,87.733,2020-01-02 14:08:00+00:00,1500.0,4.55764,34.848079999999996,35.02556478631902,4.4269065343647265,27.629943115823608,-0.004279999999999973,-0.00015410087836968954,0.00035346838296845817
2,13.823,87.733,2020-01-02 14:08:00+00:00,1510.0,4.5148399999999995,34.84648,35.024023771370324,4.383699638317681,27.633454868957415,-0.0042800000000000615,-0.0001541014948699626,0.00035117531338073603
2,13.823,87.733,2020-01-02 14:08:00+00:00,1520.0,4.46588,34.8446,35.0221937338994,4.334417583565844,27.637375933000612,-0.004895999999999923,-0.00018300374709241397,0.0003921064043197475
2,13.823,87.733,2020-01-02 14:08:00+00:00,1530.0,4.41428,34.8426,35.02022537104966,4.282536143457012,27.64143925389726,-0.005160000000000053,-0.00019683628497375595,0.00040633208966482924
2,13.823,87.733,2020-01-02 14:08:00+00:00,1540.0,4.364520000000001,34.84068,35.01833741132868,4.232477075871037,27.645338010773457,-0.004975999999999914,-0.0001887959720981769,0.0003898756876196785
2,13.823,87.733,2020-01-02 14:08:00+00:00,1550.0,4.32212,34.83908,35.01677107910566,4.189687325210109,27.6486841505739,-0.004240000000000066,-0.00015663322230210496,0.00033461398004419607
2,13.823,87.733,2020-01-02 14:08:00+00:00,1560.0,4.27972,34.837480000000006,35.015204743040854,4.146902539389001,27.652007662515643,-0.004239999999999977,-0.00015663360648048296,0.0003323511941744073
2,13.823,87.733,2020-01-02 14:08:00+00:00,1570.0,4.238720000000001,34.83588,35.013638403134244,4.105504869428706,27.655162239832634,-0.004099999999999948,-0.0001566339906609926,0.00031545773169909807
2,13.823,87.733,2020-01-02 14:08:00+00:00,1580.0,4.198320000000001,34.83428,35.012072059385844,4.064704240373438,27.658233168849847,-0.004039999999999999,-0.00015663437484008113,0.000307092901721262
2,13.823,87.733,2020-01-02 14:08:00+00:00,1590.0,4.155200000000001,34.8326,35.01042530338445,4.02122439784541,27.661501283672578,-0.004312000000000005,-0.00016467560013921911,0.000326811482273115
2,13.823,87.733,2020-01-02 14:08:00+00:00,1600.0,4.1012,34.830600000000004,35.00845690932017,3.9670150944054092,27.665610723734744,-0.005400000000000027,-0.00019683940642849506,0.00041094400621659587
2,13.823,87.733,2020-01-02 14:08:00+00:00,1610.0,4.0472,34.8286,35.006488510453636,3.9128126314984693,27.669683770005122,-0.005400000000000027,-0.0001968398866530663,0.0004073046270377745
2,13.823,87.733,2020-01-02 14:08:00+00:00,1620.0,3.9940399999999996,34.82632,35.004238676337174,3.859449507471667,27.673412146954888,-0.005316000000000054,-0.00022498341164620684,0.0003728376949766243
2,13.823,87.733,2020-01-02 14:08:00+00:00,1630.0,3.94124,34.82392,35.00186822355306,3.8064498022234674,27.67697317055604,-0.005279999999999951,-0.0002370452784113297,0.0003561023601150737
2,13.823,87.733,2020-01-02 14:08:00+00:00,1640.0,3.89052,34.82168,34.99965858278913,3.7555069604795066,27.680418019506078,-0.00507200000000001,-0.0002209640763929599,0.00034448489500391586
2,13.823,87.733,2020-01-02 14:08:00+00:00,1650.0,3.84812,34.82008,34.99809220854652,3.7127707949134057,27.68351073796839,-0.004239999999999977,-0.0001566374242614188,0.0003092718462312405
2,13.823,87.733,2020-01-02 14:08:00+00:00,1660.0,3.80572,34.81848,34.99652583046212,3.670039596586928,27.686580613821434,-0.0042400000000000215,-0.0001566378084397968,0.00030698758530434134
2,13.823,87.733,2020-01-02 14:08:00+00:00,1670.0,3.76444,34.81688,34.994959448535916,3.628418164188672,27.68951705950758,-0.004127999999999998,-0.00015663819262030644,0.00029364456861458166
2,13.823,87.733,2020-01-02 14:08:00+00:00,1680.0,3.72364,34.81528,34.99339306276794,3.587274963300677,27.692384627786396,-0.004079999999999995,-0.00015663857679726334,0.00028675682788161796
2,13.823,87.733,2020-01-02 14:08:00+00:00,1690.0,3.68132,34.8136,34.99174626378651,3.5446383360014257,27.695315691433734,-0.0042320000000000135,-0.00016467989814330508,0.00029310636473383055
2,13.823,87.733,2020-01-02 14:08:00+00:00,1700.0,3.63292,34.8116,34.989777822900386,3.496014607241452,27.698559452039262,-0.00484,-0.00019684408861238013,0.00032437606055282233
2,13.823,87.733,2020-01-02 14:08:00+00:00,1710.0,3.58452,34.809599999999996,34.987809377212024,3.4473967969115864,27.701773477760298,-0.00484,-0.0001968445688362408,0.0003214025721035796
2,13.823,87.733,2020-01-02 14:08:00+00:00,1720.0,3.54004,34.80788,34.9861223605307,3.4026466697252875,27.7048049244097,-0.0044480000000000075,-0.00016870166813234277,0.00030314466494019143
2,13.823,87.733,2020-01-02 14:08:00+00:00,1730.0,3.49724,34.80628,34.984555954353205,3.359556751214138,27.707746516372936,-0.004279999999999973,-0.0001566406177495594,0.00029415919632356233
2,13.823,87.733,2020-01-02 14:08:00+00:00,1740.0,3.45532,34.8046,34.98290913448203,3.3173403885864574,27.710517334250426,-0.004192000000000018,-0.00016468198711763193,0.00027708178774901173
2,13.823,87.733,2020-01-02 14:08:00+00:00,1750.0,3.41692,34.8026,34.98094067078527,3.278602698793599,27.712677915770882,-0.0038399999999999767,-0.0001968463696755407,0.0002160581520456617
2,13.823,87.733,2020-01-02 14:08:00+00:00,1760.0,3.37852,34.800599999999996,34.97897220228627,3.2398692980893697,27.714819374103854,-0.0038400000000000213,-0.0001968468499001119,0.00021414583329715242
2,13.823,87.733,2020-01-02 14:08:00+00:00,1770.0,3.3432,34.79916,34.97756659996515,3.204169141894987,27.71710059402767,-0.0035320000000000017,-0.00014056023211210799,0.00022812199238160248
2,13.823,87.733,2020-01-02 14:08:00+00:00,1780.0,3.3092,34.797959999999996,34.976393418650694,3.169770951811272,27.71942728595127,-0.0033999999999999807,-0.00011731813144564285,0.00023266919235993556
2,13.823,87.733,2020-01-02 14:08:00+00:00,1790.0,3.2764,34.79676,34.97521925662445,3.136558956531104,27.721626951529515,-0.003279999999999994,-0.00011741620262455399,0.0002199665578245913
2,13.823,87.733,2020-01-02 14:08:00+00:00,1800.0,3.2484,34.795559999999995,34.97404509239172,3.108080209485971,27.723369491278163,-0.0028000000000000026,-0.00011741642327294244,0.0001742539748647687
2,13.823,87.733,2020-01-02 14:08:00+00:00,1810.0,3.2204,34.79436,34.97287092595249,3.079604152834253,27.72510166220718,-0.0028000000000000026,-0.00011741664392275197,0.00017321709290172294
2,13.823,87.733,2020-01-02 14:08:00+00:00,1820.0,3.1910000000000003,34.79316,34.97169675730676,3.0497514772972525,27.72695173146758,-0.002939999999999987,-0.00011741686457327205,0.0001850069260399323
2,13.823,87.733,2020-01-02 14:08:00+00:00,1830.0,3.161,34.791959999999996,34.970522586454535,3.0193106238972387,27.728845149713834,-0.0030000000000000248,-0.00011741708522237105,0.00018934182462544414
2,13.823,87.733,2020-01-02 14:08:00+00:00,1840.0,3.13116,34.790679999999995,34.9692680027387,2.989031327752117,27.73064828729798,-0.0029840000000000088,-0.0001254583715834201,0.00018031375841474074
2,13.823,87.733,2020-01-02 14:08:00+00:00,1850.0,3.10196,34.78908,34.96769177374662,2.959389171788385,27.73212616849787,-0.0029199999999999894,-0.00015762289920786542,0.00014778811998894525
2,13.823,87.733,2020-01-02 14:08:00+00:00,1860.0,3.07276,34.78748,34.96611554181255,2.9297498682166685,27.733592717012016,-0.0029199999999999894,-0.00015762319340737463,0.00014665485141449608
2,13.823,87.733,2020-01-02 14:08:00+00:00,1870.0,3.04272,34.78616,34.96482074500866,2.899282866140529,27.735347003244897,-0.0030040000000000067,-0.0001294796803890108,0.0001754286232880986
2,13.823,87.733,2020-01-02 14:08:00+00:00,1880.0,3.01232,34.78496,34.96364656220457,2.868462941920351,27.7372174075324,-0.0030400000000000206,-0.0001174182804085433,0.00018704042875015148
2,13.823,87.733,2020-01-02 14:08:00+00:00,1890.0,2.98224,34.78376,34.962472377194004,2.837961170606591,27.739047150170336,-0.0030079999999999885,-0.00011741850105693175,0.00018297426379376702
2,13.823,87.733,2020-01-02 14:08:00+00:00,1900.0,2.95344,34.78256,34.96129818997693,2.8087226846457964,27.740751530404168,-0.0028799999999999937,-0.00011741872170745182,0.00017043802338321257
2,13.823,87.733,2020-01-02 14:08:00+00:00,1910.0,2.92464,34.78136,34.96012400055337,2.779487003417549,27.742444907057006,-0.0028799999999999937,-0.00011741894235584027,0.00016933766528381966
2,13.823,87.733,2020-01-02 14:08:00+00:00,1920.0,2.8992,34.78044,34.9592312482826,2.753558574453289,27.7440557448017,-0.002544000000000013,-8.927522707722347e-05,0.0001610837744692617
2,13.823,87.733,2020-01-02 14:08:00+00:00,1930.0,2.8752,34.77964,34.95845911129879,2.7290485202177837,27.745627710987492,-0.002400000000000002,-7.721369838122882e-05,0.00015719661857929167
2,13.823,87.733,2020-01-02 14:08:00+00:00,1940.0,2.852,34.77884,34.957686972843966,2.7053279640493444,27.7471221045289,-0.002320000000000011,-7.721384548204923e-05,0.000149439354140668
2,13.823,87.733,2020-01-02 14:08:00+00:00,1950.0,2.832,34.778040000000004,34.95691483291815,2.684758816046983,27.748330742669623,-0.0020000000000000018,-7.721399258144856e-05,0.00012086381407243607
2,13.823,87.733,2020-01-02 14:08:00+00:00,1960.0,2.812,34.77724,34.95614269152135,2.6641911255324575,27.749533918011366,-0.0020000000000000018,-7.721413968013735e-05,0.000120317534174319
2,13.823,87.733,2020-01-02 14:08:00+00:00,1970.0,2.792,34.776160000000004,34.95508910800712,2.6436281299381297,27.750507733858058,-0.0020000000000000018,-0.0001053583514227796,9.738158466916502e-05
2,13.823,87.733,2020-01-02 14:08:00+00:00,1980.0,2.772,34.77496,34.953914904976834,2.623067968858031,27.751380088067663,-0.0020000000000000018,-0.00011742030302883678,8.723542096049642e-05
3,13.506,89.154,2020-01-03 00:04:44+00:00,10.0,27.752,32.418,32.57123202621613,27.860619831047245,20.536639318656626,,,
3,13.506,89.154,2020-01-03 00:04:44+00:00,20.0,27.8395,32.664,32.81841032748617,27.936167913630243,20.693920259222182,0.008750000000000212,0.024717830127003994,0.01572809405655562
3,13.506,89.154,2020-01-03 00:04:44+00:00,30.0,27.986818181818183,32.92163636363637,33.077296221469716,28.07125507379374,20.840469243854614,0.014731818181818212,0.02588858939835461,0.01465489846324317
3,13.506,89.154,2020-01-03 00:04:44+00:00,40.0,28.01211111111111,33.41777777777778,33.575841401081334,28.073872603112907,21.205697967780907,0.0025292929292927368,0.049854517961161804,0.03652287239262932
3,13.506,89.154,2020-01-03 00:04:44+00:00,50.0,26.978499999999997,34.055,34.216243996714915,27.008595543495446,22.01838228536326,-0.10336111111111138,0.06404025956335815,0.08126843175823524
3,13.506,89.154,2020-01-03 00:04:44+00:00,60.0,25.465,34.4645,34.627874379841515,25.473061389571637,22.801254029756365,-0.1513499999999997,0.04116303831265995,0.07828717443931055
3,13.506,89.154,2020-01-03 00:04:44+00:00,70.0,24.144000000000002,34.689454545454545,34.85408802013616,24.139035926253094,23.371186948055538,-0.1320999999999998,0.02262136402946453,0.056993291829917324
3,13.506,89.154,2020-01-03 00:04:44+00:00,80.0,22.52088888888889,34.75222222222222,34.917382916411725,22.509333618440834,23.891270830980716,-0.16231111111111113,0.006329489627556484,0.05200838829251779
3,13.506,89.154,2020-01-03 00:04:44+00:00,90.0,21.0415,34.786,34.951605207282114,21.025266985580384,24.329087629611422,-0.14793888888888915,0.0034222290870388862,0.04378167986307062
3,13.506,89.154,2020-01-03 00:04:44+00:00,100.0,20.0135,34.812,34.97801318083006,19.99374826624718,24.62478031179012,-0.10279999999999986,0.0026407973547946995,0.02956926821786965
3,13.506,89.154,2020-01-03 00:04:44+00:00,110.0,19.131454545454545,34.832,34.998367495354806,19.108788440787073,24.86968514106934,-0.08820454545454552,0.002035431452474512,0.02449048292792213
3,13.506,89.154,2020-01-03 00:04:44+00:00,120.0,18.32422222222222,34.85644444444444,35.02318498605583,18.298806889657218,25.092706851481125,-0.08072323232323235,0.0024817490701025237,0.022302171041178553
3,13.506,89.154,2020-01-03 00:04:44+00:00,130.0,17.339,34.885999999999996,35.05311964550386,17.310960838042835,25.356858967526705,-0.09852222222222232,0.0029934659448031197,0.026415211604557953
3,13.506,89.154,2020-01-03 00:04:44+00:00,140.0,16.3545,34.915499999999994,35.08297067817939,16.324200117766427,25.612213018365082,-0.0984499999999997,0.0029851032675530576,0.02553540508383776
3,13.506,89.154,2020-01-03 00:04:44+00:00,150.0,15.59,34.939,35.10679325045178,15.557830465776494,25.80508192768093,-0.07645000000000017,0.0023822572272386823,0.01928689093158482
3,13.506,89.154,2020-01-03 00:04:44+00:00,160.0,14.993818181818183,34.95427272727273,35.12231235122804,14.960103095018164,25.949522967945995,-0.0596181818181817,0.001551910077625962,0.014444104026506466
3,13.506,89.154,2020-01-03 00:04:44+00:00,170.0,14.502,34.967444444444446,35.13571637846131,14.466857486156286,26.06672490708729,-0.049181818181818215,0.0013404027233271166,0.011720193914129595
3,13.506,89.154,2020-01-03 00:04:44+00:00,180.0,14.062999999999999,34.980000000000004,35.148490352217955,14.026511777869183,26.170087267681538,-0.04390000000000018,0.0012773973756644353,0.010336236059424663
3,13.506,89.154,2020-01-03 00:04:44+00:00,190.0,13.622636363636364,34.992,35.16068962305733,13.584923557515987,26.271472407313013,-0.04403636363636352,0.0012199270839374776,0.010138513963147489
3,13.506,89.154,2020-01-03 00:04:44+00:00,200.0,13.232999999999999,35.001294117647056,35.17017005310179,13.194160787251759,26.358663007169525,-0.03896363636363649,0.0009480430044462196,0.008719059985651256
3,13.506,89.154,2020-01-03 00:04:44+00:00,210.0,12.923,35.0095294117647,35.178535606003905,12.883026578341351,26.427683330154423,-0.03099999999999987,0.0008365552902112938,0.006902032298489758
3,13.506,89.154,2020-01-03 00:04:44+00:00,220.0,12.67516,35.01928,35.18841105700538,12.633981857787438,26.484708584192504,-0.024784000000000007,0.000987545100147713,0.005702525403808068
3,13.506,89.154,2020-01-03 00:04:44+00:00,230.0,12.45396,35.02968,35.1989391009695,12.41156606899391,26.536452202723922,-0.022119999999999963,0.0010528043964114886,0.005174361853141818
3,13.506,89.154,2020-01-03 00:04:44+00:00,240.0,12.25076,35.038639999999994,35.208020230037555,12.207191932056313,26.583130114944424,-0.02032000000000007,0.0009081129068057691,0.004667791222050255
3,13.506,89.154,2020-01-03 00:04:44+00:00,250.0,12.11956,35.04184,35.211313541711846,12.074838756683544,26.611157772244724,-0.013119999999999975,0.0003293311674291033,0.0028027657300299324
3,13.506,89.154,2020-01-03 00:04:44+00:00,260.0,11.98836,35.04504,35.21459987459212,11.942507059270651,26.639006979117312,-0.013119999999999975,0.0003286332880271914,0.002784920687258818
3,13.506,89.154,2020-01-03 00:04:44+00:00,270.0,11.87396,35.04712,35.216759050848765,11.826984335671025,26.66263429711489,-0.011439999999999983,0.00021591762566472995,0.0023627317997579667
3,13.506,89.154,2020-01-03 00:04:44+00:00,280.0,11.76676,35.048719999999996,35.21843591101181,11.718673426591124,26.684401265926454,-0.010720000000000063,0.000167686016304458,0.0021766968811562037
3,13.506,89.154,2020-01-03 00:04:44+00:00,290.0,11.65828,35.05,35.21979122732281,11.609108663714201,26.706041171062907,-0.010848000000000014,0.00013553163109989442,0.002163990513645331
3,13.506,89.154,2020-01-03 00:04:44+00:00,300.0,11.54468,35.05,35.21986034550827,11.494479750333182,26.727516551281724,-0.011359999999999992,6.911818546484483e-06,0.002147538021881701
3,13.506,89.154,2020-01-03 00:04:44+00:00,310.0,11.43108,35.05,35.21993404064124,11.379867893665937,26.74886235783083,-0.011359999999999992,7.369513296850982e-06,0.0021345806549106783
3,13.506,89.154,2020-01-03 00:04:44+00:00,320.0,11.32673076923077,35.05053846153846,35.22055077066425,11.274488622349304,26.768796809043806,-0.010434923076923041,6.16730023011769e-05,0.0019934451212975544
3,13.506,89.154,2020-01-03 00:04:44+00:00,330.0,11.226346153846153,35.05130769230769,35.22139939208474,11.173074160145275,26.788073986149584,-0.010038461538461618,8.486214204879161e-05,0.0019277177105777809
3,13.506,89.154,2020-01-03 00:04:44+00:00,340.0,11.127625,35.05195833333333,35.22212885135205,11.073335953319596,26.806851960828,-0.009872115384615299,7.294592673119382e-05,0.0018777974678414466
3,13.506,89.154,2020-01-03 00:04:44+00:00,350.0,11.043875,35.051541666666665,35.22178582185848,10.988562261106438,26.82199188556706,-0.008375000000000021,-3.430294935711231e-05,0.0015139924739060006
3,13.506,89.154,2020-01-03 00:04:44+00:00,360.0,10.960125,35.051125,35.221450183656714,10.903800283670826,26.837063373805222,-0.008375000000000021,-3.356382017685178e-05,0.0015071488238163511
3,13.506,89.154,2020-01-03 00:04:44+00:00,370.0,10.88908,35.051,35.2214107966005,10.831710560620646,26.850014764796015,-0.007104499999999981,-3.9387056212092375e-06,0.001295139099079279
3,13.506,89.154,2020-01-03 00:04:44+00:00,380.0,10.82348,35.051,35.22149701696125,10.765056095455005,26.86203792684978,-0.006559999999999988,8.62203607496781e-06,0.001202316205376519
3,13.506,89.154,2020-01-03 00:04:44+00:00,390.0,10.758840000000001,35.051,35.221583237322,10.699367458425552,26.87384417670046,-0.006463999999999892,8.62203607496781e-06,0.0011806249850678796
3,13.506,89.154,2020-01-03 00:04:44+00:00,400.0,10.69804,35.051,35.22166945768275,10.637514941628753,26.88492517186637,-0.006080000000000041,8.62203607496781e-06,0.0011080995165912099
3,13.506,89.154,2020-01-03 00:04:44+00:00,410.0,10.63724,35.051,35.22174538427098,10.575670748632788,26.89595820682871,-0.006080000000000041,7.592658823085685e-06,0.0011033034962338207
3,13.506,89.154,2020-01-03 00:04:44+00:00,420.0,10.58568,35.05044,35.221251719289654,10.523054042727741,26.904883387274822,-0.005156000000000027,-4.93664981327413e-05,0.000892518044611279
3,13.506,89.154,2020-01-03 00:04:44+00:00,430.0,10.53808,35.049640000000004,35.220516882033785,10.474394680027473,26.91289724032231,-0.00475999999999992,-7.34837255869536e-05,0.0008013853047486918
3,13.506,89.154,2020-01-03 00:04:44+00:00,440.0,10.48896,35.049,35.2199428219857,10.424223548962761,26.921276692151878,-0.0049120000000000275,-5.7406004808768786e-05,0.0008379451829569007
3,13.506,89.154,2020-01-03 00:04:44+00:00,450.0,10.43376,35.049,35.220011882118136,10.367988387225902,26.931189202543237,-0.005520000000000103,6.906013243934694e-06,0.000991251039135932
3,13.506,89.154,2020-01-03 00:04:44+00:00,460.0,10.37856,35.049,35.22008094225059,10.311760430684716,26.941068407348894,-0.005519999999999925,6.90601324535578e-06,0.0009879204805656628
3,13.506,89.154,2020-01-03 00:04:44+00:00,470.0,10.32476,35.04872,35.219868635097214,10.256939771641083,26.950453234849874,-0.005380000000000074,-2.1230715337594574e-05,0.0009384827500980464
3,13.506,89.154,2020-01-03 00:04:44+00:00,480.0,10.27156,35.048320000000004,35.21953574062434,10.202726042936613,26.95960897705072,-0.005320000000000036,-3.328944728764327e-05,0.0009155742200846362
3,13.506,89.154,2020-01-03 00:04:44+00:00,490.0,10.215879999999999,35.047920000000005,35.21920284457516,10.146049087761357,26.969160327499594,-0.005568000000000062,-3.3289604917996485e-05,0.0009551350448873564
3,13.506,89.154,2020-01-03 00:04:44+00:00,500.0,10.150279999999999,35.04752,35.21886994694965,10.07949993037662,26.98037831372835,-0.006559999999999988,-3.328976255048133e-05,0.0011217986228757582
3,13.506,89.154,2020-01-03 00:04:44+00:00,510.0,10.084679999999999,35.04712,35.21854016035182,10.012959559280338,26.99155188220425,-0.006559999999999988,-3.297865978311165e-05,0.00111735684758969
3,13.506,89.154,2020-01-03 00:04:44+00:00,520.0,10.01628,35.04616,35.21765074443716,9.943650659561266,27.002719534107428,-0.006839999999999869,-8.89415914663516e-05,0.0011167651903178921
3,13.506,89.154,2020-01-03 00:04:44+00:00,530.0,9.94668,35.044959999999996,35.216520149495096,9.873160785869095,27.013851700413397,-0.006959999999999944,-0.00011305949420616911,0.0011132166305969804
3,13.506,89.154,2020-01-03 00:04:44+00:00,540.0,9.87588,35.043679999999995,35.21530915759156,9.801487127533012,27.025070586221318,-0.0070800000000000194,-0.0001210991903533909,0.0011218885807920743
3,13.506,89.154,2020-01-03 00:04:44+00:00,550.0,9.80028,35.04208,35.21377659227679,9.72505072813604,27.03678956017825,-0.007559999999999967,-0.00015325653147755248,0.0011718973956931222
3,13.506,89.154,2020-01-03 00:04:44+00:00,560.0,9.72468,35.04048,35.21224402008838,9.648624644368848,27.04844606691063,-0.007560000000000145,-0.0001532572188409631,0.0011656506732379058
3,13.506,89.154,2020-01-03 00:04:44+00:00,570.0,9.64964,35.03888,35.21071144102631,9.572766264704189,27.05994701198506,-0.007503999999999955,-0.00015325790620650536,0.0011500945074431
3,13.506,89.154,2020-01-03 00:04:44+00:00,580.0,9.57484,35.03728,35.209178855090634,9.497156972986192,27.071346548601014,-0.007479999999999975,-0.00015325859356778436,0.0011399536615954275
3,13.506,89.154,2020-01-03 00:04:44+00:00,590.0,9.497846153846154,35.03569230769231,35.207658630383676,9.419374403862,27.083055144635182,-0.007699384615384552,-0.00015202247069581176,0.0011708596034168295
3,13.506,89.154,2020-01-03 00:04:44+00:00,600.0,9.412076923076924,35.03415384615384,35.2061878713712,9.332869270377905,27.096172971872647,-0.008576923076923038,-0.00014707590124771742,0.0013117827237465463
3,13.506,89.154,2020-01-03 00:04:44+00:00,610.0,9.326307692307692,35.03261538461538,35.20472024531724,9.246376138660096,27.10921289005364,-0.008576923076923215,-0.00014676260539587816,0.0013039918180993483
3,13.506,89.154,2020-01-03 00:04:44+00:00,620.0,9.2485,35.031,35.20318002036342,9.167817406120335,27.120827732109547,-0.007780769230769202,-0.0001540224953821223,0.0011614842055905684
3,13.506,89.154,2020-01-03 00:04:44+00:00,630.0,9.176,35.029333333333334,35.201588253517926,9.09455055096094,27.131481066563083,-0.007249999999999979,-0.00015917668454932255,0.0010653334453536445
3,13.506,89.154,2020-01-03 00:04:44+00:00,640.0,9.10424,35.0276,35.199929484110925,9.022030834003626,27.141905323979472,-0.007175999999999938,-0.00016587694070011594,0.0010424257416389083
3,13.506,89.154,2020-01-03 00:04:44+00:00,650.0,9.03544,35.025600000000004,35.19800272722958,8.952469828003276,27.151591297214736,-0.006880000000000131,-0.00019267568813461367,0.0009685973235264101
3,13.506,89.154,2020-01-03 00:04:44+00:00,660.0,8.96664,35.0236,35.19607596086001,8.882917978736,27.16122438980142,-0.006879999999999953,-0.0001926766369571453,0.0009633092586682323
3,13.506,89.154,2020-01-03 00:04:44+00:00,670.0,8.91296,35.02216000000001,35.19471194408642,8.828402076969414,27.168852589649305,-0.005367999999999995,-0.00013640167735857746,0.0007628199847886207
3,13.506,89.154,2020-01-03 00:04:44+00:00,680.0,8.86576,35.02096,35.193589103515244,8.780332525514796,27.175614618934105,-0.004720000000000013,-0.0001122840571177619,0.0006762029284800519
3,13.506,89.154,2020-01-03 00:04:44+00:00,690.0,8.81576,35.01968,35.192385862716726,8.729486032584344,27.182728439760922,-0.005000000000000071,-0.00012032407985174132,0.0007113820826816664
3,13.506,89.154,2020-01-03 00:04:44+00:00,700.0,8.75456,35.01808,35.19086103694901,8.667515710372784,27.19131594263422,-0.0061199999999999475,-0.0001524825767717175,0.0008587502873297126
3,13.506,89.154,2020-01-03 00:04:44+00:00,710.0,8.69336,35.01648,35.189334928167405,8.605553391805593,27.199860175662707,-0.0061199999999999475,-0.00015261087816043073,0.0008544233028487724
3,13.506,89.154,2020-01-03 00:04:44+00:00,720.0,8.634400000000001,35.01488,35.18780583606004,8.545825892238243,27.208012237985713,-0.005895999999999901,-0.00015290921073614073,0.0008152062323006249
3,13.506,89.154,2020-01-03 00:04:44+00:00,730.0,8.5764,35.01328,35.18627673675062,8.487060271286696,27.21597654000493,-0.005800000000000161,-0.0001529099309422577,0.0007964302019217939
3,13.506,89.154,2020-01-03 00:04:44+00:00,740.0,8.517199999999999,35.01168,35.184747630239116,8.427109388097763,27.224087265935623,-0.005920000000000059,-0.0001529106511505063,0.0008110725930691842
3,13.506,89.154,2020-01-03 00:04:44+00:00,750.0,8.453199999999999,35.01008,35.18321851652554,8.362395646591398,27.232893537574,-0.0064000000000000055,-0.00015291137135733379,0.0008806271638377439
3,13.506,89.154,2020-01-03 00:04:44+00:00,760.0,8.389199999999999,35.008480000000006,35.181689395609915,8.297690347044286,27.241653470431174,-0.0064000000000000055,-0.00015291209156274022,0.0008759932857174135
3,13.506,89.154,2020-01-03 00:04:44+00:00,770.0,8.32884,35.00688,35.180160267492205,8.236610536035421,27.249814488708807,-0.00603599999999993,-0.0001529128117709888,0.0008161018277633048
3,13.506,89.154,2020-01-03 00:04:44+00:00,780.0,8.27004,35.00528,35.17863113217243,8.177088611337885,27.257698231950826,-0.005879999999999974,-0.0001529135319778163,0.0007883743242018681
3,13.506,89.154,2020-01-03 00:04:44+00:00,790.0,8.21076,35.0036,35.17702159329915,8.117098764022945,27.26555192330011,-0.005927999999999933,-0.00016095388732750848,0.0007853691349282599
3,13.506,89.154,2020-01-03 00:04:44+00:00,800.0,8.149560000000001,35.0016,35.1750904607377,8.055214635547495,27.273401796947383,-0.0061199999999999475,-0.00019311325614523867,0.0007849873647273852
3,13.506,89.154,2020-01-03 00:04:44+00:00,810.0,8.08836,34.9996,35.17315872206507,7.993338452602486,27.28120835363029,-0.006120000000000125,-0.00019317386726314112,0.0007806556682908195
3,13.506,89.154,2020-01-03 00:04:44+00:00,820.0,8.01932,34.99732,35.17094319706827,7.923687622763463,27.289913887124158,-0.006903999999999933,-0.0002215524996799445,0.0008705533493866824
3,13.506,89.154,2020-01-03 00:04:44+00:00,830.0,7.94692,34.99492,35.16860706661253,7.850710833930914,27.298966776557336,-0.007240000000000002,-0.00023361304557383277,0.0009052889433178279
3,13.506,89.154,2020-01-03 00:04:44+00:00,840.0,7.878230769230769,34.99269230769231,35.16644408902748,7.78142611389818,27.30755062859089,-0.006868923076923128,-0.00021629775850513512,0.000858385203355283
3,13.506,89.154,2020-01-03 00:04:44+00:00,850.0,7.8243846153846155,34.99115384615384,35.164973756344715,7.726878758155671,27.314453046109293,-0.005384615384615365,-0.00014703326827643083,0.0006902417518404036
3,13.506,89.154,2020-01-03 00:04:44+00:00,860.0,7.770538461538461,34.989615384615384,35.16350341699936,7.67233821286828,27.321321904702927,-0.005384615384615455,-0.00014703393453530111,0.0006868858593634287
3,13.506,89.154,2020-01-03 00:04:44+00:00,870.0,7.71425,34.9875,35.16145327952831,7.615389156875726,27.3280575785941,-0.005628846153846112,-0.00020501374710519827,0.0006735673891171245
3,13.506,89.154,2020-01-03 00:04:44+00:00,880.0,7.656333333333333,34.985,35.159016604421296,7.5568371268958625,27.33468895114447,-0.005791666666666639,-0.00024366751070132865,0.0006631372550373271
3,13.506,89.154,2020-01-03 00:04:44+00:00,890.0,7.59576,34.982519999999994,35.15660001801156,7.495654789848478,27.341678807482367,-0.006057333333333315,-0.0002416586409736965,0.0006989856337895617
3,13.506,89.154,2020-01-03 00:04:44+00:00,900.0,7.52456,34.98012,35.15426381913095,7.423930493572112,27.350208135462708,-0.007120000000000015,-0.00023361988806058775,0.0008529327980340895
3,13.506,89.154,2020-01-03 00:04:44+00:00,910.0,7.45336,34.97772,35.15192724159649,7.35221574401865,27.358678929844473,-0.007120000000000015,-0.0002336577534464368,0.000847079438176479
3,13.506,89.154,2020-01-03 00:04:44+00:00,920.0,7.39168,34.9756,35.14986873472699,7.289954351205826,27.365963543047883,-0.0061679999999999955,-0.00020585068695027075,0.0007284613203410118
3,13.506,89.154,2020-01-03 00:04:44+00:00,930.0,7.33408,34.9736,35.14793081727966,7.231747976421998,27.372724288447444,-0.005759999999999987,-0.00019379174473286299,0.0006760745399560619
3,13.506,89.154,2020-01-03 00:04:44+00:00,940.0,7.27592,34.9716,35.145992891592094,7.172993275668663,27.379524799943965,-0.005815999999999999,-0.00019379256875637907,0.0006800511496521721
3,13.506,89.154,2020-01-03 00:04:44+00:00,950.0,7.21552,34.9696,35.144054957664295,7.112023445546573,27.386598188820244,-0.006040000000000045,-0.00019379339277989516,0.0007073388876278841
3,13.506,89.154,2020-01-03 00:04:44+00:00,960.0,7.155119999999999,34.9676,35.142117015496254,7.0510614410247,27.39362907404916,-0.006040000000000045,-0.00019379421680412178,0.0007030885228914485
3,13.506,89.154,2020-01-03 00:04:44+00:00,970.0,7.09556,34.96588,35.14046046309453,6.990936131923507,27.400722095842866,-0.005955999999999939,-0.00016565524017266852,0.0007093021793707522
3,13.506,89.154,2020-01-03 00:04:44+00:00,980.0,7.03636,34.96428,35.13892450299908,6.931173758253725,27.407818862411204,-0.0059199999999999696,-0.00015359600954454323,0.0007096766568338353
3,13.506,89.154,2020-01-03 00:04:44+00:00,990.0,6.9783599999999995,34.96268,35.137388536311434,6.872609348259939,27.414710628127295,-0.005800000000000072,-0.00015359666876477718,0.0006891765716090959
3,13.506,89.154,2020-01-03 00:04:44+00:00,1000.0,6.92516,34.96108,35.13585256303161,6.818813148240183,27.420909650823887,-0.005319999999999947,-0.00015359732798216896,0.0006199022696591783
3,13.506,89.154,2020-01-03 00:04:44+00:00,1010.0,6.87196,34.959480000000006,35.13431658315959,6.7650236559065,27.4270753292235,-0.005320000000000036,-0.00015359798720240291,0.0006165678399611352
3,13.506,89.154,2020-01-03 00:04:44+00:00,1020.0,6.8156799999999995,34.95732,35.132211021069274,6.7081954386999945,27.43317613826366,-0.005628000000000011,-0.00021055620903140949,0.0006100809040162858
3,13.506,89.154,2020-01-03 00:04:44+00:00,1030.0,6.75808,34.95492,35.12986424975179,6.650069223407597,27.439227405560814,-0.005759999999999987,-0.00023467713174838423,0.0006051267297152663
3,13.506,89.154,2020-01-03 00:04:44+00:00,1040.0,6.6993599999999995,34.95244,35.12743706893856,6.590841103748294,27.445325924820736,-0.005872000000000011,-0.00024271808132283467,0.0006098519259921886
3,13.506,89.154,2020-01-03 00:04:44+00:00,1050.0,6.63616,34.94964,35.124688276121056,6.527183904964034,27.451726401745873,-0.0063199999999999255,-0.0002748792817506285,0.00064004769251369
3,13.506,89.154,2020-01-03 00:04:44+00:00,1060.0,6.57296,34.94684,35.121939472852354,6.463534897025598,27.458079708033665,-0.006320000000000015,-0.00027488032687017494,0.0006353306287792293
3,13.506,89.154,2020-01-03 00:04:44+00:00,1070.0,6.5148,34.94432,35.119472062581636,6.4048856809477925,27.463944407102872,-0.005815999999999999,-0.00024674102707180625,0.0005864699069206836
3,13.506,89.154,2020-01-03 00:04:44+00:00,1080.0,6.4588,34.941919999999996,35.117125244607024,6.34838296249535,27.4695811202821,-0.005600000000000005,-0.00023468179746117813,0.0005636713179228536
3,13.506,89.154,2020-01-03 00:04:44+00:00,1090.0,6.404461538461538,34.939692307692304,35.11495158967074,6.293531427381143,27.475100240831125,-0.005433846153846211,-0.00021736549362856296,0.0005519120549024592
3,13.506,89.154,2020-01-03 00:04:44+00:00,1100.0,6.35676923076923,34.938153846153845,35.11347061569173,6.24526265745772,27.48026716122058,-0.00476923076923077,-0.00014809739790067056,0.0005166920389456208
3,13.506,89.154,2020-01-03 00:04:44+00:00,1110.0,6.3090769230769235,34.936615384615386,35.111989635970296,6.1969997169086195,27.48540679772691,-0.004769230769230681,-0.00014809797214354603,0.0005139636506328316
3,13.506,89.154,2020-01-03 00:04:44+00:00,1120.0,6.26325,34.93475,35.11018102393738,6.150595813179326,27.49002171879806,-0.004582692307692327,-0.00018086120329172673,0.00046149210711519115
3,13.506,89.154,2020-01-03 00:04:44+00:00,1130.0,6.218666666666667,34.93266666666666,35.10815346548136,6.105432779911136,27.494279853775424,-0.0044583333333333645,-0.00020275584560209837,0.0004258134977362715
3,13.506,89.154,2020-01-03 00:04:44+00:00,1140.0,6.175083333333333,34.93066666666667,35.10620965124724,6.061264469045582,27.49845217365828,-0.00435833333333333,-0.00019438142341172694,0.0004172319882854936
3,13.506,89.154,2020-01-03 00:04:44+00:00,1150.0,6.1355,34.929,35.10460083855035,6.021058753550464,27.502356672304586,-0.003958333333333286,-0.00016088126968938354,0.000390449864630682
3,13.506,89.154,2020-01-03 00:04:44+00:00,1160.0,6.095916666666667,34.92733333333333,35.10299201953303,5.980857566375665,27.506241993798994,-0.0039583333333333744,-0.00016088190173135786,0.00038853214944083446
3,13.506,89.154,2020-01-03 00:04:44+00:00,1170.0,6.0617600000000005,34.92604,35.10175840582741,5.946030223564766,27.50971860598179,-0.003415666666666617,-0.00012336137056223606,0.00034766121827942695
3,13.506,89.154,2020-01-03 00:04:44+00:00,1180.0,6.0289600000000005,34.924839999999996,35.100618590302155,5.912548814617991,27.51308391879661,-0.003279999999999994,-0.00011398155252564379,0.0003365312814821664
3,13.506,89.154,2020-01-03 00:04:44+00:00,1190.0,5.993769230769231,34.92353846153846,35.099376720523615,5.87670483316659,27.516655433094,-0.00351907692307698,-0.00012418697785392395,0.00035715142973913316
3,13.506,89.154,2020-01-03 00:04:44+00:00,1200.0,5.953,34.922,35.09789672938738,5.835344307455677,27.520721333388792,-0.004076923076923045,-0.00014799911362359808,0.0004065900294790481
3,13.506,89.154,2020-01-03 00:04:44+00:00,1210.0,5.91223076923077,34.92046153846154,35.09641673241691,5.793988502039567,27.52476690343792,-0.004076923076923045,-0.0001479996970466857,0.000404557004912931
3,13.506,89.154,2020-01-03 00:04:44+00:00,1220.0,5.86024,34.9186,35.09460758959189,5.741532221525275,27.529923440949005,-0.005199076923076973,-0.00018091428250244235,0.0005156537511084025
3,13.506,89.154,2020-01-03 00:04:44+00:00,1230.0,5.80344,34.9166,35.09265738005306,5.6843234516922685,27.535528847875412,-0.005679999999999996,-0.00019502095388261863,0.0005605406926406431
3,13.506,89.154,2020-01-03 00:04:44+00:00,1240.0,5.74864,34.9146,35.09070716365542,5.629101731078254,27.540850407441667,-0.005480000000000018,-0.00019502163976383712,0.0005321559566255019
3,13.506,89.154,2020-01-03 00:04:44+00:00,1250.0,5.70184,34.9126,35.088756940398966,5.581805444459157,27.545160123894675,-0.0046800000000000175,-0.00019502232564576615,0.000430971645300815
3,13.506,89.154,2020-01-03 00:04:44+00:00,1260.0,5.65504,34.910599999999995,35.08680671028373,5.534514794734562,27.549443097148014,-0.0046800000000000175,-0.00019502301152343193,0.0004282973253339151
3,13.506,89.154,2020-01-03 00:04:44+00:00,1270.0,5.61076,34.908879999999996,35.08513788705338,5.48971968474066,27.553616340669123,-0.004427999999999965,-0.00016688232303536666,0.0004173243521108816
3,13.506,89.154,2020-01-03 00:04:44+00:00,1280.0,5.56756,34.90728,35.083589664020366,5.445996854706173,27.55773056239491,-0.004319999999999968,-0.00015482230330121638,0.0004114221725785683
3,13.506,89.154,2020-01-03 00:04:44+00:00,1290.0,5.52236,34.9056,35.081961031299194,5.400301277705884,27.56199830731134,-0.004520000000000035,-0.0001628632721171641,0.0004267744916433003
3,13.506,89.154,2020-01-03 00:04:44+00:00,1300.0,5.4691600000000005,34.903600000000004,35.080010775463464,5.346700367071643,27.566941956708433,-0.005319999999999947,-0.00019502558357302745,0.0004943649397091577
3,13.506,89.154,2020-01-03 00:04:44+00:00,1310.0,5.41596,34.9016,35.078060512768936,5.29310613306984,27.57185121565226,-0.005320000000000036,-0.00019502626945282485,0.0004909258943825989
3,13.506,89.154,2020-01-03 00:04:44+00:00,1320.0,5.3636,34.8996,35.07611153395219,5.240349526403354,27.576627932345218,-0.005236000000000018,-0.00019489788167490474,0.0004776716692958871
3,13.506,89.154,2020-01-03 00:04:44+00:00,1330.0,5.311599999999999,34.897600000000004,35.07416340857045,5.187955548512456,27.58132964257834,-0.005200000000000049,-0.00019481253817374978,0.0004701710233121048
3,13.506,89.154,2020-01-03 00:04:44+00:00,1340.0,5.260319999999999,34.8956,35.072215276083355,5.136280194198361,27.585914247029223,-0.005128000000000021,-0.0001948132487093801,0.00045846044508834893
3,13.506,89.154,2020-01-03 00:04:44+00:00,1350.0,5.21192,34.8936,35.0702671364909,5.087459532701976,27.590131989010843,-0.004839999999999911,-0.00019481395924572097,0.0004217741981619838
3,13.506,89.154,2020-01-03 00:04:44+00:00,1360.0,5.16352,34.8916,35.068318989793084,5.038644769317187,27.594320930470076,-0.00484,-0.0001948146697813513,0.00041889414592333196
3,13.506,89.154,2020-01-03 00:04:44+00:00,1370.0,5.11988,34.89016,35.066933673272885,4.994535030146803,27.598377319096244,-0.00436399999999999,-0.00013853165201993534,0.00040563886261679727
3,13.506,89.154,2020-01-03 00:04:44+00:00,1380.0,5.07828,34.88896,35.065789568041566,4.952444230029738,27.602366747743872,-0.004159999999999986,-0.00011441052313188038,0.00039894286476283014
3,13.506,89.154,2020-01-03 00:04:44+00:00,1390.0,5.038481481481481,34.8877037037037,35.064588876821226,4.912140168458085,27.60608445363573,-0.003979851851851901,-0.00012006912203403886,0.00037177058918587137
3,13.506,89.154,2020-01-03 00:04:44+00:00,1400.0,5.005888888888888,34.88622222222222,35.063161853834444,4.878967572221025,27.60878424112775,-0.003259259259259295,-0.00014270229867818784,0.0002699787492019823
3,13.506,89.154,2020-01-03 00:04:44+00:00,1410.0,4.973296296296296,34.88474074074074,35.06173482558443,4.845798404646528,27.61147056183586,-0.003259259259259206,-0.00014270282500135069,0.00026863207081078143
3,13.506,89.154,2020-01-03 00:04:44+00:00,1420.0,4.931130434782609,34.88313043478261,35.06017959118671,4.803171744587832,27.61512326915772,-0.004216586151368773,-0.00015552343977205397,0.00036527073218621807
3,13.506,89.154,2020-01-03 00:04:44+00:00,1430.0,4.879391304347826,34.88139130434783,35.058496788449595,4.751089868639051,27.61972832057495,-0.005173913043478251,-0.00016828027371147415,0.00046050514172293335
3,13.506,89.154,2020-01-03 00:04:44+00:00,1440.0,4.82888,34.87968,35.056841946637526,4.7002275270453096,27.624185479407743,-0.005051130434782625,-0.00016548418120692076,0.00044571588327926295
3,13.506,89.154,2020-01-03 00:04:44+00:00,1450.0,4.78328,34.87808,35.055298968328614,4.654223300847926,27.62815402484489,-0.004559999999999942,-0.00015429783089118131,0.00039685454371465314
3,13.506,89.154,2020-01-03 00:04:44+00:00,1460.0,4.73768,34.87648,35.05375598404246,4.608224558877621,27.63209677721352,-0.004560000000000031,-0.00015429842861536258,0.0003942752368629954
3,13.506,89.154,2020-01-03 00:04:44+00:00,1470.0,4.69404,34.87488,35.05221299377904,4.564167852669174,27.635798049320783,-0.00436399999999999,-0.000154299026342386,0.00037012721072642306
3,13.506,89.154,2020-01-03 00:04:44+00:00,1480.0,4.6512400000000005,34.87328,35.05066999753837,4.520946196010866,27.639383580935146,-0.004279999999999973,-0.00015429962406656727,0.00035855316143624806
3,13.506,89.154,2020-01-03 00:04:44+00:00,1490.0,4.60868,34.87168,35.04912699532045,4.477966660266051,27.642920062280382,-0.004256000000000082,-0.00015430022179216963,0.0003536481345236098
3,13.506,89.154,2020-01-03 00:04:44+00:00,1500.0,4.56708,34.87008,35.04758398712528,4.435940399613339,27.64632971549372,-0.004159999999999986,-0.00015430081951706143,0.00034096532133389703
3,13.506,89.154,2020-01-03 00:04:44+00:00,1510.0,4.52548,34.868480000000005,35.04604097295285,4.393918976115676,27.64971766618487,-0.004159999999999986,-0.00015430141724266379,0.00033879506911489444
3,13.506,89.154,2020-01-03 00:04:44+00:00,1520.0,4.48248,34.8666,35.04420900262842,4.350523498959326,27.653005870283778,-0.004300000000000015,-0.00018319703244316088,0.0003288204098907954
3,13.506,89.154,2020-01-03 00:04:44+00:00,1530.0,4.43888,34.8646,35.04223886007844,4.306542336639402,27.656225730047254,-0.004359999999999964,-0.00019701425499789592,0.0003219859763476052
3,13.506,89.154,2020-01-03 00:04:44+00:00,1540.0,4.39464,34.86268,35.040349120634474,4.261933264138667,27.659553407107296,-0.004424000000000028,-0.00018897394439676418,0.00033276770600423335
3,13.506,89.154,2020-01-03 00:04:44+00:00,1550.0,4.34784,34.86108,35.03878100794919,4.214797519865787,27.663382036850408,-0.0046800000000000175,-0.00015681126852840066,0.0003828629743111378
3,13.506,89.154,2020-01-03 00:04:44+00:00,1560.0,4.3010399999999995,34.859480000000005,35.0372128915884,4.167667456063904,27.667183309193888,-0.0046800000000000175,-0.00015681163607865755,0.00038012723434803773
3,13.506,89.154,2020-01-03 00:04:44+00:00,1570.0,4.2382800000000005,34.85676,35.034519059886776,4.1048014831899176,27.67173626420731,-0.006275999999999904,-0.0002693831701627403,0.00045529550134233433
3,13.506,89.154,2020-01-03 00:04:44+00:00,1580.0,4.16868,34.85356,35.03134277352889,4.035197902247602,27.67656810758058,-0.006960000000000033,-0.00031762863578848054,0.0004831843373267475
3,13.506,89.154,2020-01-03 00:04:44+00:00,1590.0,4.102600000000001,34.8506,35.02840770429961,3.969075006387165,27.681168831669083,-0.006607999999999947,-0.00029350692292808846,0.00046007240885046483
3,13.506,89.154,2020-01-03 00:04:44+00:00,1600.0,4.0506,34.8486,35.02643752729171,3.9168451262955135,27.685040577915515,-0.005200000000000049,-0.0001970177007898144,0.00038717462464319394
3,13.506,89.154,2020-01-03 00:04:44+00:00,1610.0,3.9986,34.846599999999995,35.02446734568942,3.864621755247839,27.68887846012194,-0.005200000000000005,-0.00019701816022887897,0.0003837882206426002
3,13.506,89.154,2020-01-03 00:04:44+00:00,1620.0,3.94996,34.8446,35.02249715949276,3.815720541180436,27.692342926485935,-0.004864000000000024,-0.00019701861966652244,0.0003464466363993779
3,13.506,89.154,2020-01-03 00:04:44+00:00,1630.0,3.9027600000000002,34.8426,35.020526968701695,3.7682461537606944,27.695632875842193,-0.004719999999999969,-0.00019701907910629757,0.0003289949356258148
3,13.506,89.154,2020-01-03 00:04:44+00:00,1640.0,3.8580400000000004,34.84076,35.01871759055488,3.723222334030539,27.69877429247481,-0.004471999999999987,-0.0001809378146816698,0.0003141416632615801
3,13.506,89.154,2020-01-03 00:04:44+00:00,1650.0,3.82324,34.83956,35.017551477870775,3.687982469642374,27.701413652908514,-0.0034800000000000165,-0.0001166112684103382,0.00026393604337044964
3,13.506,89.154,2020-01-03 00:04:44+00:00,1660.0,3.78844,34.83836,35.01638536243005,3.6527463798993147,27.704037458822086,-0.0034800000000000165,-0.00011661154407249796,0.00026238059135721417
3,13.506,89.154,2020-01-03 00:04:44+00:00,1670.0,3.75112,34.83688,35.01493781310028,3.615031826398288,27.706671136150817,-0.0037320000000000244,-0.00014475493297680942,0.000263367732873121
3,13.506,89.154,2020-01-03 00:04:44+00:00,1680.0,3.71272,34.835280000000004,35.013369646890396,3.5762576954798533,27.709297304862048,-0.0038399999999999767,-0.00015681662098856463,0.00026261687112310027
3,13.506,89.154,2020-01-03 00:04:44+00:00,1690.0,3.67536,34.833760000000005,35.011881886083735,3.5385125817056085,27.711866729541043,-0.003736000000000006,-0.00014877608066612424,0.0002569424678995347
3,13.506,89.154,2020-01-03 00:04:44+00:00,1700.0,3.64216,34.83256,35.010715758467875,3.504870093174746,27.714268749249186,-0.0033199999999999896,-0.0001166127615860546,0.00024020197081426887
3,13.506,89.154,2020-01-03 00:04:44+00:00,1710.0,3.60896,34.831360000000004,35.00954962809539,3.4712311211943447,27.716656509682707,-0.0033199999999999896,-0.00011661303724821436,0.000238776043352118
3,13.506,89.154,2020-01-03 00:04:44+00:00,1720.0,3.5757600000000003,34.82988,35.00810206222584,3.4375991006918887,27.71880672872726,-0.0033199999999999896,-0.00014475658695545235,0.00021502190445517045
3,13.506,89.154,2020-01-03 00:04:44+00:00,1730.0,3.54256,34.82828,35.00653387878698,3.4039720467188213,27.720846918771713,-0.003320000000000034,-0.00015681834388558968,0.00020401900444539934
3,13.506,89.154,2020-01-03 00:04:44+00:00,1740.0,3.50936,34.82676,35.005046101210816,3.370347505489129,27.722936555288015,-0.0033199999999999896,-0.00014877775761661382,0.0002089636516302562
3,13.506,89.154,2020-01-03 00:04:44+00:00,1750.0,3.47616,34.825559999999996,35.0038799586632,3.3367225604907853,27.725267095587697,-0.0033199999999999896,-0.00011661425476177101,0.00023305402996811608
3,13.506,89.154,2020-01-03 00:04:44+00:00,1760.0,3.44296,34.82436,35.002713813358945,3.3031011277144846,27.72758333154752,-0.003320000000000034,-0.00011661453042535185,0.0002316235959824553
3,13.506,89.154,2020-01-03 00:04:44+00:00,1770.0,3.41004,34.82316,35.001547665298084,3.269759175153135,27.72985882664875,-0.0032919999999999837,-0.00011661480608609054,0.00022754951012302627
3,13.506,89.154,2020-01-03 00:04:44+00:00,1780.0,3.37724,34.82196,35.000374075466425,3.2365390409758223,27.732103047557075,-0.003279999999999994,-0.00011735898316587168,0.00022442209083237686
3,13.506,89.154,2020-01-03 00:04:44+00:00,1790.0,3.34516,34.820679999999996,34.999119246900655,3.2040328472421784,27.734201394838692,-0.0032080000000000108,-0.0001254828565770083,0.00020983472816169524
3,13.506,89.154,2020-01-03 00:04:44+00:00,1800.0,3.31596,34.81908,34.99754277586439,3.174371685186906,27.73576251160671,-0.0029199999999999894,-0.0001576471036266014,0.00015611167680162907
3,13.506,89.154,2020-01-03 00:04:44+00:00,1810.0,3.28676,34.81748,34.99596630191217,3.1447133796702587,27.737312343115946,-0.0029199999999999894,-0.00015764739522197146,0.0001549831509237265
3,13.506,89.154,2020-01-03 00:04:44+00:00,1820.0,3.2575600000000002,34.81616,34.99467126067485,3.115054574105984,27.7390744072668,-0.0029199999999999894,-0.00012950412373200493,0.00017620641508528934
3,13.506,89.154,2020-01-03 00:04:44+00:00,1830.0,3.22836,34.81496,34.993496832411594,3.0853972019788953,27.740921026150545,-0.0029200000000000337,-0.00011744282632548675,0.0001846618883746487
3,13.506,89.154,2020-01-03 00:04:44+00:00,1840.0,3.19956,34.81384,34.99240281228742,3.0561357705831638,27.742783590755153,-0.0028799999999999937,-0.00010940201241709247,0.00018625646046075418
3,13.506,89.154,2020-01-03 00:04:44+00:00,1850.0,3.17236,34.81304,34.991630431717844,3.0284493043845098,27.74474453769858,-0.0027200000000000115,-7.723805695789566e-05,0.00019609469434271886
3,13.506,89.154,2020-01-03 00:04:44+00:00,1860.0,3.14516,34.812239999999996,34.99085804969028,3.0007654157568506,27.746695724202937,-0.002719999999999967,-7.723820275629123e-05,0.0001951186504356883
3,13.506,89.154,2020-01-03 00:04:44+00:00,1870.0,3.1188000000000002,34.81116,34.989804229298194,2.9739146760944664,27.74833731306694,-0.002635999999999994,-0.00010538203920873457,0.00016415888640040067
3,13.506,89.154,2020-01-03 00:04:44+00:00,1880.0,3.0928,34.80996,34.98862979101141,2.9474222982520906,27.749841268872842,-0.0026000000000000246,-0.00011744382867817649,0.0001503955805901569
3,13.506,89.154,2020-01-03 00:04:44+00:00,1890.0,3.0672800000000002,34.80876,34.98745535053767,2.9214049309843193,27.751292972091278,-0.0025519999999999766,-0.0001174440473739935,0.00014517032184357959
3,13.506,89.154,2020-01-03 00:04:44+00:00,1900.0,3.04368,34.807559999999995,34.98628090787698,2.8972802722858626,27.752563649807144,-0.0023600000000000066,-0.00011744426606909996,0.00012706777158655314
3,13.506,89.154,2020-01-03 00:04:44+00:00,1910.0,3.02008,34.80636,34.98510646302934,2.8731576130577143,27.753826815185903,-0.0023600000000000066,-0.00011744448476420643,0.00012631653787593678
3,13.506,89.154,2020-01-03 00:04:44+00:00,1920.0,2.99564,34.80544,34.98421345417702,2.8482067279664984,27.755381081950873,-0.002444000000000024,-8.93008852315802e-05,0.0001554266764969725
3,13.506,89.154,2020-01-03 00:04:44+00:00,1930.0,2.97084,34.80464,34.98344106012124,2.8229021989659007,27.757055224535634,-0.0024799999999999935,-7.723940557866627e-05,0.00016741425847612845
3,13.506,89.154,2020-01-03 00:04:44+00:00,1940.0,2.9463846153846154,34.803769230769234,34.98259753175111,2.7979398945231417,27.758634096856895,-0.0024455384615384547,-8.435283701260232e-05,0.00015788723212608601
3,13.506,89.154,2020-01-03 00:04:44+00:00,1950.0,2.9233076923076924,34.802615384615386,34.98146947011064,2.7743397351654093,27.75985711803878,-0.0023076923076922997,-0.00011280616404718558,0.00012230211818859972
3,13.506,89.154,2020-01-03 00:04:44+00:00,1960.0,2.9002307692307694,34.80146153846154,34.98034140636733,2.7507414911362646,27.761072930543605,-0.0023076923076922997,-0.00011280637433088713,0.00012158125048244983
4,12.783333333333331,85.23333333333333,2020-01-03 04:11:58+00:00,10.0,27.8124,33.5514,33.709971695116785,27.874963850903917,21.368575757928284,,,
4,12.783333333333331,85.23333333333333,2020-01-03 04:11:58+00:00,20.0,27.8356,33.5767,33.735404206822864,27.89486984996199,21.38083131178496,0.002319999999999922,0.002543251170607874,0.0012255553856675761
4,12.783333333333331,85.23333333333333,2020-01-03 04:11:58+00:00,30.0,27.969,33.71,33.86939622867582,28.02092745952883,21.438455289254534,0.013340000000000175,0.013399202185295422,0.0057623977469575035
4,12.783333333333331,85.23333333333333,2020-01-03 04:11:58+00:00,40.0,27.938,33.73233333333333,33.891912696204464,27.986542493612735,21.466141684001627,-0.003100000000000236,0.0022516467528646443,0.002768639474709289
4,12.783333333333331,85.23333333333333,2020-01-03 04:11:58+00:00,50.0,27.94,33.74966666666667,33.90954895738953,27.98547301091331,21.479443298218257,0.00020000000000024442,0.001763626118506778,0.0013301614216629787
4,12.783333333333331,85.23333333333333,2020-01-03 04:11:58+00:00,60.0,27.948,33.758916666666664,33.919008833026304,27.990757167433472,21.484679375931933,0.0007999999999999119,0.0009459875636771642,0.0005236077713675514
4,12.783333333333331,85.23333333333333,2020-01-03 04:11:58+00:00,70.0,27.99521052631579,34.01126315789474,34.1727193033793,28.025354904685884,21.65981555016299,0.00472105263157907,0.02537104703529991,0.017513617423105643
4,12.783333333333331,85.23333333333333,2020-01-03 04:11:58+00:00,80.0,27.017,34.823,34.98851479954747,27.009502118642015,22.58689349881763,-0.09782105263157917,0.08157954961681639,0.09270779486546417
4,12.783333333333331,85.23333333333333,2020-01-03 04:11:58+00:00,90.0,24.396384615384616,34.84907692307692,35.01497199329355,24.381642334722574,23.418302859257324,-0.2620615384615384,0.002645719374608291,0.0831409360439693
4,12.783333333333331,85.23333333333333,2020-01-03 04:11:58+00:00,100.0,22.97125,34.773250000000004,34.939039873279825,22.9554110321964,23.779998276712263,-0.14251346153846142,-0.0075932120013725065,0.036169541745493916
4,12.783333333333331,85.23333333333333,2020-01-03 04:11:58+00:00,110.0,21.691399999999998,34.9222,35.08893400164981,21.667258968134025,24.255524566380245,-0.12798500000000032,0.01498941283699864,0.04755262896679824
4,12.783333333333331,85.23333333333333,2020-01-03 04:11:58+00:00,120.0,20.503,34.914,35.0809262267082,20.476515796562328,24.57387805530834,-0.11883999999999979,-0.0008007774941610535,0.03183534889280963
4,12.783333333333331,85.23333333333333,2020-01-03 04:11:58+00:00,130.0,19.541923076923077,34.904384615384615,35.07147784089164,19.513541452087058,24.820428298633033,-0.09610769230769237,-0.0009448385816561711,0.024655024332469112
4,12.783333333333331,85.23333333333333,2020-01-03 04:11:58+00:00,140.0,18.141,34.901,35.06826246368661,18.110782782215242,25.173345293801276,-0.14009230769230782,-0.0003215377205030734,0.035291699516824336
4,12.783333333333331,85.23333333333333,2020-01-03 04:11:58+00:00,150.0,17.239,34.915,35.082515073750265,17.206807253028693,25.404069142506614,-0.09019999999999975,0.0014252610063657301,0.023072384870533823
4,12.783333333333331,85.23333333333333,2020-01-03 04:11:58+00:00,160.0,16.629199999999997,34.9212,35.08889963467738,16.59539294310366,25.55359745685746,-0.060980000000000346,0.0006384560927116922,0.01495283143508459
4,12.783333333333331,85.23333333333333,2020-01-03 04:11:58+00:00,170.0,16.017,34.939,35.10693659128,15.981423919210647,25.70923166125499,-0.06121999999999979,0.0018036956602614396,0.015563420439752918
4,12.783333333333331,85.23333333333333,2020-01-03 04:11:58+00:00,180.0,15.518727272727274,34.959545454545456,35.127722211350736,15.481390570292639,25.838140102683155,-0.04982727272727257,0.00207856200707397,0.012890844142816604
4,12.783333333333331,85.23333333333333,2020-01-03 04:11:58+00:00,190.0,15.06121052631579,34.96063157894737,35.128939746752295,15.022701857404279,25.940832378289997,-0.04575167464114838,0.00012175354015582229,0.010269227560684158
4,12.783333333333331,85.23333333333333,2020-01-03 04:11:58+00:00,200.0,14.501000000000001,34.98008333333333,35.14861140244795,14.461077687280826,26.077802191803585,-0.05602105263157888,0.00196716556956531,0.013696981351358772
4,12.783333333333331,85.23333333333333,2020-01-03 04:11:58+00:00,210.0,14.061815999999999,34.992672,35.16134588354745,14.020643913874782,26.181142795089954,-0.04391840000000027,0.0012734481099499818,0.010334060328636952
4,12.783333333333331,85.23333333333333,2020-01-03 04:11:58+00:00,220.0,13.684879518072288,35.00164658634538,35.17043862901591,13.642559300250761,26.2670165012521,-0.03769364819277108,0.0009092745468464614,0.008587370616214684
4,12.783333333333331,85.23333333333333,2020-01-03 04:11:58+00:00,230.0,13.33066265060241,35.009277108433736,35.178180864140856,13.287273368396331,26.3458803279309,-0.03542168674698783,0.0007742235124943875,0.007886382667879843
4,12.783333333333331,85.23333333333333,2020-01-03 04:11:58+00:00,240.0,13.00494140625,35.01626953125,35.185281952747786,12.960525044869584,26.417344911346618,-0.032572124435241004,0.0007101088606930262,0.007146458341571816
4,12.783333333333331,85.23333333333333,2020-01-03 04:11:58+00:00,250.0,12.76470703125,35.02134765625,35.19045952965985,12.719217402495627,26.469421392556114,-0.0240234375,0.0005177576912060999,0.005207648120949671
4,12.783333333333331,85.23333333333333,2020-01-03 04:11:58+00:00,260.0,12.52447265625,35.02642578125,35.19563193142794,12.4779553121166,26.520929727599423,-0.0240234375,0.0005172401768092528,0.005150833504330876
4,12.783333333333331,85.23333333333333,2020-01-03 04:11:58+00:00,270.0,12.328008,35.031588,35.20088755417029,12.28041628879177,26.563472122221583,-0.019646465624999897,0.0005255622742353694,0.004254239462215992
4,12.783333333333331,85.23333333333333,2020-01-03 04:11:58+00:00,280.0,12.151208,35.036787999999994,35.20618116100275,12.102534060212923,26.60189192013968,-0.017680000000000008,0.000529360683245983,0.0038419797918095356
4,12.783333333333331,85.23333333333333,2020-01-03 04:11:58+00:00,290.0,11.975016,35.041304,35.21078747987386,11.9253045633471,26.63935450813051,-0.017619200000000036,0.000460631887110452,0.00374625879908308
4,12.783333333333331,85.23333333333333,2020-01-03 04:11:58+00:00,300.0,11.801416,35.042904,35.21246370694713,11.750754020951877,26.67375290117684,-0.017360000000000042,0.00016762270732755268,0.0034398393046330966
4,12.783333333333331,85.23333333333333,2020-01-03 04:11:58+00:00,310.0,11.627816,35.044504,35.214148838952184,11.576232537716036,26.707854427491384,-0.017360000000000042,0.00016851320050506046,0.0034101526314543663
4,12.783333333333331,85.23333333333333,2020-01-03 04:11:58+00:00,320.0,11.48128125,35.04580859375,35.21554095496812,11.428741849220083,26.736416168465666,-0.014653474999999893,0.0001392116015935585,0.0028561740974282655
4,12.783333333333331,85.23333333333333,2020-01-03 04:11:58+00:00,330.0,11.34690625,35.04698046875,35.21679971519466,11.293404912643556,26.76242128915237,-0.013437500000000036,0.00012587602265412556,0.0026005120686704688
4,12.783333333333331,85.23333333333333,2020-01-03 04:11:58+00:00,340.0,11.21662396694215,35.048,35.21790539857131,11.162173890440714,26.787375929251766,-0.013028228305785029,0.00011056833766502905,0.0024954640099394965
4,12.783333333333331,85.23333333333333,2020-01-03 04:11:58+00:00,350.0,11.113731404958678,35.048,35.217986610585406,11.058295681866042,26.80639574644715,-0.010289256198347196,8.12120140949446e-06,0.0019019817195385258
4,12.783333333333331,85.23333333333333,2020-01-03 04:11:58+00:00,360.0,11.010838842975206,35.048,35.21807575343011,10.95443258835675,26.825311227872817,-0.010289256198347196,8.914284470051825e-06,0.0018915481425665348
4,12.783333333333331,85.23333333333333,2020-01-03 04:11:58+00:00,370.0,10.911145161290323,35.048,35.21816829520221,10.853773886269382,26.843544889285795,-0.009969368168488302,9.254177210493709e-06,0.0018233661412978108
4,12.783333333333331,85.23333333333333,2020-01-03 04:11:58+00:00,380.0,10.812758064516128,35.048,35.21826083697432,10.75443241698908,26.861441269543775,-0.009838709677419465,9.254177211204251e-06,0.0017896380257980127
4,12.783333333333331,85.23333333333333,2020-01-03 04:11:58+00:00,390.0,10.714927419354838,35.04790725806452,35.218260186031955,10.655661970710272,26.879064909216822,-0.009783064516128981,-6.509423684519789e-08,0.0017623639673047364
4,12.783333333333331,85.23333333333333,2020-01-03 04:11:58+00:00,400.0,10.618959677419355,35.04750403225806,35.21794754077938,10.558768845176589,26.89601705301584,-0.009596774193548364,-3.1264525257768125e-05,0.0016952143799016995
4,12.783333333333331,85.23333333333333,2020-01-03 04:11:58+00:00,410.0,10.522991935483871,35.04710080645161,35.21762232420698,10.461889967090398,26.91286202168726,-0.009596774193548364,-3.252165723992562e-05,0.0016844968671421157
4,12.783333333333331,85.23333333333333,2020-01-03 04:11:58+00:00,420.0,10.432267716535433,35.047,35.21759261782317,10.37024462839448,26.928924272574932,-0.009072421894843785,-2.9706383806171743e-06,0.0016062250887671325
4,12.783333333333331,85.23333333333333,2020-01-03 04:11:58+00:00,430.0,10.343291338582677,35.047,35.21766420836435,10.280352098291235,26.944674447882335,-0.008897637795275592,7.159054117522601e-06,0.001575017530740297
4,12.783333333333331,85.23333333333333,2020-01-03 04:11:58+00:00,440.0,10.253333333333332,35.04666666666667,35.217400841697575,10.189500883235581,26.96024955117923,-0.008995800524934516,-2.633666667719581e-05,0.0015575103296896486
4,12.783333333333331,85.23333333333333,2020-01-03 04:11:58+00:00,450.0,10.15968253968254,35.04507936507936,35.215877393991974,10.09500789519988,26.97539297494859,-0.009365079365079155,-0.00015234477056011997,0.0015143423769359288
4,12.783333333333331,85.23333333333333,2020-01-03 04:11:58+00:00,460.0,10.066031746031747,35.04349206349206,35.214353939801626,10.000528267592799,26.99044225282819,-0.009365079365079331,-0.00015234541903481614,0.0015049277879597867
4,12.783333333333331,85.23333333333333,2020-01-03 04:11:58+00:00,470.0,9.98525,35.043,35.21393105952143,9.91885987895578,27.00406879867478,-0.00807817460317466,-4.228802801975462e-05,0.0013626545846591397
4,12.783333333333331,85.23333333333333,2020-01-03 04:11:58+00:00,480.0,9.910250000000001,35.043,35.21400264189179,9.842952203249265,27.017032505782936,-0.007499999999999929,7.158237036009041e-06,0.0012963707108156087
4,12.783333333333331,85.23333333333333,2020-01-03 04:11:58+00:00,490.0,9.83613389121339,35.04305439330544,35.21412888310686,9.767934289574999,27.02982917362965,-0.007411610878661179,1.2624121507087693e-05,0.0012796667846714626
4,12.783333333333331,85.23333333333333,2020-01-03 04:11:58+00:00,500.0,9.767933054393305,35.04347280334728,35.21462091909459,9.698810549510396,27.041860302342002,-0.006820083682008438,4.920359877331748e-05,0.0012031128712351347
4,12.783333333333331,85.23333333333333,2020-01-03 04:11:58+00:00,510.0,9.699732217573223,35.04389121338912,35.215116444062666,9.629696168899235,27.05384354841908,-0.00682008368200826,4.955249680733686e-05,0.0011983246077079458
4,12.783333333333331,85.23333333333333,2020-01-03 04:11:58+00:00,520.0,9.618822134387353,35.04078260869565,35.212071202421754,9.548002868939214,27.06513013575841,-0.008091008318587,-0.0003045241640911911,0.0011286587339327525
4,12.783333333333331,85.23333333333333,2020-01-03 04:11:58+00:00,530.0,9.533446640316205,35.036434782608694,35.20778066503085,9.46189782721347,27.07611218815623,-0.008537549407114754,-0.0004290537390900795,0.0010982052397821463
4,12.783333333333331,85.23333333333333,2020-01-03 04:11:58+00:00,540.0,9.451779527559054,35.032669291338586,35.2040752921807,9.379485185588981,27.08686072136652,-0.008166711275715065,-0.0003705372850156152,0.001074853321028968
4,12.783333333333331,85.23333333333333,2020-01-03 04:11:58+00:00,550.0,9.384062992125983,35.03109448818898,35.202571313963126,9.310929984049668,27.09697137117314,-0.00677165354330711,-0.0001503978217570534,0.001011064980662013
4,12.783333333333331,85.23333333333333,2020-01-03 04:11:58+00:00,560.0,9.316346456692914,35.029519685039375,35.20106732868502,9.24238383044199,27.107031162988278,-0.006771653543306932,-0.00015039852781058017,0.0010059791815137942
4,12.783333333333331,85.23333333333333,2020-01-03 04:11:58+00:00,570.0,9.246882113821139,35.02763821138212,35.19925516331497,9.172112794235868,27.117082973506967,-0.006946434287177538,-0.00018121653700475804,0.0010051810518689308
4,12.783333333333331,85.23333333333333,2020-01-03 04:11:58+00:00,580.0,9.176556910569106,35.02560569105691,35.19729120245388,9.100997079660418,27.12710159441258,-0.007032520325203251,-0.0001963960861090186,0.0010018620905611897
4,12.783333333333331,85.23333333333333,2020-01-03 04:11:58+00:00,590.0,9.10312048192771,35.02349397590361,35.195247649284056,9.026796214812016,27.13750211714114,-0.0073436428641395326,-0.00020435531698268506,0.0010400522728559736
4,12.783333333333331,85.23333333333333,2020-01-03 04:11:58+00:00,600.0,9.017979919678716,35.0210843373494,35.19290470157443,8.940964775725668,27.149476267819864,-0.00851405622489949,-0.00023429477096286177,0.0011974150678724983
4,12.783333333333331,85.23333333333333,2020-01-03 04:11:58+00:00,610.0,8.93283935742972,35.01867469879518,35.19056438381844,8.855145102926604,27.16137230467666,-0.008514056224899669,-0.00023403177559870868,0.0011896036856796854
4,12.783333333333331,85.23333333333333,2020-01-03 04:11:58+00:00,620.0,8.856872000000001,35.016848,35.188813818302876,8.778452763899677,27.172201674987946,-0.007596735742971816,-0.00017505655155645173,0.0010829370311284947
4,12.783333333333331,85.23333333333333,2020-01-03 04:11:58+00:00,630.0,8.784472,35.015248,35.1872910565601,8.70531548792012,27.18258473643027,-0.0072400000000001795,-0.00015227617427768792,0.0010383061442325926
4,12.783333333333331,85.23333333333333,2020-01-03 04:11:58+00:00,640.0,8.714623999999999,35.013648,35.185768287040524,8.634726486178536,27.192510739634827,-0.006984800000000036,-0.00015227695195747516,0.0009926003204554946
4,12.783333333333331,85.23333333333333,2020-01-03 04:11:58+00:00,650.0,8.653824,35.012048,35.184245509744144,8.573146072407983,27.200975415318908,-0.006079999999999863,-0.00015227772963797293,0.0008464675684081158
4,12.783333333333331,85.23333333333333,2020-01-03 04:11:58+00:00,660.0,8.593024,35.010448,35.18272272467097,8.511573593190379,27.209398250940694,-0.006080000000000041,-0.00015227850731776017,0.0008422835621786362
4,12.783333333333331,85.23333333333333,2020-01-03 04:11:58+00:00,670.0,8.525142857142857,35.007999999999996,35.1803477570353,8.442982064331927,27.21820543668332,-0.006788114285714286,-0.00023749676356672468,0.0008807185742625734
4,12.783333333333331,85.23333333333333,2020-01-03 04:11:58+00:00,680.0,8.454507936507936,35.00522222222222,35.17764137539414,8.371666982299763,27.22712396166503,-0.0070634920634921276,-0.00027063816411612154,0.0008918524981709197
4,12.783333333333331,85.23333333333333,2020-01-03 04:11:58+00:00,690.0,8.386412698412698,35.00268253968254,35.175174248812745,8.302882301124919,27.235785349511616,-0.006809523809523732,-0.0002467126581393586,0.0008661387846586877
4,12.783333333333331,85.23333333333333,2020-01-03 04:11:58+00:00,700.0,8.328476190476191,35.00109523809524,35.17366418644637,8.244189994470723,27.24359866925147,-0.005793650793650684,-0.00015100623663713008,0.0007813319739852886
4,12.783333333333331,85.23333333333333,2020-01-03 04:11:58+00:00,710.0,8.270539682539683,34.99950793650794,35.172152239559864,8.185505197042328,27.25137218533132,-0.005793650793650862,-0.00015119468865094633,0.0007773516079851106
4,12.783333333333331,85.23333333333333,2020-01-03 04:11:58+00:00,720.0,8.200585365853659,34.99678861788618,35.16949830255958,8.114901168241618,27.260024882556536,-0.006995431668602415,-0.00026539370002822695,0.0008652697225215889
4,12.783333333333331,85.23333333333333,2020-01-03 04:11:58+00:00,730.0,8.124975609756099,34.99353658536585,35.166309009265014,8.038694225494108,27.26905026581835,-0.007560975609755971,-0.0003189293294568074,0.0009025383261814568
4,12.783333333333331,85.23333333333333,2020-01-03 04:11:58+00:00,740.0,8.050211764705884,34.99056862745098,35.163405179123664,7.96333332058661,27.278107851846016,-0.00747638450502155,-0.00029038301413493174,0.0009057586027665821
4,12.783333333333331,85.23333333333333,2020-01-03 04:11:58+00:00,750.0,7.978447058823529,34.98860784313725,35.16151348643874,7.89094600542533,27.287449194566307,-0.007176470588235428,-0.00018916926849215087,0.0009341342720290413
4,12.783333333333331,85.23333333333333,2020-01-03 04:11:58+00:00,760.0,7.906682352941176,34.98664705882353,35.15962178492441,7.818568394026098,27.296732013278415,-0.00717647058823534,-0.00018917015143316007,0.0009282818712108565
4,12.783333333333331,85.23333333333333,2020-01-03 04:11:58+00:00,770.0,7.843668016194332,34.984643724696355,35.15768731430422,7.754895744147936,27.30464032007285,-0.006301433674684364,-0.00019344706201920303,0.0007908306794433883
4,12.783333333333331,85.23333333333333,2020-01-03 04:11:58+00:00,780.0,7.7849635627530365,34.98261943319838,35.15573177358414,7.695513740043798,27.31185758287893,-0.005870445344129571,-0.0001955540720082638,0.0007217262806079816
4,12.783333333333331,85.23333333333333,2020-01-03 04:11:58+00:00,790.0,7.72643373493976,34.9805983935743,35.153779491721856,7.636312719235402,27.31901219066208,-0.0058529827813276645,-0.00019522818622803585,0.0007154607783149914
4,12.783333333333331,85.23333333333333,2020-01-03 04:11:58+00:00,800.0,7.668602409638554,34.97859036144578,35.15184027268087,7.5778128882793405,27.326036339694156,-0.005783132530120571,-0.00019392190409845967,0.0007024149032076821
4,12.783333333333331,85.23333333333333,2020-01-03 04:11:58+00:00,810.0,7.610771084337349,34.97658232931727,35.149900182630674,7.519320487546537,27.333021031767203,-0.005783132530120483,-0.00019400900501977957,0.0006984692073046972
4,12.783333333333331,85.23333333333333,2020-01-03 04:11:58+00:00,820.0,7.5605040322580646,34.97514112903226,35.1485262778128,7.468339257249034,27.339325526990933,-0.005026705207928472,-0.00013739048178749159,0.0006304495223730556
4,12.783333333333331,85.23333333333333,2020-01-03 04:11:58+00:00,830.0,7.513326612903226,34.973931451612906,35.147385037966146,7.420428948754442,27.345341220988757,-0.004717741935483843,-0.00011412398466532636,0.0006015693997824201
4,12.783333333333331,85.23333333333333,2020-01-03 04:11:58+00:00,840.0,7.465408000000001,34.972632,35.14615357334972,7.371789847354733,27.351365673101782,-0.004791861290322519,-0.0001231464616424205,0.0006024452113024381
4,12.783333333333331,85.23333333333333,2020-01-03 04:11:58+00:00,850.0,7.415008,34.971032,35.14462006296279,7.3206975577973825,27.357478470166598,-0.005040000000000067,-0.00015335103869347223,0.0006112797064815823
4,12.783333333333331,85.23333333333333,2020-01-03 04:11:58+00:00,860.0,7.3646080000000005,34.969432,35.14308654576533,7.269611537454493,27.363561472836636,-0.005039999999999978,-0.00015335171974584227,0.0006083002670038695
4,12.783333333333331,85.23333333333333,2020-01-03 04:11:58+00:00,870.0,7.310444444444444,34.96784126984127,35.14156233765144,7.214795110601637,27.370151265447248,-0.005416355555555618,-0.0001524208113885095,0.0006589792610611767
4,12.783333333333331,85.23333333333333,2020-01-03 04:11:58+00:00,880.0,7.254888888888889,34.96625396825397,35.14004156837845,7.158603615191395,27.376904350983295,-0.005555555555555536,-0.000152076927299305,0.0006753085536047365
4,12.783333333333331,85.23333333333333,2020-01-03 04:11:58+00:00,890.0,7.2002500000000005,34.964666666666666,35.138520792349006,7.103329156350981,27.38349363054226,-0.005463888888888846,-0.00015207760294444483,0.0006589279558966155
4,12.783333333333331,85.23333333333333,2020-01-03 04:11:58+00:00,900.0,7.149059523809524,34.963079365079366,35.13700000956312,7.051484458797462,27.389569399464335,-0.0051190476190476454,-0.00015207827858887413,0.0006075768922073621
4,12.783333333333331,85.23333333333333,2020-01-03 04:11:58+00:00,910.0,7.097869047619048,34.96149206349206,35.13547897072132,6.999646162616993,27.395614129312435,-0.0051190476190476454,-0.0001521038841794109,0.0006044729848099451
4,12.783333333333331,85.23333333333333,2020-01-03 04:11:58+00:00,920.0,7.036841463414635,34.95931707317073,35.13336506695925,6.938061109082533,27.402516421526343,-0.006102758420441301,-0.00021139037620727664,0.0006902292213908368
4,12.783333333333331,85.23333333333333,2020-01-03 04:11:58+00:00,930.0,6.97139430894309,34.95687804878049,35.13098580512082,6.8721024571010885,27.40977162836839,-0.00654471544715447,-0.00023792618384277375,0.0007255206842046391
4,12.783333333333331,85.23333333333333,2020-01-03 04:11:58+00:00,940.0,6.908488,34.954632,35.12880047039783,6.808670548016458,27.416783243976624,-0.006290630894308968,-0.00021853347229949804,0.0007011615608234934
4,12.783333333333331,85.23333333333333,2020-01-03 04:11:58+00:00,950.0,6.854088000000001,34.953032,35.12726439561184,6.753676463647004,27.42310618855845,-0.005439999999999934,-0.00015360747859887168,0.0006322944581825141
4,12.783333333333331,85.23333333333333,2020-01-03 04:11:58+00:00,960.0,6.799688000000001,34.951432,35.12572831424351,6.698689297309933,27.429394258118464,-0.005440000000000023,-0.00015360813683287233,0.0006288069560014264
4,12.783333333333331,85.23333333333333,2020-01-03 04:11:58+00:00,970.0,6.742907258064516,34.94952822580645,35.123886936608855,6.6413520462064355,27.43572726418779,-0.005678074193548444,-0.00018413776346548616,0.0006333006069326075
4,12.783333333333331,85.23333333333333,2020-01-03 04:11:58+00:00,980.0,6.685245967741936,34.94751209677419,35.12193263554847,6.583150362428844,27.442051149000463,-0.005766129032258061,-0.0001954301060386854,0.0006323884812672986
4,12.783333333333331,85.23333333333333,2020-01-03 04:11:58+00:00,990.0,6.627869565217392,34.945308300395254,35.1197897218268,6.525241523763218,27.44814979049761,-0.005737640252454402,-0.000214291372166997,0.0006098641497146673
4,12.783333333333331,85.23333333333333,2020-01-03 04:11:58+00:00,1000.0,6.5713478260869564,34.94254150197629,35.11708098477961,6.468196243304623,27.453652003487832,-0.005652173913043512,-0.0002708737047186105,0.0005502212990222688
4,12.783333333333331,85.23333333333333,2020-01-03 04:11:58+00:00,1010.0,6.514826086956521,34.93977470355731,35.11437223634994,6.411158087966874,27.45911612932946,-0.005652173913043512,-0.00027087484296686173,0.000546412584162681
4,12.783333333333331,85.23333333333333,2020-01-03 04:11:58+00:00,1020.0,6.459414342629482,34.93785258964144,35.11250681819292,6.355215004913244,27.465059430756128,-0.005541174432703943,-0.00018654181570241236,0.0005943301426668768
4,12.783333333333331,85.23333333333333,2020-01-03 04:11:58+00:00,1030.0,6.404434262948207,34.93625896414343,35.11097152389471,6.299702013385899,27.47116942177422,-0.00549800796812745,-0.00015352942982076455,0.0006109991018092842
4,12.783333333333331,85.23333333333333,2020-01-03 04:11:58+00:00,1040.0,6.349646341463415,34.93448780487805,35.10925780161615,6.244389224474221,27.47707835206893,-0.0054787921484792616,-0.00017137222785592598,0.0005908930294708625
4,12.783333333333331,85.23333333333333,2020-01-03 04:11:58+00:00,1050.0,6.295581300813008,34.932048780487804,35.10687286503246,6.189810040532314,27.48233057667221,-0.005406504065040707,-0.00023849365836952073,0.0005252224603282229
4,12.783333333333331,85.23333333333333,2020-01-03 04:11:58+00:00,1060.0,6.2415162601626015,34.92960975609756,35.10448791919181,6.135237629224844,27.487547741479375,-0.005406504065040618,-0.00023849458406459688,0.00052171648071635
4,12.783333333333331,85.23333333333333,2020-01-03 04:11:58+00:00,1070.0,6.189318897637795,34.92752362204725,35.10245762188031,6.082517971371327,27.49276999263907,-0.005219736252480622,-0.0002030297311499396,0.000522225115969377
4,12.783333333333331,85.23333333333333,2020-01-03 04:11:58+00:00,1080.0,6.137744094488189,34.92555511811024,35.10054553613647,6.030420108959649,27.49797328413615,-0.005157480314960594,-0.00019120857438394978,0.0005203291497082319
4,12.783333333333331,85.23333333333333,2020-01-03 04:11:58+00:00,1090.0,6.08724409448819,34.923586614173225,35.09863344292144,5.979393834065424,27.503008472632473,-0.005049999999999955,-0.00019120932150329395,0.0005035188496322007
4,12.783333333333331,85.23333333333333,2020-01-03 04:11:58+00:00,1100.0,6.0407874015748035,34.92161811023622,35.096721342235256,5.932380524832383,27.507503123483957,-0.0046456692913386275,-0.00019121006861837485,0.00044946508514840387
4,12.783333333333331,85.23333333333333,2020-01-03 04:11:58+00:00,1110.0,5.994330708661417,34.91964960629921,35.09480923407791,5.885372818788895,27.51197156743001,-0.0046456692913386275,-0.00019121081573487687,0.0004468443946052503
4,12.783333333333331,85.23333333333333,2020-01-03 04:11:58+00:00,1120.0,5.9494016064257025,34.9176546184739,35.09287519377409,5.839884557009714,27.516205533750053,-0.004492910223571478,-0.00019340403038157206,0.0004233966320043692
4,12.783333333333331,85.23333333333333,2020-01-03 04:11:58+00:00,1130.0,5.905224899598394,34.91564658634538,35.090928556890404,5.795147241683043,27.520311282910598,-0.0044176706827308895,-0.0001946636883687347,0.0004105749160544292
4,12.783333333333331,85.23333333333333,2020-01-03 04:11:58+00:00,1140.0,5.8609183673469385,34.91370612244898,35.08904981935933,5.750285571929125,27.52446273045507,-0.004430653225145509,-0.0001878737531072261,0.00041514475444728307
4,12.783333333333331,85.23333333333333,2020-01-03 04:11:58+00:00,1150.0,5.816020408163266,34.91207346938776,35.08748043123763,5.704838868649173,27.52890678480958,-0.004489795918367267,-0.000156938812170182,0.00044440543545078983
4,12.783333333333331,85.23333333333333,2020-01-03 04:11:58+00:00,1160.0,5.771122448979592,34.91044081632653,35.0859110364319,5.659397550334964,27.533326273063267,-0.0044897959183673565,-0.00015693948057275974,0.00044194882536885416
4,12.783333333333331,85.23333333333333,2020-01-03 04:11:58+00:00,1170.0,5.728387096774194,34.90882258064516,35.08435612481753,5.616103237769145,27.53746781465452,-0.004273535220539859,-0.0001554911614370269,0.0004141541591252462
4,12.783333333333331,85.23333333333333,2020-01-03 04:11:58+00:00,1180.0,5.686451612903226,34.90720967741935,35.08280656585806,5.573606008425819,27.541493662807625,-0.004193548387096779,-0.00015495589594749504,0.00040258481531054715
4,12.783333333333331,85.23333333333333,2020-01-03 04:11:58+00:00,1190.0,5.644781746031747,34.90560317460317,35.081263432914696,5.531376622923044,27.54547072515834,-0.004166986687147922,-0.00015431329433610586,0.00039770623507138223
4,12.783333333333331,85.23333333333333,2020-01-03 04:11:58+00:00,1200.0,5.6039087301587305,34.90401587301587,35.07973959129153,5.4899408389884785,27.549345251562954,-0.004087301587301617,-0.00015238416231682094,0.0003874526404615608
4,12.783333333333331,85.23333333333333,2020-01-03 04:11:58+00:00,1210.0,5.563035714285714,34.90242857142857,35.07821574316999,5.448509799779817,27.553199198134962,-0.004087301587301617,-0.00015238481215362754,0.00038539465720077715
4,12.783333333333331,85.23333333333333,2020-01-03 04:11:58+00:00,1220.0,5.520714285714286,34.90110612244898,35.07695154536163,5.405645919619872,27.55741100397313,-0.00423214285714284,-0.0001264197808360734,0.0004211805838167493
4,12.783333333333331,85.23333333333333,2020-01-03 04:11:58+00:00,1230.0,5.477857142857143,34.89988163265306,35.07578299696478,5.362255378791504,27.56174024295774,-0.00428571428571427,-0.00011685483968477683,0.0004329238984610129
4,12.783333333333331,85.23333333333333,2020-01-03 04:11:58+00:00,1240.0,5.438732283464567,34.89855905511811,35.07451586191698,5.3225656525754,27.565525103844493,-0.003912485939257593,-0.0001267135047804402,0.00037848608867534493
4,12.783333333333331,85.23333333333333,2020-01-03 04:11:58+00:00,1250.0,5.409204724409449,34.896984251968505,35.07299522438901,5.292382953271307,27.567952817977584,-0.00295275590551185,-0.00015206375279674944,0.00024277141330912854
4,12.783333333333331,85.23333333333333,2020-01-03 04:11:58+00:00,1260.0,5.37967716535433,34.8954094488189,35.071474581255735,5.26220322526118,27.570369434759186,-0.00295275590551185,-0.0001520643133275712,0.0002416616781601988
4,12.783333333333331,85.23333333333333,2020-01-03 04:11:58+00:00,1270.0,5.341992125984252,34.89354330708662,35.069661123464286,5.223957872301564,27.573505846106173,-0.00376850393700785,-0.000181345779144948,0.0003136411346986279
4,12.783333333333331,85.23333333333333,2020-01-03 04:11:58+00:00,1280.0,5.3014409448818895,34.89157480314961,35.06774477999196,5.182882044803295,27.57687982284824,-0.004055118110236222,-0.00019163434723239446,0.00033739767420684077
4,12.783333333333331,85.23333333333333,2020-01-03 04:11:58+00:00,1290.0,5.263,34.88984,35.06606331068777,5.14389558183558,27.580171918361202,-0.003844094488188965,-0.00016814693041951046,0.00032920955129611684
4,12.783333333333331,85.23333333333333,2020-01-03 04:11:58+00:00,1300.0,5.233,34.88904,35.0653213615715,5.113251662855509,27.583203356326976,-0.0030000000000000248,-7.419491162679037e-05,0.00030314379657738757
4,12.783333333333331,85.23333333333333,2020-01-03 04:11:58+00:00,1310.0,5.203,34.888239999999996,35.06457940960773,5.082610821822681,27.58622344950595,-0.002999999999999936,-7.419519637679173e-05,0.0003020093178975003
4,12.783333333333331,85.23333333333333,2020-01-03 04:11:58+00:00,1320.0,5.1729156626506025,34.88715662650602,35.063553787555996,5.051893539707437,27.589018132584215,-0.003008433734939775,-0.00010256220517348424,0.00027946830782639155
4,12.783333333333331,85.23333333333333,2020-01-03 04:11:58+00:00,1330.0,5.142795180722891,34.88595180722891,35.06240686085336,5.021145247961384,27.591709802967216,-0.003012048192771122,-0.00011469267026384956,0.00026916703830011103
4,12.783333333333331,85.23333333333333,2020-01-03 04:11:58+00:00,1340.0,5.113241935483871,34.88483064516129,35.061344010236866,4.990959903259362,27.594391024346805,-0.0029553245239020143,-0.00010628506164920282,0.00026812213795892605
4,12.783333333333331,85.23333333333333,2020-01-03 04:11:58+00:00,1350.0,5.085822580645162,34.884024193548385,35.06059745893957,4.9628835869253,27.597065915778103,-0.0027419354838709607,-7.4655129729706e-05,0.00026748914312975104
4,12.783333333333331,85.23333333333333,2020-01-03 04:11:58+00:00,1360.0,5.058403225806452,34.88321774193549,35.05985090468405,4.93480994179592,27.59973122925112,-0.0027419354838709607,-7.46554255520948e-05,0.00026653134730167947
4,12.783333333333331,85.23333333333333,2020-01-03 04:11:58+00:00,1370.0,5.022808943089431,34.88181300813008,35.05850303474446,4.898663596267059,27.60284468351074,-0.003559428271702103,-0.00013478699395861327,0.0003113454259619175
4,12.783333333333331,85.23333333333333,2020-01-03 04:11:58+00:00,1380.0,4.98419105691057,34.88018699186992,35.056932755909244,4.859534609064155,27.60610999698065,-0.0038617886178861304,-0.0001570278835217209,0.0003265313469910325
4,12.783333333333331,85.23333333333333,2020-01-03 04:11:58+00:00,1390.0,4.944812749003984,34.87856972111553,35.055371260946714,4.819658066418528,27.609449566912417,-0.00393783079065857,-0.00015614949625302187,0.0003339569931767983
4,12.783333333333331,85.23333333333333,2020-01-03 04:11:58+00:00,1400.0,4.903378486055777,34.87697609561753,35.05383352521068,4.777753199509785,27.613019990914836,-0.004143426294820696,-0.00015377357360364386,0.0003570424002418804
4,12.783333333333331,85.23333333333333,2020-01-03 04:11:58+00:00,1410.0,4.86194422310757,34.87538247011952,35.052295783628885,4.735853150184628,27.616569014155402,-0.004143426294820696,-0.00015377415817923178,0.00035490232405663844
4,12.783333333333331,85.23333333333333,2020-01-03 04:11:58+00:00,1420.0,4.820509960159363,34.873788844621515,35.050758734143024,4.693957908659427,27.620097171220323,-0.004143426294820696,-0.00015370494858615302,0.00035281570649203786
4,12.783333333333331,85.23333333333333,2020-01-03 04:11:58+00:00,1430.0,4.779075697211156,34.872195219123505,35.04922272561232,4.6520674699608024,27.62360472114483,-0.004143426294820696,-0.00015360085307065675,0.00035075499245067475
4,12.783333333333331,85.23333333333333,2020-01-03 04:11:58+00:00,1440.0,4.737541832669323,34.8706015936255,35.0476867110764,4.610083414931638,27.62710183493641,-0.004153386454183306,-0.00015360145359153421,0.0003497113791581796
4,12.783333333333331,85.23333333333333,2020-01-03 04:11:58+00:00,1450.0,4.6957091633466135,34.86900796812749,35.04615069053528,4.567808917364039,27.630610275977006,-0.004183266932270957,-0.00015360205411241168,0.00035084410405943344
4,12.783333333333331,85.23333333333333,2020-01-03 04:11:58+00:00,1460.0,4.653876494023904,34.86741434262948,35.04461466398893,4.525539299687201,27.634096832695832,-0.004183266932270957,-0.00015360265463471023,0.000348655671882625
4,12.783333333333331,85.23333333333333,2020-01-03 04:11:58+00:00,1470.0,4.608055555555555,34.86553174603174,35.04278819120788,4.479337897714748,27.63776681955551,-0.004582093846834922,-0.0001826472781047528,0.00036699868596770104
4,12.783333333333331,85.23333333333333,2020-01-03 04:11:58+00:00,1480.0,4.560833333333333,34.86354761904762,35.04085966457432,4.431758951194691,27.64148192209882,-0.004722222222222161,-0.00019285266335629104,0.00037151025433104226
4,12.783333333333331,85.23333333333333,2020-01-03 04:11:58+00:00,1490.0,4.5146345381526105,34.86164658634538,35.03901464751054,4.385195628502816,27.645124824108734,-0.0046198795180722564,-0.0001845017063779153,0.00036429020099149056
4,12.783333333333331,85.23333333333333,2020-01-03 04:11:58+00:00,1500.0,4.472064257028112,34.86004016064257,35.0374657297305,4.3422181628563115,27.648585651279063,-0.0042570281124498345,-0.00015489177800418475,0.00034608271703291394
4,12.783333333333331,85.23333333333333,2020-01-03 04:11:58+00:00,1510.0,4.429493975903615,34.85843373493976,35.03591680589701,4.2992456944132345,27.65202374393084,-0.004257028112449745,-0.00015489238334893686,0.00034380926517769695
4,12.783333333333331,85.23333333333333,2020-01-03 04:11:58+00:00,1520.0,4.3848446215139445,34.85683665338645,35.034369748905696,4.254224866436725,27.655661678508977,-0.004464935438967021,-0.00015470569913134113,0.00036379345781369923
4,12.783333333333331,85.23333333333333,2020-01-03 04:11:58+00:00,1530.0,4.339426294820718,34.85524302788844,35.03280861707298,4.208450167003224,27.659344869733786,-0.0045418326693226875,-0.00015611318327160006,0.0003683191224808979
4,12.783333333333331,85.23333333333333,2020-01-03 04:11:58+00:00,1540.0,4.292472,34.85356,35.03115762358309,4.161165387937377,27.663092756587048,-0.004695429482071756,-0.00016509934898891742,0.0003747886853261662
4,12.783333333333331,85.23333333333333,2020-01-03 04:11:58+00:00,1550.0,4.240072,34.85156,35.0291880385472,4.108513471946275,27.667130638547633,-0.005240000000000045,-0.00019695850358942836,0.0004037881960584855
4,12.783333333333331,85.23333333333333,2020-01-03 04:11:58+00:00,1560.0,4.187672,34.84956,35.027218448850846,4.055868128317822,27.671134281755485,-0.005239999999999956,-0.00019695896963511927,0.0004003643207852292
4,12.783333333333331,85.23333333333333,2020-01-03 04:11:58+00:00,1570.0,4.142392712550607,34.84754251012146,35.02523127543404,4.010259190658039,27.67435367413782,-0.004527928744939303,-0.00019871734168077637,0.0003219392382334263
4,12.783333333333331,85.23333333333333,2020-01-03 04:11:58+00:00,1580.0,4.099882591093117,34.84551821862348,35.02323726100698,3.9673892542775944,27.677256894762422,-0.004251012145749034,-0.00019940144270549353,0.00029032206246029093
4,12.783333333333331,85.23333333333333,2020-01-03 04:11:58+00:00,1590.0,4.058865384615384,34.84371153846154,35.02146196331334,3.925995072234534,27.68015756170189,-0.004101720647773277,-0.00017752976936407093,0.00029006669394675554
4,12.783333333333331,85.23333333333333,2020-01-03 04:11:58+00:00,1600.0,4.022326923076923,34.84255769230769,35.02034282652176,3.889017695362189,27.683100158027173,-0.0036538461538460965,-0.00011191367915799332,0.00029425963252833754
4,12.783333333333331,85.23333333333333,2020-01-03 04:11:58+00:00,1610.0,3.9857884615384616,34.841403846153845,35.01922368704147,3.8520443768850887,27.686025745659663,-0.0036538461538461408,-0.00011191394802949617,0.00029255876324896235
4,12.783333333333331,85.23333333333333,2020-01-03 04:11:58+00:00,1620.0,3.930285714285714,34.83914285714286,35.01699175020774,3.7963750637128757,27.689966726612738,-0.00555027472527474,-0.00022319368337306856,0.0003940980953075268
4,12.783333333333331,85.23333333333333,2020-01-03 04:11:58+00:00,1630.0,3.8645714285714283,34.836285714285715,35.01416061028362,3.730644412784331,27.694416261072774,-0.006571428571428584,-0.00028311399241189863,0.0004449534460036375
4,12.783333333333331,85.23333333333333,2020-01-03 04:11:58+00:00,1640.0,3.800943089430894,34.833512195121955,35.011413514477084,3.666979518806632,27.698671545630077,-0.006362833914053434,-0.00027470958065336506,0.00042552845573027296
4,12.783333333333331,85.23333333333333,2020-01-03 04:11:58+00:00,1650.0,3.7456585365853656,34.83107317073171,35.00900261569878,3.6115503820016985,27.702320640508788,-0.005528455284552836,-0.00024108987783009184,0.0003649094878710457
4,12.783333333333331,85.23333333333333,2020-01-03 04:11:58+00:00,1660.0,3.6903739837398373,34.828634146341464,35.00659171123699,3.5561282688812152,27.705931223092875,-0.005528455284552836,-0.00024109044617901532,0.00036105825840877516
4,12.783333333333331,85.23333333333333,2020-01-03 04:11:58+00:00,1670.0,3.637365461847389,34.8265140562249,35.0045013653377,3.5029542854183804,27.709536177926566,-0.005300852189244809,-0.0002090345899290469,0.00036049548336904993
4,12.783333333333331,85.23333333333333,2020-01-03 04:11:58+00:00,1680.0,3.585156626506024,34.82450602409639,35.002523645309694,3.4505743376629447,27.71311772971535,-0.005220883534136522,-0.00019777200280088892,0.00035815517887840544
4,12.783333333333331,85.23333333333333,2020-01-03 04:11:58+00:00,1690.0,3.536711462450593,34.822604743083005,35.00065321753763,3.401911411694472,27.716388628740106,-0.004844516405543109,-0.00018704277720615892,0.0003270899024755636
4,12.783333333333331,85.23333333333333,2020-01-03 04:11:58+00:00,1700.0,3.499557312252964,34.82102371541502,34.99910467651359,3.364384904933752,27.71880690236435,-0.003715415019762869,-0.00015485410240430043,0.00024182736242437386
4,12.783333333333331,85.23333333333333,2020-01-03 04:11:58+00:00,1710.0,3.462403162055336,34.819442687747035,34.99755613180539,3.326862524438487,27.721207340410956,-0.0037154150197628243,-0.00015485447081999836,0.00024004380466067233
4,12.783333333333331,85.23333333333333,2020-01-03 04:11:58+00:00,1720.0,3.4244787644787644,34.817888030888035,34.99603408914852,3.288584513249051,27.72368386049152,-0.0037924397576571513,-0.00015220426568660628,0.0002476520080563205
4,12.783333333333331,85.23333333333333,2020-01-03 04:11:58+00:00,1730.0,3.3862548262548264,34.81634362934363,34.99452235066691,3.2500153169247583,27.72617819189395,-0.003822393822393799,-0.00015117384816107915,0.00024943314024312714
4,12.783333333333331,85.23333333333333,2020-01-03 04:11:58+00:00,1740.0,3.348794117647059,34.81478151260504,34.99299280271106,3.2122030286973633,27.728568012956885,-0.00374607086077674,-0.0001529547955854582,0.0002389821062934061
4,12.783333333333331,85.23333333333333,2020-01-03 04:11:58+00:00,1750.0,3.316441176470588,34.81310084033613,34.991344088579915,3.1794311918919798,27.73036873267779,-0.003235294117647092,-0.0001648714131142981,0.00018007197209044535
4,12.783333333333331,85.23333333333333,2020-01-03 04:11:58+00:00,1760.0,3.2840882352941176,34.81142016806723,34.98969537053242,3.1466627087115002,27.732155707977654,-0.003235294117647047,-0.0001648718047498221,0.00017869752998649345
4,12.783333333333331,85.23333333333333,2020-01-03 04:11:58+00:00,1770.0,3.2465357142857143,34.80980952380953,34.988117035286706,3.1087722031253784,27.734465473449518,-0.003755252100840334,-0.0001578335245710605,0.00023097654718640115
4,12.783333333333331,85.23333333333333,2020-01-03 04:11:58+00:00,1780.0,3.20725,34.80822222222223,34.98655390707975,3.0691776640046977,27.73692834815779,-0.003928571428571415,-0.00015631282069534792,0.0002462874708271556
4,12.783333333333331,85.23333333333333,2020-01-03 04:11:58+00:00,1790.0,3.171657480314961,34.8068188976378,34.98517477886925,3.0332247217563277,27.73917968573801,-0.0035592519685039292,-0.00013791282105017898,0.0002251337580219115
4,12.783333333333331,85.23333333333333,2020-01-03 04:11:58+00:00,1800.0,3.1484291338582677,34.80603149606299,34.98441472778405,3.0094511556484767,27.740780011706875,-0.0023228346456693138,-7.600510852014963e-05,0.00016003259688659454
4,12.783333333333331,85.23333333333333,2020-01-03 04:11:58+00:00,1810.0,3.1252007874015746,34.80524409448819,34.983654675278814,2.9856795583265527,27.742373117132956,-0.0023228346456693138,-7.600525052353646e-05,0.000159310542608182
4,12.783333333333331,85.23333333333333,2020-01-03 04:11:58+00:00,1820.0,3.1011707317073167,34.80415853658536,34.98259493641678,2.961123614502338,27.743793472917787,-0.0024030055694257866,-0.00010597388620325887,0.00014203557848304626
4,12.783333333333331,85.23333333333333,2020-01-03 04:11:58+00:00,1830.0,3.076780487804878,34.80293902439024,34.98140055441765,2.9362165034759657,27.745131587413425,-0.0024390243902438604,-0.0001194381999134464,0.0001338114495638365
4,12.783333333333331,85.23333333333333,2020-01-03 04:11:58+00:00,1840.0,3.052273092369478,34.801722891566264,34.98020956692204,2.9111960844516833,27.74647494217993,-0.002450739543540026,-0.00011909874956046451,0.00013433547665044898
4,12.783333333333331,85.23333333333333,2020-01-03 04:11:58+00:00,1850.0,3.0273734939759036,34.80051807228916,34.97902994881378,2.8857913800394304,27.747854415858683,-0.002489959839357425,-0.0001179618108260172,0.00013794736787531292
4,12.783333333333331,85.23333333333333,2020-01-03 04:11:58+00:00,1860.0,3.002473895582329,34.799313253012045,34.97785032853269,2.8603888806256443,27.749225566291216,-0.0024899598393574697,-0.00011796202810927525,0.0001371150432532886
4,12.783333333333331,85.23333333333333,2020-01-03 04:11:58+00:00,1870.0,2.980619607843137,34.79841960784314,34.97698347693919,2.8379839454953673,27.75056597683829,-0.0021854287739191845,-8.668515934999732e-05,0.0001340410547072679
4,12.783333333333331,85.23333333333333,2020-01-03 04:11:58+00:00,1880.0,2.959835294117647,34.79763529411765,34.97622651629709,2.8166331006334384,27.751892332075386,-0.0020784313725489946,-7.569606421000685e-05,0.0001326355237097232
4,12.783333333333331,85.23333333333333,2020-01-03 04:11:58+00:00,1890.0,2.939,34.79676923076923,34.97538738498189,2.79523459613143,27.75315200376781,-0.0020835294117647063,-8.391313151960844e-05,0.00012596716924235808
4,12.783333333333331,85.23333333333333,2020-01-03 04:11:58+00:00,1900.0,2.9179473684210526,34.79555465587044,34.974197951266916,2.773627754813151,27.754146400240415,-0.0021052631578947433,-0.00011894337149769285,9.943964726062404e-05
4,12.783333333333331,85.23333333333333,2020-01-03 04:11:58+00:00,1910.0,2.896894736842105,34.79434008097166,34.97300851536153,2.752022524910143,27.755134732852184,-0.0021052631578947433,-0.00011894359053883363,9.88332611768783e-05
4,12.783333333333331,85.23333333333333,2020-01-03 04:11:58+00:00,1920.0,2.8745180722891566,34.79342168674699,34.972116779090406,2.729112073310447,27.75646982932267,-0.0022376664552948623,-8.917362711216014e-05,0.00013350964704841317
4,12.783333333333331,85.23333333333333,2020-01-03 04:11:58+00:00,1930.0,2.8516265060240964,34.79261847389558,34.97134081419869,2.705695270461436,27.757935216942997,-0.002289156626506017,-7.759648917158302e-05,0.0001465387620328329
4,12.783333333333331,85.23333333333333,2020-01-03 04:11:58+00:00,1940.0,2.829636363636364,34.791818181818186,34.97056778363849,2.6831675681957874,27.759317387071633,-0.0021990142387732447,-7.730305602038356e-05,0.00013821701286360623
4,12.783333333333331,85.23333333333333,2020-01-03 04:11:58+00:00,1950.0,2.8106640316205533,34.79102766798419,34.9698045801248,2.663611588591893,27.760438843871498,-0.0018972332015810612,-7.632035136850845e-05,0.00011214567998649728
4,12.783333333333331,85.23333333333333,2020-01-03 04:11:58+00:00,1960.0,2.791691699604743,34.7902371541502,34.969041375185476,2.644056911045611,27.761555358213172,-0.0018972332015810168,-7.63204939325135e-05,0.00011165143416747014
4,12.783333333333331,85.23333333333333,2020-01-03 04:11:58+00:00,1970.0,2.76948,34.78916,34.96799005505961,2.62131920430879,27.762717321998934,-0.0022211699604743006,-0.00010513201258675054,0.00011619637857620546
4,12.783333333333331,85.23333333333333,2020-01-03 04:11:58+00:00,1980.0,2.74588,34.78796,34.96681525555427,2.5972186723956288,27.76389372283029,-0.0023600000000000066,-0.00011747995053354999,0.00011764008313548402
5,10.766666666666667,85.53333333333333,2020-01-04 04:06:04+00:00,10.0,28.478555555555555,38.31166666666667,38.49273833425287,28.34422718793347,24.728491879186777,,,
5,10.766666666666667,85.53333333333333,2020-01-04 04:06:04+00:00,20.0,28.474363636363638,38.318636363636365,38.49975759861665,28.337340327489436,24.73595827423469,-0.0004191919191917748,0.0007019264363776756,0.0007466395047913465
5,10.766666666666667,85.53333333333333,2020-01-04 04:06:04+00:00,30.0,28.474800000000002,38.322100000000006,38.503316907114346,28.335217830646947,24.73928522774372,4.363636363642342e-05,0.0003559308497699476,0.00033269535090312273
5,10.766666666666667,85.53333333333333,2020-01-04 04:06:04+00:00,40.0,28.478,38.3247,38.50604781958348,28.335887719630875,24.74106757448544,0.00031999999999996474,0.0002730912469132818,0.00017823467417201754
5,10.766666666666667,85.53333333333333,2020-01-04 04:06:04+00:00,50.0,28.474272727272727,38.333,38.5146525622081,28.329397870706497,24.74956594103128,-0.00037272727272750215,0.0008604742624619633,0.0008498366545836688
5,10.766666666666667,85.53333333333333,2020-01-04 04:06:04+00:00,60.0,28.287,38.688,38.87153281178857,28.125246491264527,25.080241090465734,-0.01872727272727275,0.035688024958047036,0.03306751494344553
5,10.766666666666667,85.53333333333333,2020-01-04 04:06:04+00:00,70.0,26.704,39.331,39.51778441755478,26.51846542003222,26.085124210957474,-0.15829999999999983,0.064625160576621,0.10048831204917405
5,10.766666666666667,85.53333333333333,2020-01-04 04:06:04+00:00,80.0,24.183875,39.614875000000005,39.80323876316312,23.99533070468752,27.090118708686077,-0.25201250000000003,0.02854543456083434,0.10049944977286032
5,10.766666666666667,85.53333333333333,2020-01-04 04:06:04+00:00,90.0,22.621,39.759,39.94832401129093,22.432465738748885,27.66583164330791,-0.1562875000000002,0.01450852481278062,0.05757129346218335
5,10.766666666666667,85.53333333333333,2020-01-04 04:06:04+00:00,100.0,21.415000000000003,39.904888888888884,40.09518355315605,21.225642211078164,28.123906078986465,-0.1205999999999996,0.014685954186511908,0.045807443567855446
5,10.766666666666667,85.53333333333333,2020-01-04 04:06:04+00:00,110.0,19.767999999999997,39.93872727272727,40.129429238871396,19.58481470133537,28.604585179524065,-0.16470000000000057,0.003424568571534792,0.04806791005375999
5,10.766666666666667,85.53333333333333,2020-01-04 04:06:04+00:00,120.0,18.995384615384616,40.02376923076923,40.21512035173494,18.81228401747373,28.87575543416756,-0.07726153846153813,0.008569111286354314,0.027117025464349354
5,10.766666666666667,85.53333333333333,2020-01-04 04:06:04+00:00,130.0,18.362399999999997,40.0332,40.22482028477837,18.1811323494067,29.048255480343414,-0.06329846153846183,0.0009699933043428643,0.017250004617585545
5,10.766666666666667,85.53333333333333,2020-01-04 04:06:04+00:00,140.0,17.4865,40.029666666666664,40.22146548896358,17.309204146287872,29.26836781648035,-0.08758999999999979,-0.0003354795814786371,0.02201123361369355
5,10.766666666666667,85.53333333333333,2020-01-04 04:06:04+00:00,150.0,16.68283333333333,40.080666666666666,40.272905550180376,16.507752401916015,29.50629964914151,-0.08036666666666684,0.005144006121679467,0.023793183266116104
5,10.766666666666667,85.53333333333333,2020-01-04 04:06:04+00:00,160.0,16.119666666666667,40.09733333333333,40.28981750414863,15.946365498417107,29.655209151438385,-0.05631666666666639,0.0016911953968254067,0.014890950229687405
5,10.766666666666667,85.53333333333333,2020-01-04 04:06:04+00:00,170.0,15.508111111111111,40.08077777777778,40.273344375759606,15.337983449501445,29.78699680199088,-0.06115555555555563,-0.0016473128389023373,0.013178765055249642
5,10.766666666666667,85.53333333333333,2020-01-04 04:06:04+00:00,180.0,14.991999999999999,40.064142857142855,40.25677932009351,14.824476980150784,29.893604916204595,-0.051611111111111184,-0.0016565055666099226,0.010660811421371364
5,10.766666666666667,85.53333333333333,2020-01-04 04:06:04+00:00,190.0,14.534199999999998,39.9886,40.181004705919186,14.370438028368397,29.939170241283136,-0.045780000000000064,-0.007577461417432119,0.004556532507854172
5,10.766666666666667,85.53333333333333,2020-01-04 04:06:04+00:00,200.0,14.032,40.07,40.262928096962504,13.868473993658553,30.11393757824476,-0.05021999999999984,0.008192339104331836,0.017476733696162226
5,10.766666666666667,85.53333333333333,2020-01-04 04:06:04+00:00,210.0,13.598935483870967,40.10709677419355,40.30029455400624,13.436386743529013,30.237289271235568,-0.04330645161290327,0.003736645704373842,0.012335169299080916
5,10.766666666666667,85.53333333333333,2020-01-04 04:06:04+00:00,220.0,13.265218749999999,40.143609375000004,40.3370639846233,13.102992672422639,30.337428341731083,-0.03337167338709683,0.0036769430617056287,0.010013907049551563
5,10.766666666666667,85.53333333333333,2020-01-04 04:06:04+00:00,230.0,12.962875,40.1799375,40.37364819731166,12.800813949994085,30.42985042982923,-0.03023437499999986,0.003658421268836065,0.009242208809814656
5,10.766666666666667,85.53333333333333,2020-01-04 04:06:04+00:00,240.0,12.677465863453815,40.2060281124498,40.399945667444925,12.515749201823054,30.509993553060212,-0.028540913654618548,0.002629747013326522,0.008014312323098238
5,10.766666666666667,85.53333333333333,2020-01-04 04:06:04+00:00,250.0,12.459795180722892,40.191168674698794,40.38509560397894,12.298847269914805,30.543686256280807,-0.02176706827309225,-0.0014850063465985386,0.003369270322059492
5,10.766666666666667,85.53333333333333,2020-01-04 04:06:04+00:00,260.0,12.242124497991968,40.17630923694779,40.3702400643348,12.081976343746469,30.57690810197323,-0.021767068273092428,-0.0014855539644138104,0.0033221845692423813
5,10.766666666666667,85.53333333333333,2020-01-04 04:06:04+00:00,270.0,12.08244,40.183076,40.377113745529776,11.92213380134359,30.614816622927947,-0.015968449799196805,0.0006873681194974779,0.003790852095471564
5,10.766666666666667,85.53333333333333,2020-01-04 04:06:04+00:00,280.0,11.94644,40.198676,40.392863359314546,11.785599045069599,30.654615823704034,-0.013599999999999923,0.0015749613784770133,0.003979920077608767
5,10.766666666666667,85.53333333333333,2020-01-04 04:06:04+00:00,290.0,11.811916666666667,40.21733333333333,40.41168513876824,11.650486940921947,30.696328725752892,-0.0134523333333334,0.0018821779453695342,0.004171290204885736
5,10.766666666666667,85.53333333333333,2020-01-04 04:06:04+00:00,300.0,11.682948412698412,40.24749206349206,40.44206398619656,11.520655107942158,30.745732801211034,-0.012896825396825485,0.0030378847428316645,0.004940407545814196
5,10.766666666666667,85.53333333333333,2020-01-04 04:06:04+00:00,310.0,11.553980158730159,40.27765079365079,40.472454982322056,11.390852323103546,30.79499829776887,-0.012896825396825306,0.003039099612549734,0.0049265496557836744
5,10.766666666666667,85.53333333333333,2020-01-04 04:06:04+00:00,320.0,11.429367187499999,40.28888671875,40.483836901735515,11.265801184571265,30.82852087399533,-0.012461297123016024,0.0011381919413459229,0.0033522576226459933
5,10.766666666666667,85.53333333333333,2020-01-04 04:06:04+00:00,330.0,11.3067109375,40.291621093749995,40.486676165462455,11.142893000118622,30.85488719882369,-0.012265624999999858,0.00028392637269405443,0.0026366324828359213
5,10.766666666666667,85.53333333333333,2020-01-04 04:06:04+00:00,340.0,11.187053497942387,40.294588477366254,40.48974957879034,11.022969803916663,30.880707876442557,-0.011965743955761355,0.00030734133278826904,0.0025820677618867195
5,10.766666666666667,85.53333333333333,2020-01-04 04:06:04+00:00,350.0,11.087465020576131,40.29911522633745,40.49438992708526,10.92290793854568,30.90374988461781,-0.009958847736625564,0.00046403482949202156,0.0023042008175252703
5,10.766666666666667,85.53333333333333,2020-01-04 04:06:04+00:00,360.0,10.987876543209877,40.30364197530864,40.4990411713781,10.822861638714349,30.926702230548017,-0.009958847736625387,0.00046512442928445805,0.002295234593020723
5,10.766666666666667,85.53333333333333,2020-01-04 04:06:04+00:00,370.0,10.8862995951417,40.30811740890688,40.50364553582409,10.72086325299318,30.949898007483398,-0.010157694806817653,0.0004604364445988551,0.0023195776935381216
5,10.766666666666667,85.53333333333333,2020-01-04 04:06:04+00:00,380.0,10.78387044534413,40.312570850202434,40.50822782504014,10.618037799863309,30.973135436794337,-0.010242914979757068,0.0004582289216045865,0.002323742931093875
5,10.766666666666667,85.53333333333333,2020-01-04 04:06:04+00:00,390.0,10.686526104417672,40.320064257028115,40.515864866035024,10.520199486195908,30.99768581154308,-0.009734434092645827,0.000763704099488649,0.0024550374748741888
5,10.766666666666667,85.53333333333333,2020-01-04 04:06:04+00:00,400.0,10.606204819277108,40.33773493975904,40.53372867234152,10.439017703249913,31.026903681992053,-0.008032128514056325,0.0017863806306493758,0.002921787044897428
5,10.766666666666667,85.53333333333333,2020-01-04 04:06:04+00:00,410.0,10.525883534136547,40.35540562248996,40.55157721522432,10.357850773518575,31.056049548239343,-0.008032128514056148,0.0017848542882802575,0.0029145866247290543
5,10.766666666666667,85.53333333333333,2020-01-04 04:06:04+00:00,420.0,10.446330677290836,40.36383266932271,40.56012700704983,10.277647902532559,31.077760838280483,-0.007955285684571045,0.0008549791825508635,0.0021711290041139366
5,10.766666666666667,85.53333333333333,2020-01-04 04:06:04+00:00,430.0,10.36704780876494,40.36901195219124,40.565413268198554,10.19779100054642,31.096821233390983,-0.007928286852589572,0.0005286261148725657,0.0019060395110500395
5,10.766666666666667,85.53333333333333,2020-01-04 04:06:04+00:00,440.0,10.289480158730157,40.37354761904761,40.57005280172967,10.119656356634916,31.114999157970942,-0.00775676500347835,0.00046395335311189,0.0018177924579958927
5,10.766666666666667,85.53333333333333,2020-01-04 04:06:04+00:00,450.0,10.217654761904761,40.37592857142857,40.5725271474233,10.047257964662736,31.130377187235126,-0.0071825396825396124,0.0002474345693627811,0.001537802926418408
5,10.766666666666667,85.53333333333333,2020-01-04 04:06:04+00:00,460.0,10.145829365079365,40.37830952380952,40.57500150276491,9.97486986562225,31.145702242566813,-0.0071825396825396124,0.0002474355341611556,0.0015325055331686598
5,10.766666666666667,85.53333333333333,2020-01-04 04:06:04+00:00,470.0,10.0679718875502,40.38099598393574,40.57778286431686,9.896519167946815,31.16231193540625,-0.00778574775291645,0.00027813615519463043,0.001660969283943814
5,10.766666666666667,85.53333333333333,2020-01-04 04:06:04+00:00,480.0,9.987650602409639,40.383807228915664,40.58068962996967,9.815740505500429,31.179403922413485,-0.008032128514056148,0.0002906765652809895,0.001709198700723391
5,10.766666666666667,85.53333333333333,2020-01-04 04:06:04+00:00,490.0,9.90601612903226,40.386709677419354,40.58368805536543,9.73367320936263,31.19673827897077,-0.008163447337737929,0.0002998425395759341,0.001733435655728499
5,10.766666666666667,85.53333333333333,2020-01-04 04:06:04+00:00,500.0,9.819725806451613,40.38993548387097,40.58701142824138,9.647007542587017,31.215093932080663,-0.008629032258064662,0.0003323372875954078,0.0018355653109892955
5,10.766666666666667,85.53333333333333,2020-01-04 04:06:04+00:00,510.0,9.733435483870968,40.39316129032258,40.59033929110895,9.560354888378901,31.233377003856276,-0.008629032258064485,0.000332786286756459,0.001828307177561328
5,10.766666666666667,85.53333333333333,2020-01-04 04:06:04+00:00,520.0,9.650266932270917,40.394884462151396,40.592161671974694,9.476831133419724,31.249855104419566,-0.008316855160005155,0.0001822380865746709,0.0016478100563290354
5,10.766666666666667,85.53333333333333,2020-01-04 04:06:04+00:00,530.0,9.568195219123506,40.3960796812749,40.593453528323,9.394414249684097,31.265653849368846,-0.008207171314741047,0.000129185634830975,0.0015798744949279352
5,10.766666666666667,85.53333333333333,2020-01-04 04:06:04+00:00,540.0,9.485893700787402,40.392381889763776,40.58982846133093,9.311876813754104,31.277588918302172,-0.0082301518336104,-0.00036250669920718793,0.0011935068933325965
5,10.766666666666667,85.53333333333333,2020-01-04 04:06:04+00:00,550.0,9.40282283464567,40.372303149606296,40.56974231868063,9.228905318280717,31.276747414245165,-0.008307086614173186,-0.002008614265029962,-8.415040570071141e-05
5,10.766666666666667,85.53333333333333,2020-01-04 04:06:04+00:00,560.0,9.319751968503938,40.352224409448816,40.54965608576653,9.145941888068727,31.275826134182125,-0.008307086614173186,-0.002008623291410316,-9.212800630393758e-05
5,10.766666666666667,85.53333333333333,2020-01-04 04:06:04+00:00,570.0,9.239498054474709,40.34761089494163,40.5451106898437,9.065475934654966,31.28646306495625,-0.008025391402922999,-0.0004545395922825435,0.0010636930774126085
5,10.766666666666667,85.53333333333333,2020-01-04 04:06:04+00:00,580.0,9.160509727626458,40.34994552529182,40.547547444521825,8.986139490499808,31.3022614378433,-0.007898832684825052,0.00024367546781220995,0.0015798372887047662
5,10.766666666666667,85.53333333333333,2020-01-04 04:06:04+00:00,590.0,9.081677685950412,40.351950413223136,40.549652851719266,8.9069753422765,31.317709206742393,-0.007883204167604596,0.00021054071974404564,0.0015447768899093718
5,10.766666666666667,85.53333333333333,2020-01-04 04:06:04+00:00,600.0,9.00399173553719,40.351537190082645,40.54932830400378,8.829000595950532,31.33099830551396,-0.007768595041322257,-3.2454771548628966e-05,0.0013289098771565478
5,10.766666666666667,85.53333333333333,2020-01-04 04:06:04+00:00,610.0,8.926305785123967,40.35112396694215,40.549005815889174,8.751036741118483,31.344224905068586,-0.007768595041322257,-3.2248811460533486e-05,0.0013226599554627683
5,10.766666666666667,85.53333333333333,2020-01-04 04:06:04+00:00,620.0,8.86517741935484,40.351,40.54897709342825,8.689435377718727,31.354807422929525,-0.006112836576912706,-2.872246092522346e-06,0.0010582517860939333
5,10.766666666666667,85.53333333333333,2020-01-04 04:06:04+00:00,630.0,8.811145161290323,40.351,40.549072945843164,8.634849418581585,31.36424665354616,-0.005403225806451672,9.585241491549823e-06,0.0009439230616635541
5,10.766666666666667,85.53333333333333,2020-01-04 04:06:04+00:00,640.0,8.759231999999999,40.351088,40.54925723043705,8.582361886496662,31.37336590235759,-0.0051913161290324085,1.842845938853088e-05,0.0009119248811430225
5,10.766666666666667,85.53333333333333,2020-01-04 04:06:04+00:00,650.0,8.714832,40.351487999999996,40.54975504846113,8.537295543628431,31.381437577117595,-0.004439999999999955,4.978180240797769e-05,0.0008071674760003588
5,10.766666666666667,85.53333333333333,2020-01-04 04:06:04+00:00,660.0,8.670432,40.351887999999995,40.55025286838556,8.49223464988223,31.38948755852425,-0.004439999999999955,4.9781992443342916e-05,0.0008049981406657025
5,10.766666666666667,85.53333333333333,2020-01-04 04:06:04+00:00,670.0,8.624988142292489,40.35370750988142,40.55217718159803,8.446122307104881,31.39880552854993,-0.004544385770751091,0.0001924313212469997,0.0009317970025676913
5,10.766666666666667,85.53333333333333,2020-01-04 04:06:04+00:00,680.0,8.579138339920949,40.3560790513834,40.554656251416944,8.399604754934996,31.408602501785026,-0.004584980237154035,0.0002479069818910773,0.000979697323509754
5,10.766666666666667,85.53333333333333,2020-01-04 04:06:04+00:00,690.0,8.53158064516129,40.358459677419354,40.55714446176006,8.351406676136921,31.418667861096992,-0.004755769475965899,0.0002488210343116748,0.001006535931196595
5,10.766666666666667,85.53333333333333,2020-01-04 04:06:04+00:00,700.0,8.47674193548387,40.36087903225806,40.559671602970084,8.296026020305924,31.429945798974586,-0.005483870967741921,0.00025271412100238424,0.0011277937877594013
5,10.766666666666667,85.53333333333333,2020-01-04 04:06:04+00:00,710.0,8.421903225806451,40.36329838709677,40.56219680959519,8.2406527915435,31.441190002558642,-0.005483870967741921,0.0002525206625108467,0.0011244203584055868
5,10.766666666666667,85.53333333333333,2020-01-04 04:06:04+00:00,720.0,8.359334677419355,40.36514516129032,40.56414208293603,8.1776676422017,31.45321968186454,-0.006256854838709636,0.00019452733408371615,0.0012029679305896935
5,10.766666666666667,85.53333333333333,2020-01-04 04:06:04+00:00,730.0,8.293608870967743,40.36675806451613,40.56585234000638,8.11157927014133,31.465540587827945,-0.006572580645161174,0.00017102570703499964,0.0012320905963406404
5,10.766666666666667,85.53333333333333,2020-01-04 04:06:04+00:00,740.0,8.226992000000001,40.368276,40.56746716787515,8.044622420469633,31.477885798679154,-0.006661687096774216,0.0001614827868770874,0.0012345210851208322
5,10.766666666666667,85.53333333333333,2020-01-04 04:06:04+00:00,750.0,8.157392000000002,40.369476,40.568762497474935,7.974736875914876,31.49041756716906,-0.006959999999999944,0.00012953295997846225,0.0012531768489907336
5,10.766666666666667,85.53333333333333,2020-01-04 04:06:04+00:00,760.0,8.087792,40.370676,40.57005783239012,7.9048611498616665,31.50289728468306,-0.0069600000000001215,0.00012953349151842986,0.0012479717513997457
5,10.766666666666667,85.53333333333333,2020-01-04 04:06:04+00:00,770.0,8.016940239043825,40.36954581673307,40.56901147593364,7.833801572412242,31.51369234570302,-0.007085176095617563,-0.00010463564564773264,0.0010795061019962305
5,10.766666666666667,85.53333333333333,2020-01-04 04:06:04+00:00,780.0,7.945625498007968,40.36755378486056,40.5670990055684,7.762310152195175,31.5238282721175,-0.007131474103585678,-0.00019124703652408925,0.001013592641447758
5,10.766666666666667,85.53333333333333,2020-01-04 04:06:04+00:00,790.0,7.876228346456692,40.363228346456694,40.56284158016598,7.692760971137296,31.531765553889272,-0.00693971515512759,-0.0004257425402421688,0.0007937281771773997
5,10.766666666666667,85.53333333333333,2020-01-04 04:06:04+00:00,800.0,7.813629921259842,40.350629921259845,40.550270217070114,7.630071607015097,31.532055504268556,-0.006259842519684966,-0.0012571363095865706,2.8995037928325475e-05
5,10.766666666666667,85.53333333333333,2020-01-04 04:06:04+00:00,810.0,7.751031496062992,40.338031496062996,40.5376977854618,7.56738895961163,31.53229795935158,-0.006259842519685055,-0.0012572431608312228,2.424550830255612e-05
5,10.766666666666667,85.53333333333333,2020-01-04 04:06:04+00:00,820.0,7.698672131147541,40.34013114754099,40.53989210943943,7.514555765955462,31.542458455519636,-0.005235936491545079,0.00021943239776263114,0.0010160496168055034
5,10.766666666666667,85.53333333333333,2020-01-04 04:06:04+00:00,830.0,7.651131147540984,40.34914754098361,40.54903744973441,7.466361197125901,31.557282810236984,-0.004754098360655679,0.0009145340294985261,0.0014824354717347886
5,10.766666666666667,85.53333333333333,2020-01-04 04:06:04+00:00,840.0,7.600179282868527,40.35858167330677,40.55860263693803,7.414802951062266,31.572946604689832,-0.00509518646724576,0.0009565187203619985,0.0015663794452848378
5,10.766666666666667,85.53333333333333,2020-01-04 04:06:04+00:00,850.0,7.5384262948207175,40.36933864541833,40.569497262233426,7.352580176324376,31.591309196785232,-0.006175298804780916,0.0010894625295392757,0.0018362592095400032
5,10.766666666666667,85.53333333333333,2020-01-04 04:06:04+00:00,860.0,7.476673306772908,40.38009561752988,40.58039193247626,7.290367132486768,31.60963296446471,-0.006175298804780916,0.0010894670242834082,0.0018323767679476078
5,10.766666666666667,85.53333333333333,2020-01-04 04:06:04+00:00,870.0,7.407774703557313,40.38328853754941,40.583685060005,7.221249334957912,31.623057237083458,-0.00688986032155956,0.00032931275287424456,0.0013424272618749455
5,10.766666666666667,85.53333333333333,2020-01-04 04:06:04+00:00,880.0,7.336233201581027,40.38368379446641,40.58416664890885,7.149584165058926,31.634630054517174,-0.007154150197628528,4.815889038454202e-05,0.001157281743371641
5,10.766666666666667,85.53333333333333,2020-01-04 04:06:04+00:00,890.0,7.263899598393574,40.38424096385542,40.58481095608122,7.077145684728736,31.646395590074462,-0.00723336031874533,6.443071723722937e-05,0.0011765535557287875
5,10.766666666666667,85.53333333333333,2020-01-04 04:06:04+00:00,900.0,7.188397590361446,40.38544578313253,40.58610613340266,7.001584198386043,31.659096565981827,-0.0075502008032128035,0.00012951773214382457,0.0012700975907364409
5,10.766666666666667,85.53333333333333,2020-01-04 04:06:04+00:00,910.0,7.112895582329317,40.38665060240964,40.58740107351829,6.926033674393477,31.6717351716145,-0.007550200803212892,0.00012949401156348017,0.0012638605632673717
5,10.766666666666667,85.53333333333333,2020-01-04 04:06:04+00:00,920.0,7.042708502024292,40.38843724696356,40.58927855697228,6.855721181475212,31.683969459862283,-0.007018708030502552,0.00018774834539883045,0.0012234288247782387
5,10.766666666666667,85.53333333333333,2020-01-04 04:06:04+00:00,930.0,6.974692307692308,40.390461538461544,40.59139487686077,6.787553583973856,31.69601246871457,-0.006801619433198347,0.00021163198884863733,0.001204300885228804
5,10.766666666666667,85.53333333333333,2020-01-04 04:06:04+00:00,940.0,6.908657370517928,40.39400796812749,40.59504091851196,6.721322319178809,31.708911618255115,-0.0066034937174380024,0.00036460416511943097,0.0012899149540544386
5,10.766666666666667,85.53333333333333,2020-01-04 04:06:04+00:00,950.0,6.848896414342629,40.40237450199203,40.603531077236795,6.661201261865676,31.72463971636853,-0.005976095617529875,0.0008490158724832498,0.001572809811341358
5,10.766666666666667,85.53333333333333,2020-01-04 04:06:04+00:00,960.0,6.789135458167331,40.410741035856574,40.61202126991711,6.601089270863354,31.74033031162162,-0.005976095617529875,0.0008490192680312703,0.0015690595253090578
5,10.766666666666667,85.53333333333333,2020-01-04 04:06:04+00:00,970.0,6.727265060240964,40.418277108433735,40.619676897169086,6.53892250852037,31.75563755081339,-0.0061870397926366396,0.0007655627251978103,0.001530723919177035
5,10.766666666666667,85.53333333333333,2020-01-04 04:06:04+00:00,980.0,6.664614457831325,40.425506024096386,40.62702386693951,6.476001836687751,31.770775758898708,-0.006265060240963916,0.0007346969770424039,0.0015138208085318182
5,10.766666666666667,85.53333333333333,2020-01-04 04:06:04+00:00,990.0,6.602096774193549,40.431,40.632627274235894,6.413249628196864,31.784481462120084,-0.006251768363777633,0.0005603407296383978,0.0013705703221376098
5,10.766666666666667,85.53333333333333,2020-01-04 04:06:04+00:00,1000.0,6.54,40.431,40.632709318607894,6.3510096670462355,31.793740335087477,-0.006209677419354876,8.204437200021176e-06,0.0009258872967393472
5,10.766666666666667,85.53333333333333,2020-01-04 04:06:04+00:00,1010.0,6.477903225806451,40.431,40.632791362979894,6.288778127368908,31.802955880262743,-0.006209677419354876,8.204437200021176e-06,0.0009215545175266015
5,10.766666666666667,85.53333333333333,2020-01-04 04:06:04+00:00,1020.0,6.420416342412451,40.42508560311284,40.62692445634058,6.231187514075132,31.806783558653024,-0.005748688339400054,-0.0005866906639312219,0.0003827678390280198
5,10.766666666666667,85.53333333333333,2020-01-04 04:06:04+00:00,1030.0,6.364385214007782,40.417303501945526,40.619180494048344,6.175066449184041,31.80888633740301,-0.0056031128404669065,-0.0007743962292238393,0.00021027787499861006
5,10.766666666666667,85.53333333333333,2020-01-04 04:06:04+00:00,1040.0,6.308799180327869,40.410610655737706,40.612531199769144,6.1193726008028815,31.81174970819211,-0.005558603367991299,-0.000664929427919958,0.00028633707891003726
5,10.766666666666667,85.53333333333333,2020-01-04 04:06:04+00:00,1050.0,6.255110655737704,40.40856147540983,40.61054875781898,6.065479204725026,31.817981482247205,-0.005368852459016438,-0.00019824419501617284,0.0006231774055095229
5,10.766666666666667,85.53333333333333,2020-01-04 04:06:04+00:00,1060.0,6.201422131147541,40.40651229508197,40.60856630806152,6.0115925598902225,31.824179857936542,-0.005368852459016349,-0.00019824497574632004,0.0006198375689336899
5,10.766666666666667,85.53333333333333,2020-01-04 04:06:04+00:00,1070.0,6.151999999999999,40.4066,40.608731425374074,5.961877087473925,31.831435828799385,-0.004942213114754157,1.6511731255519636e-05,0.0007255970862843242
5,10.766666666666667,85.53333333333333,2020-01-04 04:06:04+00:00,1080.0,6.103999999999999,40.4074,40.60961240267014,5.91355594141078,31.83902828459395,-0.004800000000000004,8.80977296063179e-05,0.0007592455794565467
5,10.766666666666667,85.53333333333333,2020-01-04 04:06:04+00:00,1090.0,6.0581,40.4076,40.60989037926666,5.8673162477185175,31.84582591733647,-0.00458999999999996,2.7797659652151196e-05,0.0006797632742518544
5,10.766666666666667,85.53333333333333,2020-01-04 04:06:04+00:00,1100.0,6.0184999999999995,40.406000000000006,40.6083593419537,5.827307709010451,31.850296520248094,-0.003960000000000008,-0.00015310373129580058,0.0004470602911624155
5,10.766666666666667,85.53333333333333,2020-01-04 04:06:04+00:00,1110.0,5.9789,40.4044,40.6068282985448,5.787303692967949,31.854748482897776,-0.003959999999999919,-0.00015310434089030878,0.0004451962649682173
5,10.766666666666667,85.53333333333333,2020-01-04 04:06:04+00:00,1120.0,5.937873517786562,40.403110671936766,40.60561591808139,5.74589625104171,31.859630346497624,-0.004102648221343852,-0.00012123804634072144,0.0004881863599848657
5,10.766666666666667,85.53333333333333,2020-01-04 04:06:04+00:00,1130.0,5.896371541501976,40.40192490118577,40.60450832440016,5.704024331485354,31.86464047799268,-0.004150197628458585,-0.00011075936812332543,0.0005010131495055247
5,10.766666666666667,85.53333333333333,2020-01-04 04:06:04+00:00,1140.0,5.854358565737051,40.401262948207176,40.603927171172465,5.661646676532606,31.87011552877675,-0.004201297576492458,-5.8115322769225486e-05,0.0005475050784070845
5,10.766666666666667,85.53333333333333,2020-01-04 04:06:04+00:00,1150.0,5.810533864541832,40.40245816733068,40.605212507260525,5.617463948613962,31.87728966169061,-0.004382470119521908,0.00012853360880598074,0.0007174132913860376
5,10.766666666666667,85.53333333333333,2020-01-04 04:06:04+00:00,1160.0,5.766709163346613,40.40365338645419,40.606497848325695,5.573286662020154,31.88444170735056,-0.004382470119521908,0.0001285341065170087,0.000715204565995009
5,10.766666666666667,85.53333333333333,2020-01-04 04:06:04+00:00,1170.0,5.721779116465863,40.405140562249,40.608076617400584,5.528023636730919,31.891953343483692,-0.004493004688074986,0.00015787690748894078,0.0007511636133131106
5,10.766666666666667,85.53333333333333,2020-01-04 04:06:04+00:00,1180.0,5.676397590361446,40.406746987951806,40.60977524176093,5.482320617113294,31.899597512351875,-0.00453815261044177,0.000169862436034407,0.0007644168868182532
5,10.766666666666667,85.53333333333333,2020-01-04 04:06:04+00:00,1190.0,5.631533864541833,40.40870119521912,40.611823402566976,5.4371270407575,31.907423973196273,-0.004486372581961273,0.00020481608060478606,0.0007826460844398752
5,10.766666666666667,85.53333333333333,2020-01-04 04:06:04+00:00,1200.0,5.588505976095618,40.41188844621514,40.61511081594117,5.39372489107154,31.91595843910318,-0.004302788844621474,0.000328741337419558,0.0008534465906905097
5,10.766666666666667,85.53333333333333,2020-01-04 04:06:04+00:00,1210.0,5.545478087649403,40.41507569721115,40.618398242587624,5.350328218794974,31.92447194917645,-0.004302788844621474,0.00032874266464517633,0.0008513510073271391
5,10.766666666666667,85.53333333333333,2020-01-04 04:06:04+00:00,1220.0,5.499190476190477,40.418817460317456,40.622234032744636,5.303725427034389,31.933832392041722,-0.004628761145892657,0.00038357901570122975,0.0009360442865272489
5,10.766666666666667,85.53333333333333,2020-01-04 04:06:04+00:00,1230.0,5.4515714285714285,40.422785714285716,40.62629363072616,5.255817088167333,31.94352239718137,-0.0047619047619048335,0.0004059597981523666,0.0009690005139646018
5,10.766666666666667,85.53333333333333,2020-01-04 04:06:04+00:00,1240.0,5.405903614457832,40.426,40.62959547729361,5.209843550488462,31.95233029544397,-0.004566781411359688,0.00033018465674530264,0.0008807898262602976
5,10.766666666666667,85.53333333333333,2020-01-04 04:06:04+00:00,1250.0,5.36855421686747,40.426,40.629666855872934,5.172096392243222,31.957466006103914,-0.003734939759036138,7.137857932093539e-06,0.0005135710659942561
5,10.766666666666667,85.53333333333333,2020-01-04 04:06:04+00:00,1260.0,5.331204819277109,40.426,40.62973823445225,5.1343535119012165,31.962585158361662,-0.003734939759036138,7.137857931382996e-06,0.0005119152257748282
5,10.766666666666667,85.53333333333333,2020-01-04 04:06:04+00:00,1270.0,5.290481927710844,40.42712449799197,40.63093978023395,5.093284438391937,31.969022715771416,-0.004072289156626496,0.0001201545781704283,0.0006437557409753935
5,10.766666666666667,85.53333333333333,2020-01-04 04:06:04+00:00,1280.0,5.248313253012048,40.42873092369478,40.63262568820999,5.050793081176174,31.97601240301765,-0.00421686746987957,0.00016859079760394023,0.0006989687246232279
5,10.766666666666667,85.53333333333333,2020-01-04 04:06:04+00:00,1290.0,5.206372093023256,40.43024418604651,40.63421796849128,5.008531747309637,31.98287788217158,-0.004194115998879244,0.0001592280281286662,0.000686547915393021
5,10.766666666666667,85.53333333333333,2020-01-04 04:06:04+00:00,1300.0,5.165286821705426,40.431406976744185,40.63545801368628,4.9671212469764505,31.989333601957696,-0.004108527131782935,0.00012400451950043135,0.0006455719786117697
5,10.766666666666667,85.53333333333333,2020-01-04 04:06:04+00:00,1310.0,5.124201550387597,40.43256976744186,40.636698062987456,4.92571572767027,31.995769593863315,-0.004108527131782935,0.000124004930117394,0.0006435991905618721
5,10.766666666666667,85.53333333333333,2020-01-04 04:06:04+00:00,1320.0,5.081585774058578,40.433263598326356,40.63746759664336,4.882819296924782,32.002011012080175,-0.0042615776329019365,7.695336559052635e-05,0.0006241418216859529
5,10.766666666666667,85.53333333333333,2020-01-04 04:06:04+00:00,1330.0,5.038071129707113,40.4336820083682,40.63796085945403,4.839049588928949,32.00812800047788,-0.0043514644351464685,4.9326281067152423e-05,0.0006116988397707246
5,10.766666666666667,85.53333333333333,2020-01-04 04:06:04+00:00,1340.0,4.994975903614457,40.434,40.63835319784603,4.795698416221962,32.01408933477205,-0.004309522609265581,3.92338391996816e-05,0.0005961334294170229
5,10.766666666666667,85.53333333333333,2020-01-04 04:06:04+00:00,1350.0,4.953208835341365,40.434,40.63842593805046,4.753660858067319,32.01960702899396,-0.004176706827309218,7.274020443048812e-06,0.0005517694221907731
5,10.766666666666667,85.53333333333333,2020-01-04 04:06:04+00:00,1360.0,4.911441767068273,40.434,40.63849867825489,4.71162830240444,32.0251040150622,-0.004176706827309218,7.274020443048812e-06,0.0005496986068237675
5,10.766666666666667,85.53333333333333,2020-01-04 04:06:04+00:00,1370.0,4.8698,40.4379,40.64249115008449,4.6696673707480025,32.03366458109258,-0.004164176706827316,0.0003992471829597832,0.0008560566030382688
5,10.766666666666667,85.53333333333333,2020-01-04 04:06:04+00:00,1380.0,4.8282,40.4431,40.64779021549325,4.627733992147931,32.04323364900051,-0.004159999999999986,0.0005299065408763681,0.0009569067907932549
5,10.766666666666667,85.53333333333333,2020-01-04 04:06:04+00:00,1390.0,4.786525691699604,40.451446640316206,40.65625187133311,4.585687872291013,32.055294563100006,-0.004167430830039542,0.0008461655839859361,0.0012060914099492948
5,10.766666666666667,85.53333333333333,2020-01-04 04:06:04+00:00,1400.0,4.744628458498023,40.46923320158103,40.67420128935115,4.543293389015727,32.07487150165662,-0.004189723320158123,0.0017949418018041285,0.0019576938556610914
5,10.766666666666667,85.53333333333333,2020-01-04 04:06:04+00:00,1410.0,4.702731225296442,40.48701976284585,40.69215077136475,4.500905342909337,32.09443151640903,-0.004189723320158123,0.0017949482013598582,0.0019560014752414644
5,10.766666666666667,85.53333333333333,2020-01-04 04:06:04+00:00,1420.0,4.662653543307086,40.492,40.697229564028895,4.460491199188264,32.10356222174255,-0.00400776819893558,0.000507879266414335,0.0009130705333518563
5,10.766666666666667,85.53333333333333,2020-01-04 04:06:04+00:00,1430.0,4.62328346456693,40.492,40.69730360397323,4.420847037448665,32.108625746838015,-0.003937007874015653,7.4039944337300765e-06,0.0005063525095465593
5,10.766666666666667,85.53333333333333,2020-01-04 04:06:04+00:00,1440.0,4.584160000000001,40.492936,40.698318391360885,4.38143608838432,32.11438506208856,-0.003912346456692894,0.00010147873876533708,0.0005759315250543296
5,10.766666666666667,85.53333333333333,2020-01-04 04:06:04+00:00,1450.0,4.54616,40.498136,40.703618817210035,4.343071253179499,32.12338150666346,-0.0038000000000000256,0.0005300425849149804,0.0008996444574904672
5,10.766666666666667,85.53333333333333,2020-01-04 04:06:04+00:00,1460.0,4.50816,40.503336000000004,40.70891926207565,4.304711171405292,32.13236162846874,-0.0038000000000000256,0.0005300444865618204,0.000898012180527985
5,10.766666666666667,85.53333333333333,2020-01-04 04:06:04+00:00,1470.0,4.4649920000000005,40.505,40.7106657717751,4.26133822331573,32.139140494785806,-0.004316799999999965,0.0001746509699444232,0.0006778866317063148
5,10.766666666666667,85.53333333333333,2020-01-04 04:06:04+00:00,1480.0,4.419392,40.505,40.71073983549004,4.215609552433442,32.14486773476028,-0.004560000000000031,7.406371494056429e-06,0.0005727239974476106
5,10.766666666666667,85.53333333333333,2020-01-04 04:06:04+00:00,1490.0,4.37271875,40.505140625,40.710955238748355,4.168832398968278,32.150811739013534,-0.004667325000000044,2.154032583163712e-05,0.0005944004253251479
5,10.766666666666667,85.53333333333333,2020-01-04 04:06:04+00:00,1500.0,4.32115625,40.505921875,40.711814523834384,4.117259375134225,32.15782755061559,-0.005156250000000018,8.592850860296153e-05,0.000701581160205933
5,10.766666666666667,85.53333333333333,2020-01-04 04:06:04+00:00,1510.0,4.269593749999999,40.506703125,40.712673811777464,4.06569312356646,32.16481202511318,-0.005156250000000018,8.592879430793232e-05,0.0006984474497585324
5,10.766666666666667,85.53333333333333,2020-01-04 04:06:04+00:00,1520.0,4.218610878661088,40.508297071129704,40.714341310266434,4.014690629190129,32.17233676756041,-0.005098287133891155,0.00016674984889704093,0.0007524742447230892
5,10.766666666666667,85.53333333333333,2020-01-04 04:06:04+00:00,1530.0,4.167983263598326,40.51038912133891,40.71648933248317,3.964036467895281,32.18016987867463,-0.005062761506276203,0.00021480222167369334,0.0007833111114223356
5,10.766666666666667,85.53333333333333,2020-01-04 04:06:04+00:00,1540.0,4.120203187250996,40.51245816733068,40.7186142381027,3.916179716483075,32.18761916011431,-0.004778007634732973,0.0002124905619531603,0.0007449281439676269
5,10.766666666666667,85.53333333333333,2020-01-04 04:06:04+00:00,1550.0,4.081956175298805,40.51445019920319,40.72066174224494,3.8776710212132275,32.1938616309119,-0.003824701195219138,0.00020475041422400863,0.0006242470797587884
5,10.766666666666667,85.53333333333333,2020-01-04 04:06:04+00:00,1560.0,4.043709163346613,40.5164422310757,40.722709250845305,3.8391668966853647,32.200086742561325,-0.003824701195219138,0.0002047508600362846,0.0006225111649428072
5,10.766666666666667,85.53333333333333,2020-01-04 04:06:04+00:00,1570.0,3.995857142857143,40.517,40.72331519759545,3.7912772238242995,32.206269561068666,-0.0047852020489470345,6.059467501415838e-05,0.0006182818507340926
5,10.766666666666667,85.53333333333333,2020-01-04 04:06:04+00:00,1580.0,3.944269841269841,40.517,40.72336053584981,3.739742246165683,32.21241290077592,-0.005158730158730185,4.533825435970584e-06,0.0006143339707250561
5,10.766666666666667,85.53333333333333,2020-01-04 04:06:04+00:00,1590.0,3.895350597609562,40.5172390438247,40.72364613569054,3.6908240675847117,32.21840765675256,-0.004891924366027922,2.8559984072984435e-05,0.0005994755976644229
5,10.766666666666667,85.53333333333333,2020-01-04 04:06:04+00:00,1600.0,3.8571035856573705,40.51843426294821,40.72489278348169,3.6523516390648973,32.22391213608671,-0.003824701195219138,0.0001246647791155908,0.0005504479334149437
5,10.766666666666667,85.53333333333333,2020-01-04 04:06:04+00:00,1610.0,3.8188565737051787,40.519629482071714,40.72613943394772,3.6138837265498345,32.229399013044485,-0.003824701195219182,0.0001246650466029564,0.0005486876957775166
5,10.766666666666667,85.53333333333333,2020-01-04 04:06:04+00:00,1620.0,3.7733279999999993,40.524692,40.73127310006771,3.568238320366692,32.23878265164103,-0.004552857370517938,0.0005133666119988334,0.0009383638596546007
5,10.766666666666667,85.53333333333333,2020-01-04 04:06:04+00:00,1630.0,3.7245279999999994,40.531492,40.73815311862629,3.51937274884384,32.24989945933703,-0.0048799999999999955,0.000688001855858289,0.0011116807695998431
5,10.766666666666667,85.53333333333333,2020-01-04 04:06:04+00:00,1640.0,3.6785444015444013,40.537953667953666,40.744693094897954,3.473275912390503,32.26040187527565,-0.004598359845559808,0.0006539976271660919,0.001050241593861756
5,10.766666666666667,85.53333333333333,2020-01-04 04:06:04+00:00,1650.0,3.6445675675675675,40.54297297297297,40.749783365178594,3.4389583812288986,32.26838099932206,-0.003397683397683382,0.0005090270280639686,0.0007979124046414654
5,10.766666666666667,85.53333333333333,2020-01-04 04:06:04+00:00,1660.0,3.6105907335907337,40.54799227799228,40.75487364669238,3.4046448828448037,32.27634679764037,-0.003397683397683382,0.0005090281513787431,0.000796579831830968
5,10.766666666666667,85.53333333333333,2020-01-04 04:06:04+00:00,1670.0,3.574721518987342,40.55,40.75693698755185,3.3685229305743207,32.282105967829466,-0.0035869214603391876,0.0002063340859471907,0.000575917018909422
5,10.766666666666667,85.53333333333333,2020-01-04 04:06:04+00:00,1680.0,3.537590717299578,40.55,40.75698236273299,3.331196857722468,32.28638671329941,-0.0037130801687763615,4.537518113778561e-06,0.0004280745469941394
5,10.766666666666667,85.53333333333333,2020-01-04 04:06:04+00:00,1690.0,3.500444,40.55,40.75702773791414,3.293859456556194,32.2906522571177,-0.0037146717299578304,4.537518115199646e-06,0.0004265543818291917
5,10.766666666666667,85.53333333333333,2020-01-04 04:06:04+00:00,1700.0,3.463244,40.55,40.75707311309528,3.2564741669014223,32.294906683053796,-0.00371999999999999,4.537518113778561e-06,0.0004254425936096595
5,10.766666666666667,85.53333333333333,2020-01-04 04:06:04+00:00,1710.0,3.426044,40.55,40.757118488276426,3.2190931359539197,32.2991440594576,-0.00371999999999999,4.537518114489103e-06,0.00042373764038075026
5,10.766666666666667,85.53333333333333,2020-01-04 04:06:04+00:00,1720.0,3.3943596837944665,40.54971146245059,40.756873851813125,3.187116404184449,32.30253078335636,-0.003168431620553358,-2.4463646330019628e-05,0.0003386723898756827
5,10.766666666666667,85.53333333333333,2020-01-04 04:06:04+00:00,1730.0,3.364715415019763,40.54931620553359,40.75652195000386,3.157140121147575,32.30559730210143,-0.0029644268774703607,-3.5190180926747414e-05,0.0003066518745072244
5,10.766666666666667,85.53333333333333,2020-01-04 04:06:04+00:00,1740.0,3.3343333333333334,40.54891967871486,40.75616877091769,3.1264451334626786,32.30873188009332,-0.003038208168642953,-3.53179086168609e-05,0.00031345779918865444
5,10.766666666666667,85.53333333333333,2020-01-04 04:06:04+00:00,1750.0,3.301,40.548518072289156,40.75581048536912,3.09286667172626,32.31217027117077,-0.0033333333333333214,-3.582855485717573e-05,0.0003438391077452252
5,10.766666666666667,85.53333333333333,2020-01-04 04:06:04+00:00,1760.0,3.267666666666667,40.54811646586346,40.755452198921766,3.059291806095499,32.31559475139193,-0.0033333333333333214,-3.582864473514746e-05,0.00034244802211560457
5,10.766666666666667,85.53333333333333,2020-01-04 04:06:04+00:00,1770.0,3.2351887550200806,40.555698795180724,40.76311868071777,3.026454292138342,32.32529500666851,-0.0032477911646586312,0.0007666481796000824,0.0009700255276584357
5,10.766666666666667,85.53333333333333,2020-01-04 04:06:04+00:00,1780.0,3.2030602409638553,40.5665421686747,40.774054313044495,2.993920549854342,32.3375460643922,-0.00321285140562253,0.0010935632326727785,0.0012251057723688063
5,10.766666666666667,85.53333333333333,2020-01-04 04:06:04+00:00,1790.0,3.1733545816733066,40.57815537848606,40.78576278502726,2.9637499110769903,32.35014217790831,-0.002970565929054869,0.0011708471982764478,0.0012596113516110564
5,10.766666666666667,85.53333333333333,2020-01-04 04:06:04+00:00,1800.0,3.152239043824701,40.592498007968125,40.80021466397068,2.941946070384232,32.36399654162369,-0.002111553784860565,0.0014451878943418706,0.0013854363715381623
5,10.766666666666667,85.53333333333333,2020-01-04 04:06:04+00:00,1810.0,3.131123505976096,40.6068406374502,40.81466656826157,2.9201442769963855,32.37784687997964,-0.0021115537848605203,0.0014451904290893936,0.0013850338355950952
5,10.766666666666667,85.53333333333333,2020-01-04 04:06:04+00:00,1820.0,3.1110281124497994,40.612140562248996,40.82002950463677,2.8994573668744406,32.38435381856425,-0.002009539352629641,0.0005362936375199467,0.0006506938584607269
5,10.766666666666667,85.53333333333333,2020-01-04 04:06:04+00:00,1830.0,3.0913493975903616,40.61374698795181,40.82168004141566,2.879226571920795,32.387858236855436,-0.001967871485943773,0.00016505367788894888,0.00035044182911860846
5,10.766666666666667,85.53333333333333,2020-01-04 04:06:04+00:00,1840.0,3.070086956521739,40.615434782608695,40.82341236664989,2.857448428978635,32.39159011252832,-0.0021262441068622628,0.00017323252342293927,0.00037318756728836887
5,10.766666666666667,85.53333333333333,2020-01-04 04:06:04+00:00,1850.0,3.043209486166008,40.61741106719368,40.82543466230701,2.830181136296726,32.396138380718185,-0.002687747035573107,0.000202229565712031,0.0004548268189864757
5,10.766666666666667,85.53333333333333,2020-01-04 04:06:04+00:00,1860.0,3.0163320158102764,40.619387351778656,40.82745696145678,2.8029165021987317,32.400677759590735,-0.0026877470355731515,0.00020222991497718113,0.00045393788725505145
5,10.766666666666667,85.53333333333333,2020-01-04 04:06:04+00:00,1870.0,2.9915059760956173,40.62027490039841,40.82838495020776,2.777672755818985,32.40412259312575,-0.0024826039714659132,9.279887509805462e-05,0.00034448335350134585
5,10.766666666666667,85.53333333333333,2020-01-04 04:06:04+00:00,1880.0,2.967601593625498,40.62067330677291,40.828821291825,2.753337952639632,32.407072130914685,-0.00239043824701195,4.363416172381562e-05,0.0002949537788936141
5,10.766666666666667,85.53333333333333,2020-01-04 04:06:04+00:00,1890.0,2.944414342629482,40.62092828685259,40.829113472781415,2.7297076633208355,32.40982498577182,-0.0023187250996015594,2.9218095641425634e-05,0.00027528548571353895
5,10.766666666666667,85.53333333333333,2020-01-04 04:06:04+00:00,1900.0,2.9244940239043826,40.62052988047809,40.82874891850424,2.709278917657832,32.41170898800851,-0.0019920318725099584,-3.6455427717640984e-05,0.00018840022366930497
5,10.766666666666667,85.53333333333333,2020-01-04 04:06:04+00:00,1910.0,2.904573705179283,40.62013147410359,40.82838436352295,2.6888516494524537,32.41358775651133,-0.0019920318725099584,-3.6455498128873384e-05,0.0001878768502820094
5,10.766666666666667,85.53333333333333,2020-01-04 04:06:04+00:00,1920.0,2.88151171875,40.6194765625,40.82776198732071,2.665360660702873,32.41558054746088,-0.002306198642928292,-6.223762022372625e-05,0.00019927909495436323
5,10.766666666666667,85.53333333333333,2020-01-04 04:06:04+00:00,1930.0,2.8569023437500003,40.6186953125,40.82701262362472,2.640362012992768,32.417624625508324,-0.0024609374999999822,-7.493636959949867e-05,0.00020440780474473286
5,10.766666666666667,85.53333333333333,2020-01-04 04:06:04+00:00,1940.0,2.832226890756303,40.617861344537815,40.826210270169575,2.6153016821866357,32.41962539664155,-0.0024675452993697445,-8.023534551426792e-05,0.00020007711332254986
5,10.766666666666667,85.53333333333333,2020-01-04 04:06:04+00:00,1950.0,2.807016806722689,40.61660084033613,40.824979190710664,2.5897268568632628,32.42133149737856,-0.00252100840336138,-0.00012310794589112106,0.00017061007370102743
5,10.766666666666667,85.53333333333333,2020-01-04 04:06:04+00:00,1960.0,2.7818067226890757,40.61534033613446,40.823748109024095,2.564154284871469,32.423029257871576,-0.0025210084033613356,-0.00012310816865692686,0.0001697760493016176
5,10.766666666666667,85.53333333333333,2020-01-04 04:06:04+00:00,1970.0,2.763431693989071,40.61460109289617,40.82304096125812,2.545250532409972,32.42444041602221,-0.0018375028700004848,-7.071477659721381e-05,0.00014111581506313087
5,10.766666666666667,85.53333333333333,2020-01-04 04:06:04+00:00,1980.0,2.7475846994535518,40.61405464480874,40.822527596958864,2.5288135437539463,32.42574457600995,-0.0015846994535519076,-5.133642992589671e-05,0.00013041599877396947
6,13.283333333333331,86.63333333333334,2020-01-04 04:12:00+00:00,10.0,27.561,34.286833333333334,34.44887489385024,27.592693609571747,22.002773349838208,,,
6,13.283333333333331,86.63333333333334,2020-01-04 04:12:00+00:00,20.0,27.920777777777776,34.61944444444445,34.78307370743763,27.937488184577635,22.1368071694161,0.035977777777777574,0.03341988135873919,0.013403381957789406
6,13.283333333333331,86.63333333333334,2020-01-04 04:12:00+00:00,30.0,27.888,34.622800000000005,34.78649603183788,27.902133900826176,22.150821114614587,-0.003277777777777402,0.00034223244002475897,0.001401394519848509
6,13.283333333333331,86.63333333333334,2020-01-04 04:12:00+00:00,40.0,27.89311111111111,34.635666666666665,34.79949030213142,27.904370043036316,22.159643570723347,0.0005111111111109068,0.00129942702935395,0.0008822456108759979
6,13.283333333333331,86.63333333333334,2020-01-04 04:12:00+00:00,50.0,27.671818181818182,34.66,34.824135020561215,27.679216328401534,22.250790419250393,-0.022129292929292887,0.0024644718429797765,0.009114684852704613
6,13.283333333333331,86.63333333333334,2020-01-04 04:12:00+00:00,60.0,28.224,35.193,35.35984206225191,28.208111180088963,22.472060620209845,0.05521818181818183,0.053570704169069214,0.022127020095945228
6,13.283333333333331,86.63333333333334,2020-01-04 04:12:00+00:00,70.0,26.795454545454547,35.46054545454545,35.628840260766694,26.764458458005354,23.136813093708497,-0.14285454545454535,0.026899819851478667,0.06647524734986518
6,13.283333333333331,86.63333333333334,2020-01-04 04:12:00+00:00,80.0,24.992,35.833,36.00328481520495,24.943155848712294,23.981245670639396,-0.1803454545454546,0.037444455443825575,0.08444325769308988
6,13.283333333333331,86.63333333333334,2020-01-04 04:12:00+00:00,90.0,23.290444444444447,35.977111111111114,36.148358291841056,23.234156685856224,24.59928016876438,-0.17015555555555545,0.01450734766361066,0.061803449812498454
6,13.283333333333331,86.63333333333334,2020-01-04 04:12:00+00:00,100.0,22.3615,36.027,36.198762555104025,22.301749572064406,24.90571943599798,-0.0928944444444447,0.005040426326296909,0.03064392672335998
6,13.283333333333331,86.63333333333334,2020-01-04 04:12:00+00:00,110.0,20.82488888888889,36.019,36.190979863427984,20.764431870173944,25.32796076742102,-0.15366111111111103,-0.0007782691676041509,0.0422241331423038
6,13.283333333333331,86.63333333333334,2020-01-04 04:12:00+00:00,120.0,19.659000000000002,36.02075,36.19299119197763,19.59768043446631,25.641332953625124,-0.11658888888888867,0.00020113285496492495,0.03133721862041057
6,13.283333333333331,86.63333333333334,2020-01-04 04:12:00+00:00,130.0,18.15241176470588,36.06876470588235,36.24146908279816,18.08970851770918,26.063962876102778,-0.1506588235294121,0.004847789082052856,0.0422629922477654
6,13.283333333333331,86.63333333333334,2020-01-04 04:12:00+00:00,140.0,17.386444444444443,36.083444444444446,36.25642320880948,17.322771785087994,26.2641757079939,-0.07659673202614385,0.0014954126011318182,0.02002128318911218
6,13.283333333333331,86.63333333333334,2020-01-04 04:12:00+00:00,150.0,16.510785714285714,36.11185714285714,36.285176372218615,16.446203100793667,26.495593648154454,-0.08756587301587296,0.002875316340913514,0.023141794016055428
6,13.283333333333331,86.63333333333334,2020-01-04 04:12:00+00:00,160.0,15.980777777777776,36.13311111111111,36.30670424252943,15.91505553839472,26.635668498339783,-0.05300079365079373,0.00215278703108126,0.014007485018532861
6,13.283333333333331,86.63333333333334,2020-01-04 04:12:00+00:00,170.0,15.357,36.153,36.3268570595113,15.290535086684313,26.79325883997535,-0.062377777777777685,0.0020152816981870102,0.01575903416355686
6,13.283333333333331,86.63333333333334,2020-01-04 04:12:00+00:00,180.0,14.790000000000001,36.1769,36.351029280079636,14.722734210685623,26.93796663447324,-0.05669999999999984,0.002417222056833879,0.014470779449789006
6,13.283333333333331,86.63333333333334,2020-01-04 04:12:00+00:00,190.0,14.31690909090909,36.19027272727273,36.364606912235104,14.249017978508727,27.05144559965629,-0.04730909090909101,0.0013577632155467255,0.011347896518304878
6,13.283333333333331,86.63333333333334,2020-01-04 04:12:00+00:00,200.0,13.949,36.20308823529412,36.37762474262445,13.880320726865525,27.140219959002025,-0.036790909090909096,0.0013017830389344454,0.00887743593457344
6,13.283333333333331,86.63333333333334,2020-01-04 04:12:00+00:00,210.0,13.649000000000001,36.21191176470589,36.386583039809544,13.579513904527568,27.210451143555474,-0.029999999999999895,0.0008958297185095887,0.007023118455344956
6,13.283333333333331,86.63333333333334,2020-01-04 04:12:00+00:00,220.0,13.300455696202532,36.22240506329114,36.39720710785123,13.230336622945432,27.291096172950347,-0.034854430379746934,0.001062406804168603,0.008064502939487284
6,13.283333333333331,86.63333333333334,2020-01-04 04:12:00+00:00,230.0,12.925772151898734,36.23379746835443,36.40873466970746,12.855162307589982,27.376563747466662,-0.03746835443037977,0.0011527561856226499,0.008546757451631493
6,13.283333333333331,86.63333333333334,2020-01-04 04:12:00+00:00,240.0,12.598792156862745,36.24342745098039,36.418491346649084,12.527656804988364,27.44985569583673,-0.03269799950359893,0.0009756676941627517,0.00732919483700698
6,13.283333333333331,86.63333333333334,2020-01-04 04:12:00+00:00,250.0,12.39447843137255,36.24852549019608,36.42369422246644,12.32255963189968,27.4945405351541,-0.0204313725490195,0.0005202875817353458,0.0044684839317369555
6,13.283333333333331,86.63333333333334,2020-01-04 04:12:00+00:00,260.0,12.190164705882353,36.25362352941177,36.428890747823196,12.117500165018555,27.538812247659962,-0.020431372549019677,0.0005196525356758741,0.004427171250586071
6,13.283333333333331,86.63333333333334,2020-01-04 04:12:00+00:00,270.0,12.027527777777777,36.25789682539683,36.43325696839552,11.954018288264969,27.573991012248143,-0.01626369281045754,0.0004366220572322277,0.0035178764588181368
6,13.283333333333331,86.63333333333334,2020-01-04 04:12:00+00:00,280.0,11.880305555555555,36.26186507936508,36.437316688051396,11.805927081793996,27.605717000029244,-0.014722222222222215,0.00040597196558778137,0.003172598778110114
6,13.283333333333331,86.63333333333334,2020-01-04 04:12:00+00:00,290.0,11.736333333333333,36.26541666666667,36.44095774000309,11.661106947410019,27.636284825809298,-0.014397222222222261,0.0003641051951696284,0.003056782578005368
6,13.283333333333331,86.63333333333334,2020-01-04 04:12:00+00:00,300.0,11.604587301587301,36.26740079365079,36.44302375545131,11.528521301320271,27.663116387576338,-0.013174603174603127,0.00020660154482143867,0.0026831561767039604
6,13.283333333333331,86.63333333333334,2020-01-04 04:12:00+00:00,310.0,11.47284126984127,36.26938492063492,36.445096837830256,11.395956683028531,27.68977820308305,-0.013174603174603127,0.00020730823789492093,0.0026661815506713537
6,13.283333333333331,86.63333333333334,2020-01-04 04:12:00+00:00,320.0,11.350708502024291,36.2713967611336,36.44720080219051,11.27298548404974,27.714496541263998,-0.012213276781697858,0.0002103964360252064,0.0024718338180946377
6,13.283333333333331,86.63333333333334,2020-01-04 04:12:00+00:00,330.0,11.232894736842105,36.273421052631576,36.44931728706545,11.154333843207727,27.73827296879881,-0.0117813765182186,0.00021164848749393171,0.0023776427534812684
6,13.283333333333331,86.63333333333334,2020-01-04 04:12:00+00:00,340.0,11.120385826771654,36.27525984251968,36.451247379574,11.040986160326932,27.760786784179118,-0.011250891007045105,0.00019300925085516952,0.002251381538030728
6,13.283333333333331,86.63333333333334,2020-01-04 04:12:00+00:00,350.0,11.02668503937008,36.27644094488189,36.452516600678386,10.946393328442031,27.779215137518804,-0.009370078740157517,0.00012692211043869862,0.001842835333968651
6,13.283333333333331,86.63333333333334,2020-01-04 04:12:00+00:00,360.0,10.932984251968504,36.277622047244094,36.45379358834651,10.85181427309836,27.797558598518663,-0.009370078740157517,0.0001276987668120455,0.0018343460999858507
6,13.283333333333331,86.63333333333334,2020-01-04 04:12:00+00:00,370.0,10.847663967611336,36.278275303643724,36.454543497570754,10.765601285728412,27.81388261058123,-0.008532028435716831,7.499092242468919e-05,0.0016324012062568726
6,13.283333333333331,86.63333333333334,2020-01-04 04:12:00+00:00,380.0,10.766287449392712,36.27868016194332,36.45504380450952,10.683330738656416,27.829224970156474,-0.008137651821862412,5.003069387683467e-05,0.001534235957524288
6,13.283333333333331,86.63333333333334,2020-01-04 04:12:00+00:00,390.0,10.685666666666666,36.279,36.45545867975891,10.601825617648526,27.844295638313497,-0.008062078272604545,4.1487524939043396e-05,0.0015070668157022738
6,13.283333333333331,86.63333333333334,2020-01-04 04:12:00+00:00,400.0,10.607888888888889,36.279,36.45555216210442,10.523167425047939,27.858539793502587,-0.00777777777777775,9.348234550543566e-06,0.0014244155189089725
6,13.283333333333331,86.63333333333334,2020-01-04 04:12:00+00:00,410.0,10.530111111111111,36.279,36.45563355051096,10.444520416392107,27.872710532739575,-0.00777777777777775,8.138840654225987e-06,0.0014170739236988084
6,13.283333333333331,86.63333333333334,2020-01-04 04:12:00+00:00,420.0,10.443348,36.279276,36.45598422062564,10.356939388130908,27.88861890435919,-0.00867631111111109,3.5067011467759815e-05,0.0015908371619616445
6,13.283333333333331,86.63333333333334,2020-01-04 04:12:00+00:00,430.0,10.352548,36.279676,36.45645949608283,10.265352460285152,27.905256380904348,-0.009079999999999977,4.7527545719106e-05,0.001663747654515646
6,13.283333333333331,86.63333333333334,2020-01-04 04:12:00+00:00,440.0,10.264076923076923,36.279923076923076,36.45678110460783,10.176098494983805,27.92127928112336,-0.008847107692307787,3.2160852499885094e-05,0.0016022900219013537
6,13.283333333333331,86.63333333333334,2020-01-04 04:12:00+00:00,450.0,10.185534412955466,36.27951821862349,36.45644759952562,10.096745585901935,27.934977857163403,-0.007854251012145675,-3.335050822101948e-05,0.0013698576040042099
6,13.283333333333331,86.63333333333334,2020-01-04 04:12:00+00:00,460.0,10.10699190283401,36.27911336032389,36.45611409280682,10.017403692691687,27.948610553836716,-0.007854251012145675,-3.335067187961727e-05,0.001363269667331224
6,13.283333333333331,86.63333333333334,2020-01-04 04:12:00+00:00,470.0,10.02083870967742,36.279,36.45607350519429,9.930498493118487,27.96372069799827,-0.008615319315658888,-4.05876125313398e-06,0.0015110144161553762
6,13.283333333333331,86.63333333333334,2020-01-04 04:12:00+00:00,480.0,9.931725806451613,36.279,36.456146830974845,9.840660388790257,27.979349282013118,-0.008911290322580711,7.332578055496697e-06,0.0015628584014848457
6,13.283333333333331,86.63333333333334,2020-01-04 04:12:00+00:00,490.0,9.84372908366534,36.278808764940244,36.456027987526916,9.751948709061438,27.994553042397456,-0.00879967227862739,-1.1884344792889579e-05,0.0015203760384338238
6,13.283333333333331,86.63333333333334,2020-01-04 04:12:00+00:00,500.0,9.759266932270917,36.278011952191235,36.45530060619174,9.666775407456225,28.00859943164528,-0.00844621513944226,-7.273813351744707e-05,0.0014046389247823754
6,13.283333333333331,86.63333333333334,2020-01-04 04:12:00+00:00,510.0,9.674804780876494,36.277215139442234,36.45457645923699,9.581614024232048,28.0225717248843,-0.00844621513944226,-7.241469547523139e-05,0.0013972293239021382
6,13.283333333333331,86.63333333333334,2020-01-04 04:12:00+00:00,520.0,9.593027450980392,36.2767137254902,36.45415239011714,9.499127832720822,28.036248925266364,-0.00817773298961022,-4.2406911985182204e-05,0.0013677200382062437
6,13.283333333333331,86.63333333333334,2020-01-04 04:12:00+00:00,530.0,9.512243137254902,36.27632156862745,36.45383811052534,9.417638194262787,28.04977323470598,-0.008078431372548956,-3.142795917980834e-05,0.0013524309439617356
6,13.283333333333331,86.63333333333334,2020-01-04 04:12:00+00:00,540.0,9.431738461538462,36.27579230769231,36.45338605392176,9.336440478514339,28.06307320476867,-0.008050467571644048,-4.5205660357794385e-05,0.001329997006268968
6,13.283333333333331,86.63333333333334,2020-01-04 04:12:00+00:00,550.0,9.352507692307693,36.274638461538466,36.45230635064377,9.256531727311465,28.075602832132745,-0.007923076923076876,-0.00010797032779947812,0.0012529627364074257
6,13.283333333333331,86.63333333333334,2020-01-04 04:12:00+00:00,560.0,9.273276923076924,36.27348461538462,36.45122664228965,9.176634016119328,28.088064184026507,-0.007923076923076876,-0.0001079708354119191,0.0012461351893762185
6,13.283333333333331,86.63333333333334,2020-01-04 04:12:00+00:00,570.0,9.20955,36.272758333333336,36.45057658898957,9.112144406187467,28.09824578641019,-0.006372692307692418,-6.500533000775022e-05,0.0010181602383681821
6,13.283333333333331,86.63333333333334,2020-01-04 04:12:00+00:00,580.0,9.157050000000002,36.27234166666667,36.45023766637312,9.058812017886638,28.106787420038245,-0.005249999999999843,-3.3892261645007696e-05,0.0008541633628055933
6,13.283333333333331,86.63333333333334,2020-01-04 04:12:00+00:00,590.0,9.099411290322582,36.27178225806451,36.449755299603005,9.000383863441298,28.116024915383605,-0.005763870967741979,-4.8236677011459504e-05,0.0009237495345360003
6,13.283333333333331,86.63333333333334,2020-01-04 04:12:00+00:00,600.0,9.018362903225807,36.27057258064516,36.44861946948102,8.918720505041266,28.12851751530593,-0.008104838709677509,-0.00011358301219885903,0.0012492599922325099
6,13.283333333333331,86.63333333333334,2020-01-04 04:12:00+00:00,610.0,8.937314516129032,36.269362903225804,36.44748653872695,8.83706845248222,28.140940572460295,-0.008104838709677509,-0.00011329307540677291,0.001242305715436487
6,13.283333333333331,86.63333333333334,2020-01-04 04:12:00+00:00,620.0,8.856107569721116,36.26788446215139,36.44608787511267,8.75527504556648,28.153109838062164,-0.008120694640791548,-0.00013986636142817587,0.0012169265601869484
6,13.283333333333331,86.63333333333334,2020-01-04 04:12:00+00:00,630.0,8.77483266932271,36.26629083665339,36.444573453739864,8.673427562990286,28.16512721928848,-0.008127490039840701,-0.00015144213728035538,0.0012017381226314683
6,13.283333333333331,86.63333333333334,2020-01-04 04:12:00+00:00,640.0,8.696688,36.264924,36.44328692898548,8.594695793827563,28.176752688147417,-0.007814466932270924,-0.00012865247543842885,0.0011625468858937893
6,13.283333333333331,86.63333333333334,2020-01-04 04:12:00+00:00,650.0,8.631888,36.264524,36.44297199186775,8.529208254296432,28.186960026267116,-0.006479999999999997,-3.1493711772867525e-05,0.0010207338119698761
6,13.283333333333331,86.63333333333334,2020-01-04 04:12:00+00:00,660.0,8.567088,36.264124,36.44265705283013,8.463729470377276,28.197120772008702,-0.006479999999999997,-3.149390376222527e-05,0.0010160745741586651
6,13.283333333333331,86.63333333333334,2020-01-04 04:12:00+00:00,670.0,8.5038406374502,36.26290039840637,36.44151445360345,8.399815375802953,28.206345043365218,-0.006324736254980046,-0.0001142599226675145,0.00092242713565156
6,13.283333333333331,86.63333333333334,2020-01-04 04:12:00+00:00,680.0,8.441290836653387,36.26130677290837,36.440000001147055,8.336608623515962,28.215125152884184,-0.00625498007968126,-0.0001514452456397919,0.0008780109518966128
6,13.283333333333331,86.63333333333334,2020-01-04 04:12:00+00:00,690.0,8.377634146341464,36.259780487804875,36.43855321344662,8.272310195679658,28.224086131121794,-0.006365669031192312,-0.00014467877004378237,0.0008960978237610107
6,13.283333333333331,86.63333333333334,2020-01-04 04:12:00+00:00,700.0,8.308934959349594,36.258560975609754,36.437414704557014,8.203009996840922,28.234022390694008,-0.006869918699186961,-0.0001138508889603429,0.0009936259572214112
6,13.283333333333331,86.63333333333334,2020-01-04 04:12:00+00:00,710.0,8.240235772357723,36.25734146341463,36.43627461135892,8.13371912207045,28.24390464766043,-0.006869918699187139,-0.00011400931980958262,0.0009882256966420755
6,13.283333333333331,86.63333333333334,2020-01-04 04:12:00+00:00,720.0,8.167870967741935,36.25641935483871,36.43542970147815,8.060794857862463,28.254526178195647,-0.007236480461578765,-8.44909880768796e-05,0.0010621530535217972
6,13.283333333333331,86.63333333333334,2020-01-04 04:12:00+00:00,730.0,8.094080645161291,36.25561290322581,36.434701015700924,7.986464070843804,28.26539731070966,-0.007379032258064378,-7.28685777225735e-05,0.001087113251401206
6,13.283333333333331,86.63333333333334,2020-01-04 04:12:00+00:00,740.0,8.023752988047809,36.254713147410364,36.4338785609889,7.915580742213652,28.27560968408079,-0.0070327657113482545,-8.22454712022136e-05,0.0010212373371132344
6,13.283333333333331,86.63333333333334,2020-01-04 04:12:00+00:00,750.0,7.964390438247013,36.253517928286854,36.43275917810934,7.855590648102408,28.283880405711898,-0.005936254980079614,-0.00011193828795583727,0.0008270721631106426
6,13.283333333333331,86.63333333333334,2020-01-04 04:12:00+00:00,760.0,7.905027888446216,36.25232270916335,36.431639789839934,7.795608313237308,28.29211111560153,-0.0059362549800797025,-0.00011193882694087165,0.0008230709889630816
6,13.283333333333331,86.63333333333334,2020-01-04 04:12:00+00:00,770.0,7.8439203187251,36.25112749003984,36.430520396180654,7.733902774343205,28.300562791623406,-0.006110756972111542,-0.00011193936592803765,0.0008451676021877574
6,13.283333333333331,86.63333333333334,2020-01-04 04:12:00+00:00,780.0,7.782167330677291,36.24993227091634,36.42940099713154,7.671565119040138,28.309068156457897,-0.006175298804780916,-0.00011193990491165096,0.0008505364834491047
6,13.283333333333331,86.63333333333334,2020-01-04 04:12:00+00:00,790.0,7.714933333333333,36.24865490196078,36.42819903596209,7.603801048275117,28.318277747613365,-0.006723399734395841,-0.00012019611694498167,0.0009209591155467933
6,13.283333333333331,86.63333333333334,2020-01-04 04:12:00+00:00,800.0,7.628266666666666,36.247086274509805,36.426704367240326,7.516779668393857,28.330069580828876,-0.008666666666666689,-0.00014946687217616273,0.001179183321551136
6,13.283333333333331,86.63333333333334,2020-01-04 04:12:00+00:00,810.0,7.5416,36.24551764705882,36.4252089210072,7.429770672701891,28.341776636782242,-0.0086666666666666,-0.00014954462331289163,0.0011707055953365853
6,13.283333333333331,86.63333333333334,2020-01-04 04:12:00+00:00,820.0,7.47202479338843,36.2441694214876,36.42393188117057,7.359716920124946,28.351085395195696,-0.006957520661157002,-0.00012770398366299674,0.0009308758413453689
6,13.283333333333331,86.63333333333334,2020-01-04 04:12:00+00:00,830.0,7.4108677685950415,36.24292975206611,36.42276393033632,7.298016911647998,28.35920596650635,-0.006115702479338836,-0.00011679508342439248,0.0008120571310655577
6,13.283333333333331,86.63333333333334,2020-01-04 04:12:00+00:00,840.0,7.350843373493976,36.24169879518072,36.421604729960904,7.237447659487452,28.367127304742098,-0.006002439510106506,-0.00011592003754188341,0.0007921338235746589
6,13.283333333333331,86.63333333333334,2020-01-04 04:12:00+00:00,850.0,7.2942168674698795,36.24049397590361,36.42047179170921,7.180254081429653,28.37454028581874,-0.0056626506024096915,-0.00011329382516933606,0.000741298107664079
6,13.283333333333331,86.63333333333334,2020-01-04 04:12:00+00:00,860.0,7.2375903614457835,36.239289156626505,36.41933884828047,7.123067826716963,28.381916287717104,-0.005662650602409602,-0.00011329434287432605,0.0007376001898364848
6,13.283333333333331,86.63333333333334,2020-01-04 04:12:00+00:00,870.0,7.177555555555556,36.238095238095234,36.41821685460271,7.062510743257762,28.389748640088783,-0.006003480589022736,-0.00011219936777564498,0.0007832352371679007
6,13.283333333333331,86.63333333333334,2020-01-04 04:12:00+00:00,880.0,7.116444444444444,36.23690476190476,36.41709831525312,7.000894856297884,28.397694552216308,-0.006111111111111178,-0.00011185393495907192,0.0007945912127524934
6,13.283333333333331,86.63333333333334,2020-01-04 04:12:00+00:00,890.0,7.055809523809524,36.235619047619046,36.41588405890225,6.939760439291939,28.40545530570489,-0.00606349206349206,-0.00012142563508703575,0.000776075348858285
6,13.283333333333331,86.63333333333334,2020-01-04 04:12:00+00:00,900.0,6.99668253968254,36.23403174603175,36.41436670874023,6.8801329503427695,28.41272441451042,-0.005912698412698347,-0.00015173501620182605,0.0007269108805530777
6,13.283333333333331,86.63333333333334,2020-01-04 04:12:00+00:00,910.0,6.937555555555556,36.23244444444445,36.412848981997804,6.820513161478685,28.419952691734125,-0.005912698412698436,-0.0001517726742427783,0.0007228277223703117
6,13.283333333333331,86.63333333333334,2020-01-04 04:12:00+00:00,920.0,6.883272,36.231424,36.41189760150895,6.765690494613232,28.4269122232256,-0.005428355555555609,-9.513804888570122e-05,0.0006959531491474991
6,13.283333333333331,86.63333333333334,2020-01-04 04:12:00+00:00,930.0,6.830872,36.230624,36.41116775980261,6.712737186329101,28.433750861580393,-0.005239999999999956,-7.298417063381635e-05,0.0006838638354793147
6,13.283333333333331,86.63333333333334,2020-01-04 04:12:00+00:00,940.0,6.77483064516129,36.22964516129032,36.41025818456067,6.656186517838841,28.44091785823366,-0.005604135483870998,-9.095752419412406e-05,0.0007166996653268143
6,13.283333333333331,86.63333333333334,2020-01-04 04:12:00+00:00,950.0,6.705879032258064,36.228032258064516,36.40871137854293,6.586866187991302,28.44931652469063,-0.006895161290322615,-0.00015468060177354915,0.0008398666456969295
6,13.283333333333331,86.63333333333334,2020-01-04 04:12:00+00:00,960.0,6.636927419354839,36.22641935483871,36.40716456592382,6.517555210420096,28.45766025813623,-0.006895161290322527,-0.00015468126191109377,0.0008343733445599355
6,13.283333333333331,86.63333333333334,2020-01-04 04:12:00+00:00,970.0,6.5806626506024095,36.22510843373494,36.40592123612892,6.460812303767399,28.464469066201445,-0.005626476875242936,-0.00012433297949030476,0.0006808808065215999
6,13.283333333333331,86.63333333333334,2020-01-04 04:12:00+00:00,980.0,6.528855421686747,36.22390361445783,36.40478453260553,6.408488829103674,28.470723292000457,-0.005180722891566259,-0.00011367035233860179,0.0006254225799011692
6,13.283333333333331,86.63333333333334,2020-01-04 04:12:00+00:00,990.0,6.477749003984064,36.22280079681275,36.40375033532806,6.356864211182254,28.47693235282304,-0.005110641770268298,-0.00010341972774696728,0.0006209060822584434
6,13.283333333333331,86.63333333333334,2020-01-04 04:12:00+00:00,1000.0,6.428745019920319,36.22200398406374,36.40302366769433,6.307322813416679,28.483071138468404,-0.004900398406374506,-7.266676337351896e-05,0.0006138785645362077
6,13.283333333333331,86.63333333333334,2020-01-04 04:12:00+00:00,1010.0,6.379741035856574,36.22120717131474,36.402296996799365,6.25778754649304,28.48918160314838,-0.004900398406374506,-7.266708949629219e-05,0.0006110464679977667
6,13.283333333333331,86.63333333333334,2020-01-04 04:12:00+00:00,1020.0,6.331266159695818,36.220437262357414,36.40159117415511,6.2087818382998465,28.495209919768513,-0.004847487616075607,-7.058226442566707e-05,0.0006028316620131591
6,13.283333333333331,86.63333333333334,2020-01-04 04:12:00+00:00,1030.0,6.282977186311787,36.21967680608365,36.40089484860096,6.159966036231609,28.5011933684807,-0.0048288973384030594,-6.963255541450052e-05,0.0005983448712186146
6,13.283333333333331,86.63333333333334,2020-01-04 04:12:00+00:00,1040.0,6.234703703703705,36.21886419753086,36.400146106883646,6.111172370234432,28.507105958394504,-0.00482734826080824,-7.487417173166478e-05,0.0005912589913805277
6,13.283333333333331,86.63333333333334,2020-01-04 04:12:00+00:00,1050.0,6.1865555555555565,36.217629629629634,36.39897328999598,6.062515097352917,28.512640899351254,-0.004814814814814827,-0.00011728168876672385,0.0005534940956749779
6,13.283333333333331,86.63333333333334,2020-01-04 04:12:00+00:00,1060.0,6.138407407407408,36.2163950617284,36.397800468477165,6.013863771333475,28.518148235139506,-0.004814814814814827,-0.000117282151881426,0.0005507335788252022
6,13.283333333333331,86.63333333333334,2020-01-04 04:12:00+00:00,1070.0,6.08777108433735,36.21518072289157,36.396647972755524,5.962756158119574,28.523967146548785,-0.005063632307005861,-0.00011524957216408893,0.0005818911409278371
6,13.283333333333331,86.63333333333334,2020-01-04 04:12:00+00:00,1080.0,6.035963855421686,36.21397590361446,36.395505039756884,5.91049629968457,28.529914504622184,-0.005180722891566347,-0.00011429329986398785,0.00059473580733993
6,13.283333333333331,86.63333333333334,2020-01-04 04:12:00+00:00,1090.0,5.984843373493975,36.212847389558235,36.39443879009647,5.8589212499716,28.535801967328098,-0.0051120481927711126,-0.00010662496604112448,0.0005887462705914004
6,13.283333333333331,86.63333333333334,2020-01-04 04:12:00+00:00,1100.0,5.936650602409638,36.212044176706826,36.39369946925927,5.810243945196399,28.541540626551523,-0.004819277108433706,-7.393208372050709e-05,0.0005738659223425202
6,13.283333333333331,86.63333333333334,2020-01-04 04:12:00+00:00,1110.0,5.888457831325301,36.211240963855424,36.392960145409035,5.761572639617041,28.547251609258637,-0.004819277108433706,-7.3932385023312e-05,0.0005710982707114454
6,13.283333333333331,86.63333333333334,2020-01-04 04:12:00+00:00,1120.0,5.8354859437751,36.20987550200803,36.39165897019063,5.708188798503642,28.55309937691254,-0.005297188755020077,-0.00013011752184013403,0.0005847767653904157
6,13.283333333333331,86.63333333333334,2020-01-04 04:12:00+00:00,1130.0,5.7804658634538155,36.20826907630522,36.39011597369503,5.652789627001383,28.55898201258765,-0.005502008032128458,-0.0001542996495601301,0.0005882635675106939
6,13.283333333333331,86.63333333333334,2020-01-04 04:12:00+00:00,1140.0,5.727012195121952,36.20682926829269,36.38874042567018,5.59894405638357,28.564763540243348,-0.005345366833186383,-0.00013755480248534013,0.0005781527655699392
6,13.283333333333331,86.63333333333334,2020-01-04 04:12:00+00:00,1150.0,5.679451219512195,36.2060162601626,36.38799482226147,5.55092284468065,28.570269886054803,-0.0047560975609756365,-7.456034087098829e-05,0.0005506345811454594
6,13.283333333333331,86.63333333333334,2020-01-04 04:12:00+00:00,1160.0,5.631890243902439,36.20520325203252,36.387249215642164,5.50290753008769,28.575749119149123,-0.0047560975609756365,-7.456066193043399e-05,0.000547923309432008
6,13.283333333333331,86.63333333333334,2020-01-04 04:12:00+00:00,1170.0,5.5873,36.2044,36.38651341098442,5.457834922979313,28.58084030275404,-0.004459024390243904,-7.358046577436994e-05,0.0005091183604918115
6,13.283333333333331,86.63333333333334,2020-01-04 04:12:00+00:00,1180.0,5.5437,36.2036,36.38578087155174,5.41374658428096,28.585787700123092,-0.004359999999999964,-7.325394326826996e-05,0.0004947397369051032
6,13.283333333333331,86.63333333333334,2020-01-04 04:12:00+00:00,1190.0,5.4992874015748034,36.202803149606304,36.38505149442154,5.368860224900514,28.590814637231006,-0.004441259842519685,-7.293771301988272e-05,0.0005026937107913909
6,13.283333333333331,86.63333333333334,2020-01-04 04:12:00+00:00,1200.0,5.452437007874016,36.2020157480315,36.38433161054835,5.321569635062203,28.596123985174472,-0.004685039370078759,-7.198838731881096e-05,0.0005309347943466492
6,13.283333333333331,86.63333333333334,2020-01-04 04:12:00+00:00,1210.0,5.405586614173229,36.201228346456695,36.38361172356569,5.2742848289333155,28.601406891319584,-0.004685039370078669,-7.198869826581244e-05,0.0005282906145112065
6,13.283333333333331,86.63333333333334,2020-01-04 04:12:00+00:00,1220.0,5.361775100401607,36.200429718875505,36.382875441169716,5.230009119297505,28.60628129866359,-0.0043811513771622405,-7.362823959766729e-05,0.0004874407344004794
6,13.283333333333331,86.63333333333334,2020-01-04 04:12:00+00:00,1230.0,5.319204819277108,36.199626506024096,36.38213235762692,5.186965299896224,28.610976918536835,-0.0042570281124498345,-7.430835427939542e-05,0.00046956198732459595
6,13.283333333333331,86.63333333333334,2020-01-04 04:12:00+00:00,1240.0,5.276192771084337,36.19882329317269,36.381389271236145,5.143490070767443,28.61570372671372,-0.00430120481927716,-7.430863907771368e-05,0.00047268081768834234
6,13.283333333333331,86.63333333333334,2020-01-04 04:12:00+00:00,1250.0,5.231614457831325,36.198020080321285,36.38064618199738,5.098472562652581,28.6205959280951,-0.004457831325301154,-7.430892387674248e-05,0.00048922013813808
6,13.283333333333331,86.63333333333334,2020-01-04 04:12:00+00:00,1260.0,5.187036144578313,36.19721686746988,36.37990308991063,5.053460463457561,28.625464004772994,-0.004457831325301242,-7.430920867506075e-05,0.0004868076677894351
6,13.283333333333331,86.63333333333334,2020-01-04 04:12:00+00:00,1270.0,5.148326923076923,36.19643846153846,36.37918492713959,5.014250990078431,28.629629562796936,-0.0038709221501389557,-7.181627710366456e-05,0.000416555802394214
6,13.283333333333331,86.63333333333334,2020-01-04 04:12:00+00:00,1280.0,5.1117884615384614,36.195669230769234,36.37847598311001,4.977189979224953,28.63352671406369,-0.0036538461538461854,-7.089440295828808e-05,0.00038971512667558273
6,13.283333333333331,86.63333333333334,2020-01-04 04:12:00+00:00,1290.0,5.075392405063291,36.19494514767933,36.3778124121313,4.940273098151957,28.63742640002056,-0.003639605647517019,-6.635709787090604e-05,0.0003899685956866961
6,13.283333333333331,86.63333333333334,2020-01-04 04:12:00+00:00,1300.0,5.039949367088608,36.19452320675106,36.37745250779149,4.904297293513407,28.6414373749908,-0.0035443037974682845,-3.599043398097024e-05,0.0004010974970242387
6,13.283333333333331,86.63333333333334,2020-01-04 04:12:00+00:00,1310.0,5.004506329113925,36.19410126582279,36.377092601955596,4.868325446230893,28.645432859316543,-0.0035443037974683734,-3.599058358929597e-05,0.0003995484325741927
6,13.283333333333331,86.63333333333334,2020-01-04 04:12:00+00:00,1320.0,4.974112000000001,36.193696,36.376750638779136,4.837342478036068,28.648836967864327,-0.0030394329113923924,-3.4196317646006946e-05,0.0003404108547783835
6,13.283333333333331,86.63333333333334,2020-01-04 04:12:00+00:00,1330.0,4.945312,36.193296,36.37641475640467,4.80793672213578,28.652048530869024,-0.002880000000000038,-3.358823744648021e-05,0.0003211563004697382
6,13.283333333333331,86.63333333333334,2020-01-04 04:12:00+00:00,1340.0,4.91448031496063,36.19279527559055,36.37597763836302,4.7765294577483886,28.655405782399157,-0.003083168503937017,-4.371180416526954e-05,0.0003357251530132999
6,13.283333333333331,86.63333333333334,2020-01-04 04:12:00+00:00,1350.0,4.877866141732284,36.19200787401575,36.37525238984475,4.73942099235395,28.659193004831877,-0.003661417322834648,-7.252485182647206e-05,0.00037872224327202276
6,13.283333333333331,86.63333333333334,2020-01-04 04:12:00+00:00,1360.0,4.841251968503937,36.191220472440946,36.37452713844863,4.702316642098608,28.662963615538956,-0.003661417322834648,-7.252513961262253e-05,0.00037706107070789585
6,13.283333333333331,86.63333333333334,2020-01-04 04:12:00+00:00,1370.0,4.807478087649403,36.19071314741036,36.37408337980397,4.668016004407403,28.666613736624868,-0.0033773880854534254,-4.437586446570663e-05,0.0003650121085911451
6,13.283333333333331,86.63333333333334,2020-01-04 04:12:00+00:00,1380.0,4.774808764940239,36.190314741035856,36.37374909002665,4.634807693713094,28.670209704740955,-0.003266932270916367,-3.34289777320862e-05,0.00035959681160875335
6,13.283333333333331,86.63333333333334,2020-01-04 04:12:00+00:00,1390.0,4.741433198380567,36.18982995951417,36.37332798568684,4.600907102163745,28.673804348657768,-0.0033375566559672443,-4.211043398072434e-05,0.00035946439168128564
6,13.283333333333331,86.63333333333334,2020-01-04 04:12:00+00:00,1400.0,4.705400809716599,36.18902024291498,36.3725802963431,4.564392832188643,28.677429017118357,-0.0036032388663968184,-7.476893437399212e-05,0.00036246684605885094
6,13.283333333333331,86.63333333333334,2020-01-04 04:12:00+00:00,1410.0,4.669368421052631,36.18821052631579,36.37183260403998,4.52788257867041,28.68103752281695,-0.0036032388663967295,-7.47692303121994e-05,0.00036085056985939444
6,13.283333333333331,86.63333333333334,2020-01-04 04:12:00+00:00,1420.0,4.630104,36.187408000000005,36.37109326131592,4.488187440752464,28.68500104339887,-0.003926442105263117,-7.393427240600658e-05,0.0003963520581919511
6,13.283333333333331,86.63333333333334,2020-01-04 04:12:00+00:00,1430.0,4.589703999999999,36.186608,36.37035814335211,4.447376489623282,28.689076348551225,-0.004040000000000088,-7.351179638135364e-05,0.0004075305152355213
6,13.283333333333331,86.63333333333334,2020-01-04 04:12:00+00:00,1440.0,4.548523809523809,36.18571428571428,36.369528832008704,4.4058018907261856,28.69314420228602,-0.004118019047619015,-8.293113434021393e-05,0.00040678537347957897
6,13.283333333333331,86.63333333333334,2020-01-04 04:12:00+00:00,1450.0,4.504873015873016,36.18452380952381,36.3684012473121,4.361799155809959,28.697230109271914,-0.00436507936507935,-0.00011275846966043445,0.0004085906985892507
6,13.283333333333331,86.63333333333334,2020-01-04 04:12:00+00:00,1460.0,4.461222222222222,36.18333333333333,36.3672736580793,4.317801638406492,28.701292440505995,-0.00436507936507935,-0.00011275892328015402,0.00040623312340812843
6,13.283333333333331,86.63333333333334,2020-01-04 04:12:00+00:00,1470.0,4.415,36.18214285714286,36.36614606431031,4.271273368426848,28.705614629748425,-0.004622222222222217,-0.00011275937689916304,0.00043221892424298857
6,13.283333333333331,86.63333333333334,2020-01-04 04:12:00+00:00,1480.0,4.3677777777777775,36.180952380952384,36.365018466005125,4.223764612915631,28.71002009932681,-0.00472222222222225,-0.00011275983051817207,0.0004405469578387056
6,13.283333333333331,86.63333333333334,2020-01-04 04:12:00+00:00,1490.0,4.319047619047619,36.17968253968254,36.36381109417322,4.1747758198991605,28.71449939387503,-0.004873015873015874,-0.00012073718319030035,0.0004479294548218604
6,13.283333333333331,86.63333333333334,2020-01-04 04:12:00+00:00,1500.0,4.264285714285714,36.17809523809524,36.3622846409358,4.119850187799816,28.719350951438855,-0.0054761904761904566,-0.00015264532374246187,0.00048515575638248266
6,13.283333333333331,86.63333333333334,2020-01-04 04:12:00+00:00,1510.0,4.20952380952381,36.17650793650794,36.360758181650134,4.064931593138108,28.724165638082013,-0.0054761904761904566,-0.00015264592856638614,0.00048146866431579837
6,13.283333333333331,86.63333333333334,2020-01-04 04:12:00+00:00,1520.0,4.1585528455284555,36.17544715447155,36.359753067428905,4.013750362694848,28.728950175519458,-0.005097096399535417,-0.00010051142212290643,0.00047845374374446694
6,13.283333333333331,86.63333333333334,2020-01-04 04:12:00+00:00,1530.0,4.109365853658536,36.17463414634146,36.35897866759133,3.964331085460196,28.733695359608646,-0.004918699186991926,-7.743998375744354e-05,0.00047451840891881146
6,13.283333333333331,86.63333333333334,2020-01-04 04:12:00+00:00,1540.0,4.061326848249027,36.173743190661476,36.358125920972505,3.916050471764201,28.738226960598695,-0.004803900540950945,-8.527466188255062e-05,0.0004531600990048901
6,13.283333333333331,86.63333333333334,2020-01-04 04:12:00+00:00,1550.0,4.017357976653696,36.17257587548638,36.35699540378237,3.871790654892657,28.742080758524025,-0.004396887159533058,-0.00011305171901341283,0.0003853797925330582
6,13.283333333333331,86.63333333333334,2020-01-04 04:12:00+00:00,1560.0,3.9733891050583656,36.171408560311285,36.355864883833206,3.827536113452069,28.74591041425583,-0.004396887159533058,-0.00011305199491644658,0.00038296557318062696
6,13.283333333333331,86.63333333333334,2020-01-04 04:12:00+00:00,1570.0,3.9301810699588478,36.17046502057613,36.354959277973684,3.7840336988488392,28.74981474067181,-0.004320803509951787,-9.056058595220406e-05,0.0003904326415977266
6,13.283333333333331,86.63333333333334,2020-01-04 04:12:00+00:00,1580.0,3.8873827160493826,36.16964197530864,36.3541747790988,3.7409385762642966,28.75374918104353,-0.004279835390946518,-7.844988748857417e-05,0.0003934440371722303
6,13.283333333333331,86.63333333333334,2020-01-04 04:12:00+00:00,1590.0,3.845306451612903,36.16873387096774,36.35330478514435,3.698561052674101,28.757518296026547,-0.00420762644364796,-8.699939544456469e-05,0.00037691149830152424
6,13.283333333333331,86.63333333333334,2020-01-04 04:12:00+00:00,1600.0,3.805790322580645,36.16752419354838,36.35213167666572,3.658714380390883,28.760761463912104,-0.003951612903225809,-0.00011731084786319457,0.0003243167885557341
6,13.283333333333331,86.63333333333334,2020-01-04 04:12:00+00:00,1610.0,3.7662741935483868,36.16631451612903,36.35095856532797,3.6188722509399605,28.763984893498446,-0.003951612903225809,-0.0001173111337749333,0.0003223429586341808
6,13.283333333333331,86.63333333333334,2020-01-04 04:12:00+00:00,1620.0,3.723992063492063,36.165119047619044,36.349799732599614,3.5763100790264843,28.76748181335529,-0.004228213005632364,-0.0001158832728357595,0.00034969198568433055
6,13.283333333333331,86.63333333333334,2020-01-04 04:12:00+00:00,1630.0,3.6807380952380946,36.16392857142857,36.34864591486487,3.5327956982579765,28.77105872039897,-0.004325396825396855,-0.00011538177347460987,0.0003576907043679967
6,13.283333333333331,86.63333333333334,2020-01-04 04:12:00+00:00,1640.0,3.6396086956521736,36.16282608695652,36.347580535581,3.491377646327576,28.774467944958133,-0.004112939958592099,-0.00010653792838652976,0.00034092245591637037
6,13.283333333333331,86.63333333333334,2020-01-04 04:12:00+00:00,1650.0,3.6060118577075095,36.16203557312253,36.34682871854375,3.4573779616429796,28.77734818300337,-0.003359683794466406,-7.518170372549094e-05,0.0002880238045236183
6,13.283333333333331,86.63333333333334,2020-01-04 04:12:00+00:00,1660.0,3.5724150197628455,36.16124505928854,36.346076899638064,3.42338189125726,28.780213995930353,-0.003359683794466406,-7.518189056838764e-05,0.000286581292698429
6,13.283333333333331,86.63333333333334,2020-01-04 04:12:00+00:00,1670.0,3.533064516129032,36.160165322580646,36.34503437733644,3.383728210317477,28.78340774544222,-0.0039350503633813535,-0.00010425223016241603,0.00031937495118654623
6,13.283333333333331,86.63333333333334,2020-01-04 04:12:00+00:00,1680.0,3.4911290322580646,36.15895564516129,36.343861247295145,3.3415358144735516,28.78673426696332,-0.004193548387096735,-0.00011731300412947121,0.0003326521521103132
6,13.283333333333331,86.63333333333334,2020-01-04 04:12:00+00:00,1690.0,3.448647773279353,36.157744939271254,36.34268708066352,3.298811115278719,28.790091473193115,-0.00424812589787118,-0.00011741666316282817,0.0003357206229793519
6,13.283333333333331,86.63333333333334,2020-01-04 04:12:00+00:00,1700.0,3.404113360323887,36.15653036437247,36.34150902236753,3.254070560570519,28.7936239533135,-0.00445344129554659,-0.00011780582959843854,0.00035324801203842073
6,13.283333333333331,86.63333333333334,2020-01-04 04:12:00+00:00,1710.0,3.3595789473684206,36.15531578947368,36.34033096120083,3.2093353774975384,28.79713136520263,-0.004453441295546634,-0.00011780611667049357,0.00035074118891316176
6,13.283333333333331,86.63333333333334,2020-01-04 04:12:00+00:00,1720.0,3.318630350194552,36.15413618677043,36.33918804836114,3.1681340852128015,28.800294050821094,-0.004094859717386834,-0.00011429128396898137,0.00031626856184630014
6,13.283333333333331,86.63333333333334,2020-01-04 04:12:00+00:00,1730.0,3.278941634241245,36.152968871595334,36.33805748316874,3.1281772208030945,28.80332368895847,-0.003968871595330725,-0.00011305651923976257,0.0003029638137377333
6,13.283333333333331,86.63333333333334,2020-01-04 04:12:00+00:00,1740.0,3.2410329218106995,36.15186008230453,36.33698574079969,3.089975705203867,28.80620911334745,-0.00379087124305455,-0.00010717423690493888,0.00028854243889782084
6,13.283333333333331,86.63333333333334,2020-01-04 04:12:00+00:00,1750.0,3.2118148148148147,36.151037037037035,36.33620120340272,3.0603256884099337,28.80847375351891,-0.0029218106995884787,-7.845373969672664e-05,0.00022646401714609965
6,13.283333333333331,86.63333333333334,2020-01-04 04:12:00+00:00,1760.0,3.1825967078189294,36.15021399176955,36.335416664060446,3.030678580448092,28.810727273851853,-0.002921810699588523,-7.845393422769575e-05,0.00022535203329425711
6,13.283333333333331,86.63333333333334,2020-01-04 04:12:00+00:00,1770.0,3.1521857707509877,36.14941501976285,36.334656319392835,2.9998606574381754,28.813102082119713,-0.0030410937067941735,-7.603446676114345e-05,0.00023748082678594075
6,13.283333333333331,86.63333333333334,2020-01-04 04:12:00+00:00,1780.0,3.1213557312252966,36.14862450592886,36.33389558084165,2.968633582185635,28.815504166388564,-0.0030830039525691078,-7.607385511860798e-05,0.00024020842688514675
6,13.283333333333331,86.63333333333334,2020-01-04 04:12:00+00:00,1790.0,3.091561752988048,36.14783266932271,36.3331325231108,2.9384287467509016,28.817794553440308,-0.002979397823724872,-7.630577308503916e-05,0.0002290387051743892
6,13.283333333333331,86.63333333333334,2020-01-04 04:12:00+00:00,1800.0,3.0656653386454185,36.14703585657371,36.33236446228539,2.912060228439022,28.819703909947293,-0.002589641434262946,-7.680608254077015e-05,0.00019093565069852047
6,13.283333333333331,86.63333333333334,2020-01-04 04:12:00+00:00,1810.0,3.039768924302789,36.1462390438247,36.331596400012316,2.8856940934092963,28.821604419730875,-0.002589641434262946,-7.680622730745767e-05,0.0001900509783581583
6,13.283333333333331,86.63333333333334,2020-01-04 04:12:00+00:00,1820.0,3.015694779116466,36.14571887550201,36.33110639959754,2.8611189732182836,28.823547418131966,-0.0024074145186323117,-4.9000041477853526e-05,0.00019429984010912448
6,13.283333333333331,86.63333333333334,2020-01-04 04:12:00+00:00,1830.0,2.992401606425703,36.14531726907631,36.330735568333665,2.8373124595542074,28.825504988048124,-0.002329317269076281,-3.708312638721623e-05,0.00019575699161578086
6,13.283333333333331,86.63333333333334,2020-01-04 04:12:00+00:00,1840.0,2.969530120481928,36.144831325301205,36.33027996628029,2.813923534989245,28.827348923666705,-0.002287148594377486,-4.556020533783567e-05,0.0001843935618580872
6,13.283333333333331,86.63333333333334,2020-01-04 04:12:00+00:00,1850.0,2.9482449799196786,36.1440281124498,36.32950546616396,2.7920998487890407,28.828785872219214,-0.0021285140562249615,-7.745001163286246e-05,0.00014369485525094204
6,13.283333333333331,86.63333333333334,2020-01-04 04:12:00+00:00,1860.0,2.9269598393574294,36.143224899598394,36.32873096458831,2.7702778288873113,28.83021672067548,-0.0021285140562249173,-7.745015756484008e-05,0.0001430848456266176
6,13.283333333333331,86.63333333333334,2020-01-04 04:12:00+00:00,1870.0,2.9067142857142856,36.142714285714284,36.328250562558466,2.749475892354266,28.8317799995948,-0.002024555364314384,-4.80402029843674e-05,0.000156327891932051
6,13.283333333333331,86.63333333333334,2020-01-04 04:12:00+00:00,1880.0,2.886873015873016,36.142317460317464,36.327884532317384,2.72907149134221,28.83339174441312,-0.001984126984126977,-3.660302410821714e-05,0.00016117448183194938
6,13.283333333333331,86.63333333333334,2020-01-04 04:12:00+00:00,1890.0,2.866905511811024,36.14184251968504,36.32743998497833,2.708545400732286,28.83494725100627,-0.001996750406199199,-4.445473390575216e-05,0.00015555065931494028
6,13.283333333333331,86.63333333333334,2020-01-04 04:12:00+00:00,1900.0,2.8464330708661416,36.14105511811024,36.32668137098451,2.687528241458462,28.836293468593112,-0.0020472440944882208,-7.586139938169368e-05,0.0001346217586842613
6,13.283333333333331,86.63333333333334,2020-01-04 04:12:00+00:00,1910.0,2.82596062992126,36.14026771653543,36.325922755560114,2.6665126196612414,28.837634012672424,-0.0020472440944881765,-7.586154243952593e-05,0.0001340544079312167
6,13.283333333333331,86.63333333333334,2020-01-04 04:12:00+00:00,1920.0,2.8046639344262294,36.139459016393445,36.32514273070641,2.6446888865106257,28.839026415814487,-0.0021296695495030436,-7.800248537037646e-05,0.00013924031420629036
6,13.283333333333331,86.63333333333334,2020-01-04 04:12:00+00:00,1930.0,2.7829426229508196,36.138639344262295,36.32435167601047,2.622449754582391,28.840442214873292,-0.002172131147540979,-7.910546959379871e-05,0.00014157990588046233
6,13.283333333333331,86.63333333333334,2020-01-04 04:12:00+00:00,1940.0,2.7616,36.137824,36.323564969938545,2.6005843303004736,28.841821067037245,-0.0021342622950819568,-7.867060719277675e-05,0.00013788521639526152
6,13.283333333333331,86.63333333333334,2020-01-04 04:12:00+00:00,1950.0,2.7416,36.137024000000004,36.32279368552786,2.5800393216554074,28.84308568140864,-0.0020000000000000018,-7.712844106819717e-05,0.00012646143713936908
6,13.283333333333331,86.63333333333334,2020-01-04 04:12:00+00:00,1960.0,2.7216,36.136224000000006,36.32202239966371,2.5594957730248047,28.844344856536054,-0.0020000000000000018,-7.71285864153981e-05,0.00012591751274158015
6,13.283333333333331,86.63333333333334,2020-01-04 04:12:00+00:00,1970.0,2.7004976076555023,36.135655502392346,36.32148380524393,2.537868207028442,28.845882072018185,-0.0021102392344497733,-5.3859441977976984e-05,0.00015372154821307048
6,13.283333333333331,86.63333333333334,2020-01-04 04:12:00+00:00,1980.0,2.6789665071770337,36.13517703349282,36.321035701555566,2.5158201776615288,28.84752341679382,-0.0021531100478468625,-4.481036883632328e-05,0.00016413447756349341
7,14.616666666666667,85.38333333333334,2020-01-04 04:29:13+00:00,10.0,26.412,31.959500000000002,32.11054275850263,26.53170434376854,20.616718326945715,,,
7,14.616666666666667,85.38333333333334,2020-01-04 04:29:13+00:00,20.0,26.87030769230769,32.568,32.72193059028572,26.96614541627191,20.931469186514505,0.04583076923076916,0.0611387831783091,0.03147508595687896
7,14.616666666666667,85.38333333333334,2020-01-04 04:29:13+00:00,30.0,27.142200000000003,32.8674,33.022799802665475,27.225059363203208,21.071210768307765,0.027189230769231187,0.030086921237975163,0.013974158179325968
7,14.616666666666667,85.38333333333334,2020-01-04 04:29:13+00:00,40.0,27.462,33.375,33.53286304648888,27.523405274417176,21.351406427451707,0.03197999999999972,0.0510063243823403,0.028019565914394206
7,14.616666666666667,85.38333333333334,2020-01-04 04:29:13+00:00,50.0,26.9057,33.852399999999996,34.01273257874943,26.943668715223964,21.889079374438097,-0.05563000000000003,0.047986953226055104,0.053767294698639036
7,14.616666666666667,85.38333333333334,2020-01-04 04:29:13+00:00,60.0,24.902,34.71,34.87456550248105,24.899683845448266,23.15845373402442,-0.20036999999999985,0.08618329237316188,0.12693743595863224
7,14.616666666666667,85.38333333333334,2020-01-04 04:29:13+00:00,70.0,22.750833333333333,34.77766666666667,34.942724458240825,22.74071079327667,23.844267454112696,-0.21511666666666684,0.006815895575977749,0.06858137200882766
7,14.616666666666667,85.38333333333334,2020-01-04 04:29:13+00:00,80.0,20.810583333333334,34.81875,34.98421267262578,20.7949956986853,24.41585811101686,-0.1940249999999999,0.004148821438495531,0.05715906569041636
7,14.616666666666667,85.38333333333334,2020-01-04 04:29:13+00:00,90.0,20.24675,34.889250000000004,35.05531546759832,20.22656955503961,24.621255318441854,-0.056383333333333494,0.007110279497253913,0.020539720742499414
7,14.616666666666667,85.38333333333334,2020-01-04 04:29:13+00:00,100.0,19.495428571428572,34.927214285714285,35.09372851760167,19.471807645157597,24.847967185024345,-0.07513214285714262,0.003841305000334927,0.022671186658249097
7,14.616666666666667,85.38333333333334,2020-01-04 04:29:13+00:00,110.0,18.70690909090909,34.903636363636366,35.070287771847376,18.68194053133381,25.03223308829297,-0.07885194805194828,-0.002344074575429289,0.018426590326862426
7,14.616666666666667,85.38333333333334,2020-01-04 04:29:13+00:00,120.0,18.191615384615385,34.90161538461539,35.068504679186894,18.164855802715863,25.1601453073456,-0.05152937062937042,-0.00017830926604816,0.012791221905263227
7,14.616666666666667,85.38333333333334,2020-01-04 04:29:13+00:00,130.0,17.239555555555555,34.922444444444444,35.08966306838579,17.21050279430803,25.408592216408124,-0.09520598290598307,0.0021158389198895123,0.024844690906252253
7,14.616666666666667,85.38333333333334,2020-01-04 04:29:13+00:00,140.0,16.241000000000003,34.9458,35.11333339468474,16.209928504847287,25.661646235821536,-0.09985555555555514,0.002367032629894794,0.025305401941341187
7,14.616666666666667,85.38333333333334,2020-01-04 04:29:13+00:00,150.0,15.524,34.963,35.13081889064067,15.491247690230757,25.838286889846813,-0.0717000000000004,0.0017485495955931185,0.01766406540252774
7,14.616666666666667,85.38333333333334,2020-01-04 04:29:13+00:00,160.0,14.720666666666666,34.98083333333334,35.14890204566628,14.686502403505964,26.029410705581768,-0.08033333333333328,0.0018083155025614417,0.01911238157349544
7,14.616666666666667,85.38333333333334,2020-01-04 04:29:13+00:00,170.0,14.331,34.993,35.161287123144085,14.295394597448704,26.12290500310087,-0.038966666666666684,0.0012385077477802043,0.009349429751910065
7,14.616666666666667,85.38333333333334,2020-01-04 04:29:13+00:00,180.0,13.864444444444445,35.019111111111116,35.18767405335977,13.827242853997037,26.241804944625073,-0.04665555555555549,0.0026386930215686276,0.011889994152420513
7,14.616666666666667,85.38333333333334,2020-01-04 04:29:13+00:00,190.0,13.468300000000001,35.0319,35.20066005521613,13.429850786314697,26.333955969921817,-0.039614444444444355,0.0012986001856361896,0.009215102529674368
7,14.616666666666667,85.38333333333334,2020-01-04 04:29:13+00:00,200.0,13.110984962406015,35.03624060150376,35.20515713782124,13.071518219753452,26.41025861637877,-0.03573150375939864,0.0004497082605105618,0.007630264645695206
7,14.616666666666667,85.38333333333334,2020-01-04 04:29:13+00:00,210.0,12.86060902255639,35.04225563909774,35.21129035627433,12.819994292020837,26.46537128625141,-0.025037593984962393,0.0006133218453094003,0.005511266987264207
7,14.616666666666667,85.38333333333334,2020-01-04 04:29:13+00:00,220.0,12.580702811244981,35.049987951807225,35.21913756268329,12.539000333786431,26.52699430304233,-0.02799062113114097,0.0007847206408953866,0.006162301679091797
7,14.616666666666667,85.38333333333334,2020-01-04 04:29:13+00:00,230.0,12.288734939759037,35.05842168674698,35.22768961214258,12.246008239555417,26.590730542332267,-0.029196787148594437,0.0008552049459296995,0.006373623928993766
7,14.616666666666667,85.38333333333334,2020-01-04 04:29:13+00:00,240.0,12.017701195219123,35.065,35.23437731486307,11.97400999516774,26.648200785718473,-0.027103374453991337,0.0006687702720483913,0.005747024338620577
7,14.616666666666667,85.38333333333334,2020-01-04 04:29:13+00:00,250.0,11.82088844621514,35.065,35.234454943133564,11.776273408457543,26.685850712008914,-0.019681274900398373,7.762827049617727e-06,0.0037649926290441726
7,14.616666666666667,85.38333333333334,2020-01-04 04:29:13+00:00,260.0,11.624075697211156,35.065,35.2345269930082,11.578570213430895,26.723105753401796,-0.019681274900398373,7.20498746389353e-06,0.003725504139288205
7,14.616666666666667,85.38333333333334,2020-01-04 04:29:13+00:00,270.0,11.474930894308942,35.065,35.23459764828387,11.428460779916575,26.75114693699811,-0.014914480290221377,7.065527566396668e-06,0.002804118359631502
7,14.616666666666667,85.38333333333334,2020-01-04 04:29:13+00:00,280.0,11.345256097560975,35.065,35.23466830355954,11.297799456861078,26.775380544524523,-0.012967479674796677,7.065527567107211e-06,0.0024233607526412014
7,14.616666666666667,85.38333333333334,2020-01-04 04:29:13+00:00,290.0,11.225843137254902,35.065294117647056,35.235034500215995,11.177389044257032,26.79779492959824,-0.01194129603060734,3.661966564578733e-05,0.0022414385073716405
7,14.616666666666667,85.38333333333334,2020-01-04 04:29:13+00:00,300.0,11.13721568627451,35.06647058823529,35.23628732397802,11.087686685158653,26.81515503544051,-0.008862745098039148,0.000125282376202307,0.0017360105842271877
7,14.616666666666667,85.38333333333334,2020-01-04 04:29:13+00:00,310.0,11.048588235294117,35.067647058823525,35.23754917645566,10.997997175326628,26.832440047822956,-0.008862745098039327,0.00012618524776399908,0.001728501238244462
7,14.616666666666667,85.38333333333334,2020-01-04 04:29:13+00:00,320.0,10.969430830039526,35.067446640316206,35.23743133844835,10.917792980152038,26.846867872555777,-0.007915740525459115,-1.1783800730569282e-05,0.0014427824732820226
7,14.616666666666667,85.38333333333334,2020-01-04 04:29:13+00:00,330.0,10.894332015810278,35.066656126482215,35.236720542346205,10.84165912583529,26.860041605823653,-0.007509881422924814,-7.107961021475262e-05,0.0013173733267876741
7,14.616666666666667,85.38333333333334,2020-01-04 04:29:13+00:00,340.0,10.818731707317074,35.06579268292683,35.235936458891246,10.76503703568396,26.873187769239166,-0.0075600308493203984,-7.840834549597276e-05,0.0013146163415513
7,14.616666666666667,85.38333333333334,2020-01-04 04:29:13+00:00,350.0,10.740682926829269,35.06457317073171,35.234794574142455,10.685991229868776,26.886430491994815,-0.007804878048780495,-0.00011418847487902895,0.0013242722755649084
7,14.616666666666667,85.38333333333334,2020-01-04 04:29:13+00:00,360.0,10.662634146341464,35.063353658536585,35.23365854733701,10.606956085812866,26.899612477285473,-0.007804878048780495,-0.00011360268054474431,0.0013181985290657394
7,14.616666666666667,85.38333333333334,2020-01-04 04:29:13+00:00,370.0,10.585972111553785,35.06243426294821,35.23282660234125,10.529308163935093,26.912720806111793,-0.007666203478767919,-8.319449957596702e-05,0.001310832882631985
7,14.616666666666667,85.38333333333334,2020-01-04 04:29:13+00:00,380.0,10.509876494023905,35.06163745019921,35.232117831399634,10.452233041225643,26.92576230568352,-0.007609561752988015,-7.087709416140343e-05,0.00130414995717274
7,14.616666666666667,85.38333333333334,2020-01-04 04:29:13+00:00,390.0,10.433354838709677,35.061,35.23156919411726,10.37474068777522,26.938940247022856,-0.007652165531422739,-5.486372823710894e-05,0.001317794133933603
7,14.616666666666667,85.38333333333334,2020-01-04 04:29:13+00:00,400.0,10.355129032258064,35.061,35.23166110651148,10.295548103922355,26.952848740712625,-0.007822580645161281,9.191239421824093e-06,0.0013908493689768874
7,14.616666666666667,85.38333333333334,2020-01-04 04:29:13+00:00,410.0,10.276903225806452,35.061,35.231740927492424,10.21636679708217,26.9666822681113,-0.007822580645161281,7.982098094316824e-06,0.001383352739867405
7,14.616666666666667,85.38333333333334,2020-01-04 04:29:13+00:00,420.0,10.196463414634147,35.06041463414634,35.23122446985028,10.135001832391133,26.98036791077152,-0.008043981117230458,-5.1645764214214295e-05,0.0013685642660220764
7,14.616666666666667,85.38333333333334,2020-01-04 04:29:13+00:00,430.0,10.115162601626016,35.05960162601626,35.2304792580257,10.052794677035651,26.993953586062844,-0.008130081300813075,-7.452118245794281e-05,0.0013585675291324152
7,14.616666666666667,85.38333333333334,2020-01-04 04:29:13+00:00,440.0,10.03684126984127,35.05869047619047,35.22963542264196,9.973569271829092,27.006883633536972,-0.00783213317847462,-8.438353837405543e-05,0.0012930047474128514
7,14.616666666666667,85.38333333333334,2020-01-04 04:29:13+00:00,450.0,9.966999999999999,35.0575,35.228510894606515,9.90280805905485,27.018090597090804,-0.006984126984127137,-0.00011245280354472697,0.0011206963553831884
7,14.616666666666667,85.38333333333334,2020-01-04 04:29:13+00:00,460.0,9.89715873015873,35.056309523809524,35.22738636169793,9.832056292881457,27.02924422984097,-0.006984126984126959,-0.00011245329085838308,0.0011153632750165344
7,14.616666666666667,85.38333333333334,2020-01-04 04:29:13+00:00,470.0,9.82888047808765,35.0551155378486,35.226258297010695,9.762870887028635,27.04007882897008,-0.0068278252071079844,-0.00011280646872364741,0.0010834599129111665
7,14.616666666666667,85.38333333333334,2020-01-04 04:29:13+00:00,480.0,9.76115139442231,35.0539203187251,35.225128988250404,9.694241651462761,27.05076932190582,-0.0067729083665339475,-0.00011293087602908259,0.0010690492935736984
7,14.616666666666667,85.38333333333334,2020-01-04 04:29:13+00:00,490.0,9.691749999999999,35.052734615384615,35.2240092368766,9.62395590753765,27.06169569191593,-0.006940139442231086,-0.0001119751373806821,0.0010926370010110986
7,14.616666666666667,85.38333333333334,2020-01-04 04:29:13+00:00,500.0,9.61675,35.05158076923077,35.22292149356156,9.548103834992467,27.073523300760144,-0.007499999999999929,-0.00010877433150398019,0.001182760884421441
7,14.616666666666667,85.38333333333334,2020-01-04 04:29:13+00:00,510.0,9.54175,35.05042692307692,35.22183702819349,9.472262019234362,27.085291873306232,-0.007499999999999929,-0.00010844653680663896,0.0011768572546088762
7,14.616666666666667,85.38333333333334,2020-01-04 04:29:13+00:00,520.0,9.46675,35.049212499999996,35.22069496714531,9.396431584924164,27.096953937563967,-0.007500000000000106,-0.00011420610481778226,0.0011662064257734529
7,14.616666666666667,85.38333333333334,2020-01-04 04:29:13+00:00,530.0,9.39175,35.0479625,35.219517149604094,9.32061211969563,27.108526388289192,-0.007499999999999929,-0.00011778175412189285,0.001157245072522528
7,14.616666666666667,85.38333333333334,2020-01-04 04:29:13+00:00,540.0,9.315618473895583,35.04653815261044,35.21816412529378,9.243679761827595,27.12008466270413,-0.007613152610441709,-0.00013530243103119233,0.0011558274414937841
7,14.616666666666667,85.38333333333334,2020-01-04 04:29:13+00:00,550.0,9.235698795180722,35.04453012048193,35.216224550221085,9.162997851469282,27.131735468517945,-0.007991967871486061,-0.00019395750726971527,0.001165080581381517
7,14.616666666666667,85.38333333333334,2020-01-04 04:29:13+00:00,560.0,9.155779116465864,35.042522088353415,35.21428496617637,9.082326945875513,27.143315796680554,-0.007991967871485883,-0.00019395840447131719,0.0011580328162608567
7,14.616666666666667,85.38333333333334,2020-01-04 04:29:13+00:00,570.0,9.087698039215686,35.040839215686276,35.21267212713469,9.013443175507225,27.153183283941416,-0.00680810772501772,-0.00016128390416838556,0.0009867487260862618
7,14.616666666666667,85.38333333333334,2020-01-04 04:29:13+00:00,580.0,9.023776470588235,35.03927058823529,35.21117408627973,8.948705738529888,27.162424790218893,-0.0063921568627451466,-0.0001498040854954752,0.0009241506277476219
7,14.616666666666667,85.38333333333334,2020-01-04 04:29:13+00:00,590.0,8.96212,35.037772,35.20974642140229,8.886229390365413,27.171315415974732,-0.006165647058823431,-0.00014276648774398383,0.0008890625755839209
7,14.616666666666667,85.38333333333334,2020-01-04 04:29:13+00:00,600.0,8.910120000000001,35.036572,35.20861880427946,8.833363757961143,27.17886853156483,-0.00519999999999996,-0.00011276171228331577,0.0007553115590098969
7,14.616666666666667,85.38333333333334,2020-01-04 04:29:13+00:00,610.0,8.858120000000001,35.035371999999995,35.20749431137716,8.780504639718638,27.186393360149623,-0.00519999999999996,-0.00011244929022993233,0.0007524828584791976
7,14.616666666666667,85.38333333333334,2020-01-04 04:29:13+00:00,620.0,8.800156626506025,35.033891566265055,35.20609269496808,8.72172451684132,27.194608693669807,-0.005796337349397618,-0.00014016164090833172,0.0008215333520183776
7,14.616666666666667,85.38333333333334,2020-01-04 04:29:13+00:00,630.0,8.7395140562249,35.032285140562244,35.20456445972077,8.660289018861754,27.2031065658457,-0.006064257028112507,-0.00015282352473064976,0.0008497872175894372
7,14.616666666666667,85.38333333333334,2020-01-04 04:29:13+00:00,640.0,8.678016129032258,35.03059677419355,35.20295387274907,8.59801208755022,27.211631910460483,-0.006149792719264191,-0.00016105869717009114,0.0008525344614781716
7,14.616666666666667,85.38333333333334,2020-01-04 04:29:13+00:00,650.0,8.613096774193549,35.02858064516129,35.201013901356866,8.532346079829408,27.220388211543423,-0.006491935483870925,-0.00019399713922041428,0.00087563010829399
7,14.616666666666667,85.38333333333334,2020-01-04 04:29:13+00:00,660.0,8.548177419354838,35.026564516129035,35.19907392005601,8.466688619666712,27.22909686120647,-0.006491935483871103,-0.00019399813008575962,0.0008708649663049072
7,14.616666666666667,85.38333333333334,2020-01-04 04:29:13+00:00,670.0,8.466351999999999,35.023696,35.19627734156168,8.384242966988285,27.239685987783105,-0.00818254193548391,-0.00027965784943262406,0.0010589126576633135
7,14.616666666666667,85.38333333333334,2020-01-04 04:29:13+00:00,680.0,8.377951999999999,35.020496,35.19314763087749,8.295276976056002,27.25094304076333,-0.008840000000000004,-0.00031297106841918774,0.0011257052980226945
7,14.616666666666667,85.38333333333334,2020-01-04 04:29:13+00:00,690.0,8.290709803921567,35.017396078431375,35.190118476531914,8.207472653318606,27.262015511010304,-0.008724219607843153,-0.0003029154345576046,0.0011072470246972443
7,14.616666666666667,85.38333333333334,2020-01-04 04:29:13+00:00,700.0,8.207572549019607,35.01465098039216,35.18744588151037,8.123755305277875,27.272662578492373,-0.008313725490195979,-0.00026725950215436003,0.0010647067482068451
7,14.616666666666667,85.38333333333334,2020-01-04 04:29:13+00:00,710.0,8.124435294117646,35.01190588235294,35.184771373899096,8.040049454982196,27.28323030167485,-0.008313725490196155,-0.0002674507611274635,0.0010567723182475675
7,14.616666666666667,85.38333333333334,2020-01-04 04:29:13+00:00,720.0,8.057620408163265,35.009632653061225,35.18256662180773,7.972571405904001,27.291655799303726,-0.00668148859543809,-0.00022047520913659469,0.0008425497628877565
7,14.616666666666667,85.38333333333334,2020-01-04 04:29:13+00:00,730.0,7.9988448979591835,35.0075918367347,35.1805954208901,7.913088675578963,27.29902022357055,-0.005877551020408145,-0.00019712009176302557,0.0007364424266825154
7,14.616666666666667,85.38333333333334,2020-01-04 04:29:13+00:00,740.0,7.940768,35.00556,35.178633234668865,7.854307657751171,27.306248699264643,-0.005807689795918325,-0.00019621862212346742,0.0007228475694091685
7,14.616666666666667,85.38333333333334,2020-01-04 04:29:13+00:00,750.0,7.885168,35.00356,35.17670303340972,7.797994970063184,27.313098872779392,-0.005560000000000009,-0.000193020125914245,0.0006850173514749258
7,14.616666666666667,85.38333333333334,2020-01-04 04:29:13+00:00,760.0,7.829568,35.00156,35.1747728230444,7.741689341127488,27.31991323881016,-0.005560000000000009,-0.00019302103653231483,0.0006814366030766905
7,14.616666666666667,85.38333333333334,2020-01-04 04:29:13+00:00,770.0,7.766285714285714,34.99957142857143,35.17285408872714,7.677757571672094,27.327821257187907,-0.006328228571428607,-0.0001918734317257531,0.0007908018377747794
7,14.616666666666667,85.38333333333334,2020-01-04 04:29:13+00:00,780.0,7.700015873015873,34.9975873015873,35.17093981181473,7.610865891253855,27.336120189604344,-0.006626984126984059,-0.00019142769124087523,0.000829893241643731
7,14.616666666666667,85.38333333333334,2020-01-04 04:29:13+00:00,790.0,7.635525896414343,34.9957609561753,35.169184089334514,7.545748573656012,27.344235902058927,-0.006448997660153033,-0.00017557224802189353,0.0008115712454582535
7,14.616666666666667,85.38333333333334,2020-01-04 04:29:13+00:00,800.0,7.578155378486056,34.99456573705179,35.16806261383998,7.4877014927009755,27.351777443500623,-0.005737051792828751,-0.0001121475494535673,0.0007541541441696608
7,14.616666666666667,85.38333333333334,2020-01-04 04:29:13+00:00,810.0,7.520784860557769,34.99337051792829,35.16694031773952,7.429661874177419,27.35928032575316,-0.005737051792828662,-0.00011222961004619947,0.0007502882252538257
7,14.616666666666667,85.38333333333334,2020-01-04 04:29:13+00:00,820.0,7.456906882591094,34.9916032388664,35.165239857072976,7.365176003813094,27.36721897435882,-0.006387797796667538,-0.00017004606665409482,0.0007938648605659183
7,14.616666666666667,85.38333333333334,2020-01-04 04:29:13+00:00,830.0,7.390105263157895,34.98957894736842,35.16328110042375,7.297799288283899,27.375322260109215,-0.0066801619433198844,-0.0001958756649223403,0.0008103285750394207
7,14.616666666666667,85.38333333333334,2020-01-04 04:29:13+00:00,840.0,7.3249375,34.9873984375,35.161165340791456,7.232056409906688,27.38302082728046,-0.006516776315789485,-0.00021157596322964877,0.0007698567171246396
7,14.616666666666667,85.38333333333334,2020-01-04 04:29:13+00:00,850.0,7.2655625,34.9846640625,35.15849295460844,7.1720827890751755,27.389421857090838,-0.005937500000000017,-0.0002672386183014908,0.0006401029810376713
7,14.616666666666667,85.38333333333334,2020-01-04 04:29:13+00:00,860.0,7.2061874999999995,34.9819296875,35.15582055661255,7.112116750172196,27.39578156152811,-0.005937500000000017,-0.0002672397995894471,0.0006359704437272739
7,14.616666666666667,85.38333333333334,2020-01-04 04:29:13+00:00,870.0,7.149754098360655,34.97937704918033,35.15333078726736,7.055075728823137,27.401834521425144,-0.005643340163934418,-0.00024897693451890744,0.000605295989703336
7,14.616666666666667,85.38333333333334,2020-01-04 04:29:13+00:00,880.0,7.09483606557377,34.976918032786884,35.150935094608194,6.999544646613324,27.407714215060423,-0.005491803278688501,-0.00023956926591637285,0.0005879693635279182
7,14.616666666666667,85.38333333333334,2020-01-04 04:29:13+00:00,890.0,7.042064516129032,34.974733870967746,35.14881561394944,6.946146747944171,27.413479430044845,-0.00527715494447385,-0.000211948065875589,0.0005765214984421619
7,14.616666666666667,85.38333333333334,2020-01-04 04:29:13+00:00,900.0,6.996903225806451,34.973524193548386,35.14767546071647,6.900293513256923,27.418936329718008,-0.004516129032258042,-0.00011401532329671226,0.0005456899673163207
7,14.616666666666667,85.38333333333334,2020-01-04 04:29:13+00:00,910.0,6.951741935483871,34.97231451612903,35.146534998915584,6.854445760005447,27.424368771284435,-0.004516129032258042,-0.00011404618008867829,0.000543244156642686
7,14.616666666666667,85.38333333333334,2020-01-04 04:29:13+00:00,920.0,6.904901185770751,34.970830039525694,35.14511563321429,6.8069411781524805,27.42978676640405,-0.004684074971311958,-0.00014193657012953053,0.0005417995119614716
7,14.616666666666667,85.38333333333334,2020-01-04 04:29:13+00:00,930.0,6.857470355731226,34.96924901185771,35.14359922890696,6.758858287456018,27.435182528177847,-0.004743083003952542,-0.00015164043073312428,0.0005395761773797858
7,14.616666666666667,85.38333333333334,2020-01-04 04:29:13+00:00,940.0,6.80992,34.967664000000006,35.14207881398123,6.710662665361609,27.440564514302423,-0.004755035573122601,-0.00015204149257286304,0.0005381986124575633
7,14.616666666666667,85.38333333333334,2020-01-04 04:29:13+00:00,950.0,6.76192,34.966064,35.14054332955043,6.662026990011329,27.445968219835777,-0.004800000000000004,-0.000153548443079643,0.0005403705533353787
7,14.616666666666667,85.38333333333334,2020-01-04 04:29:13+00:00,960.0,6.71392,34.964464,35.13900783848498,6.613397204201537,27.451344479511363,-0.004800000000000004,-0.0001535491065453698,0.0005376259675585971
7,14.616666666666667,85.38333333333334,2020-01-04 04:29:13+00:00,970.0,6.662172131147541,34.962545081967214,35.137151830040786,6.561060445478759,27.456941411332764,-0.005174786885245908,-0.00018560084441929803,0.0005596931821401085
7,14.616666666666667,85.38333333333334,2020-01-04 04:29:13+00:00,980.0,6.608893442622951,34.96049590163935,35.13516490053029,6.5072137391238725,27.462606859767675,-0.005327868852458994,-0.0001986929510493951,0.0005665448434911014
7,14.616666666666667,85.38333333333334,2020-01-04 04:29:13+00:00,990.0,6.557513833992095,34.958466403162056,35.13319774274802,6.455256941407948,27.46800314950565,-0.005137960863085577,-0.0001967157782274853,0.0005396289737973348
7,14.616666666666667,85.38333333333334,2020-01-04 04:29:13+00:00,1000.0,6.511268774703558,34.95649011857708,35.13128405652938,6.408397788842162,27.472734355452303,-0.00462450592885375,-0.0001913686218635746,0.0004731205946654882
7,14.616666666666667,85.38333333333334,2020-01-04 04:29:13+00:00,1010.0,6.46502371541502,34.954513833992095,35.12937036211575,6.361544208035828,27.477439807593782,-0.00462450592885375,-0.00019136944136306512,0.00047054521414793273
7,14.616666666666667,85.38333333333334,2020-01-04 04:29:13+00:00,1020.0,6.409313253012049,34.95221686746988,35.127128645795565,6.305315544883685,27.48309676671829,-0.0055710462402971395,-0.00022417163201851053,0.0005656959124507921
7,14.616666666666667,85.38333333333334,2020-01-04 04:29:13+00:00,1030.0,6.350277108433735,34.94980722891566,35.124773684610275,6.245798268698793,27.48905926684779,-0.005903614457831363,-0.00023549611852899944,0.0005962500129498948
7,14.616666666666667,85.38333333333334,2020-01-04 04:29:13+00:00,1040.0,6.294142292490118,34.947604743083005,35.12262690439207,6.189161862702051,27.494769423890148,-0.00561348159436168,-0.00021467802182044692,0.0005710157042358333
7,14.616666666666667,85.38333333333334,2020-01-04 04:29:13+00:00,1050.0,6.246711462450593,34.94602371541502,35.12110468745752,6.1411517791304915,27.49981454032354,-0.004743083003952542,-0.00015222169345534552,0.000504511643339356
7,14.616666666666667,85.38333333333334,2020-01-04 04:29:13+00:00,1060.0,6.1992806324110665,34.944442687747035,35.119582464485084,6.093147494853045,27.50483258341069,-0.00474308300395263,-0.0001522222972432985,0.0005018043087147816
7,14.616666666666667,85.38333333333334,2020-01-04 04:29:13+00:00,1070.0,6.157653543307086,34.94286614173228,35.11806473959838,6.050901393318675,27.509087177542597,-0.004162708910398027,-0.000151772488670332,0.0004254594131907652
7,14.616666666666667,85.38333333333334,2020-01-04 04:29:13+00:00,1080.0,6.11828346456693,34.94129133858268,35.11654876029787,6.010897027016587,27.513035310086025,-0.003937007874015653,-0.00015159793005139476,0.00039481325434280733
7,14.616666666666667,85.38333333333334,2020-01-04 04:29:13+00:00,1090.0,6.079177419354839,34.93970967741935,35.115025882558214,5.971158937622876,27.516925620619077,-0.0039106045212090376,-0.00015228777396529835,0.00038903105330518885
7,14.616666666666667,85.38333333333334,2020-01-04 04:29:13+00:00,1100.0,6.041274193548388,34.938096774193546,35.11347159989352,5.932617688991623,27.520620750943863,-0.003790322580645178,-0.00015542826646921525,0.00036951303247860777
7,14.616666666666667,85.38333333333334,2020-01-04 04:29:13+00:00,1110.0,6.003370967741936,34.93648387096774,35.11191731106921,5.894080722420398,27.524298206025833,-0.003790322580645178,-0.00015542888243089693,0.0003677455081970038
7,14.616666666666667,85.38333333333334,2020-01-04 04:29:13+00:00,1120.0,5.96610569105691,34.93486178861789,35.11035708912278,5.856180185041354,27.527873398197926,-0.003726527668502566,-0.0001560221946434126,0.00035751921720930115
7,14.616666666666667,85.38333333333334,2020-01-04 04:29:13+00:00,1130.0,5.929113821138211,34.933235772357726,35.1087932734528,5.818554741910711,27.531394503454067,-0.003699186991869929,-0.0001563815669982205,0.00035211052561407997
7,14.616666666666667,85.38333333333334,2020-01-04 04:29:13+00:00,1140.0,5.892903614457831,34.931710843373494,35.10733104672716,5.781706289427694,27.534881439098854,-0.003621020668038,-0.00014622267256356736,0.00034869356447870815
7,14.616666666666667,85.38333333333334,2020-01-04 04:29:13+00:00,1150.0,5.859168674698795,34.93050602409639,35.10619053357086,5.74730904817372,27.53829853016464,-0.0033734939759035854,-0.00011405131563009263,0.00034170910657849163
7,14.616666666666667,85.38333333333334,2020-01-04 04:29:13+00:00,1160.0,5.825433734939759,34.92930120481928,35.10505001556062,5.7129154608947985,27.541701500405907,-0.0033734939759035854,-0.00011405180102386225,0.0003402970241268122
7,14.616666666666667,85.38333333333334,2020-01-04 04:29:13+00:00,1170.0,5.77703861003861,34.927552123552125,35.1033624911242,5.664014236814797,27.546464551350937,-0.004839512490114916,-0.00016875244364200626,0.0004763050945030045
7,14.616666666666667,85.38333333333334,2020-01-04 04:29:13+00:00,1180.0,5.7237567567567575,34.92562162162162,35.10149262541827,5.6102822429876085,27.551653908424214,-0.005328185328185242,-0.00018698657059346147,0.0005189357073277278
7,14.616666666666667,85.38333333333334,2020-01-04 04:29:13+00:00,1190.0,5.67119512195122,34.92367479674797,35.09960634676317,5.557270364550197,27.556708306904966,-0.005256163480553777,-0.00018862786550997158,0.0005054398480751843
7,14.616666666666667,85.38333333333334,2020-01-04 04:29:13+00:00,1200.0,5.622414634146342,34.921642276422766,35.09763393294107,5.508010145291782,27.561203082117572,-0.004878048780487809,-0.00019724138220951205,0.0004494775212606328
7,14.616666666666667,85.38333333333334,2020-01-04 04:29:13+00:00,1210.0,5.573634146341464,34.91960975609756,35.09566151093043,5.458755894066697,27.565668831863604,-0.004878048780487809,-0.00019724220106454027,0.00044657497460320883
7,14.616666666666667,85.38333333333334,2020-01-04 04:29:13+00:00,1220.0,5.531168674698796,34.91787550200803,35.09398327558236,5.415755158499156,27.569578849807385,-0.0042465471642668005,-0.00016782353480664368,0.00039100179437809854
7,14.616666666666667,85.38333333333334,2020-01-04 04:29:13+00:00,1230.0,5.4914096385542175,34.91626907630522,35.09243111763548,5.375436718007931,27.573242173143854,-0.0039759036144578095,-0.00015521579468824598,0.00036633233364682385
7,14.616666666666667,85.38333333333334,2020-01-04 04:29:13+00:00,1240.0,5.452692,34.914747999999996,35.090964734110464,5.3361524284819035,27.57682940808104,-0.0038717638554217615,-0.00014663835250132705,0.00035872349371857126
7,14.616666666666667,85.38333333333334,2020-01-04 04:29:13+00:00,1250.0,5.417892,34.913548,35.08982104252063,5.300745456935322,27.580187126867713,-0.003479999999999972,-0.00011436915898315192,0.0003357718786674013
7,14.616666666666667,85.38333333333334,2020-01-04 04:29:13+00:00,1260.0,5.383092,34.912348,35.08867734664377,5.265342295252368,27.583529743977124,-0.003479999999999972,-0.00011436958768626937,0.0003342617109410639
7,14.616666666666667,85.38333333333334,2020-01-04 04:29:13+00:00,1270.0,5.348192771084338,34.910859437751,35.087243626294295,5.229848793226725,27.586640248638105,-0.003489922891566266,-0.00014337203494747542,0.00031105046609809507
7,14.616666666666667,85.38333333333334,2020-01-04 04:29:13+00:00,1280.0,5.313253012048192,34.9092530120482,35.08569144146734,5.194320639405456,27.58964683390218,-0.0034939759036145546,-0.00015521848269557382,0.00030065852640746014
7,14.616666666666667,85.38333333333334,2020-01-04 04:29:13+00:00,1290.0,5.276508064516128,34.907645161290326,35.08413781864125,5.1570102074057225,27.592848399023524,-0.003674494753206403,-0.00015536228260870644,0.00032015651213441744
7,14.616666666666667,85.38333333333334,2020-01-04 04:29:13+00:00,1300.0,5.233362903225806,34.90603225806452,35.08257911204888,5.113371902385811,27.596775584427405,-0.004314516129032242,-0.0001558706592369674,0.0003927185403881595
7,14.616666666666667,85.38333333333334,2020-01-04 04:29:13+00:00,1310.0,5.190217741935483,34.904419354838716,35.08102039969437,5.069738694554177,27.600679774813898,-0.004314516129032242,-0.00015587123545159897,0.00039041903864927007
7,14.616666666666667,85.38333333333334,2020-01-04 04:29:13+00:00,1320.0,5.1521171875,34.903132812500004,35.079791105343595,5.031096102901618,27.604237724449376,-0.0038100554435483323,-0.00012292943507716814,0.00035579496354785076
7,14.616666666666667,85.38333333333334,2020-01-04 04:29:13+00:00,1330.0,5.1157890625,34.9019609375,35.07867799488703,4.994209356089702,27.607665136501055,-0.0036328124999999824,-0.00011131104565649252,0.0003427412051678402
7,14.616666666666667,85.38333333333334,2020-01-04 04:29:13+00:00,1340.0,5.079341463414635,34.90070731707318,35.077482720610796,4.9572096152584155,27.61102493054659,-0.003644759908536521,-0.00011952742762346701,0.0003359794045536546
7,14.616666666666667,85.38333333333334,2020-01-04 04:29:13+00:00,1350.0,5.042349593495935,34.89908130081301,35.07591315894305,4.919680785530072,27.614134876087974,-0.003699186991870018,-0.00015695616677433578,0.00031099455413823306
7,14.616666666666667,85.38333333333334,2020-01-04 04:29:13+00:00,1360.0,5.0053577235772355,34.89745528455285,35.07434359124721,4.8821560711184055,27.61722764481101,-0.003699186991869929,-0.00015695676958458194,0.0003092768723035988
7,14.616666666666667,85.38333333333334,2020-01-04 04:29:13+00:00,1370.0,4.960451612903226,34.89583870967742,35.07278350678199,4.836809816317241,27.62120805174618,-0.004490611067400963,-0.0001560084465218381,0.0003980406935170322
7,14.616666666666667,85.38333333333334,2020-01-04 04:29:13+00:00,1380.0,4.912467741935484,34.894225806451615,35.07122710659777,4.788425883508624,27.625513528825422,-0.004798387096774182,-0.0001556400184220763,0.0004305477079242337
7,14.616666666666667,85.38333333333334,2020-01-04 04:29:13+00:00,1390.0,4.866304,34.892616000000004,35.06967381292239,4.741847215434284,27.629588841296027,-0.004616374193548367,-0.00015532936753785974,0.0004075312470604331
7,14.616666666666667,85.38333333333334,2020-01-04 04:29:13+00:00,1400.0,4.8259039999999995,34.891016,35.06813036951028,4.7009717202276295,27.6330017721707,-0.004040000000000088,-0.00015434434121104347,0.00034129308746742024
7,14.616666666666667,85.38333333333334,2020-01-04 04:29:13+00:00,1410.0,4.7855039999999995,34.889416000000004,35.066586920166515,4.660100879734173,27.636394285878623,-0.004039999999999999,-0.00015434493437638253,0.00033925137079222624
7,14.616666666666667,85.38333333333334,2020-01-04 04:29:13+00:00,1420.0,4.750039682539683,34.8878253968254,35.065053765648585,4.624112922061294,27.63922770148747,-0.003546431746031686,-0.00015331545179293472,0.00028334156088476447
7,14.616666666666667,85.38333333333334,2020-01-04 04:29:13+00:00,1430.0,4.716309523809524,34.88623809523809,35.06352520775813,4.58984266126532,27.641857389870665,-0.0033730158730159053,-0.00015285578904524754,0.0002629688383194662
7,14.616666666666667,85.38333333333334,2020-01-04 04:29:13+00:00,1440.0,4.6817280000000006,34.884736,35.062082283307774,4.55473351566221,27.64463392990342,-0.003458152380952306,-0.00014429244503588734,0.00027765400327552927
7,14.616666666666667,85.38333333333334,2020-01-04 04:29:13+00:00,1450.0,4.644128,34.883536,35.06094298470638,4.516641366119138,27.647965968142216,-0.00376000000000003,-0.00011392986013945006,0.0003332038238795576
7,14.616666666666667,85.38333333333334,2020-01-04 04:29:13+00:00,1460.0,4.606528,34.882335999999995,35.05980368150899,4.478553451676287,27.65128024113892,-0.00376000000000003,-0.00011393031973909729,0.00033142729967039486
7,14.616666666666667,85.38333333333334,2020-01-04 04:29:13+00:00,1470.0,4.563325301204819,34.880554216867466,35.05807962958394,4.434942060557702,27.65472278902439,-0.00432026987951808,-0.00017240519250449893,0.0003442547885470049
7,14.616666666666667,85.38333333333334,2020-01-04 04:29:13+00:00,1480.0,4.5179437751004015,34.87854618473896,35.05612816990577,4.389186255975363,27.658197482583546,-0.00453815261044177,-0.00019514596781746718,0.00034746935591556394
7,14.616666666666667,85.38333333333334,2020-01-04 04:29:13+00:00,1490.0,4.4722301587301585,34.87654365079365,35.054182228724216,4.343107748457676,27.661686441223765,-0.004571361637024296,-0.00019459411815532236,0.0003488958640218698
7,14.616666666666667,85.38333333333334,2020-01-04 04:29:13+00:00,1500.0,4.425404761904762,34.87455952380952,35.05225478062256,4.29593631349439,27.665282703980438,-0.004682539682539666,-0.00019274481016537948,0.0003596262756673241
7,14.616666666666667,85.38333333333334,2020-01-04 04:29:13+00:00,1510.0,4.378579365079366,34.8725753968254,35.05032732492172,4.248770534318814,27.66885152603072,-0.004682539682539577,-0.00019274557008444048,0.00035688220502834157
7,14.616666666666667,85.38333333333334,2020-01-04 04:29:13+00:00,1520.0,4.326791164658635,34.87057429718875,35.04837523909505,4.196709545872431,27.67289812869012,-0.005178820042073084,-0.00019520858266659503,0.0004046602659400378
7,14.616666666666667,85.38333333333334,2020-01-04 04:29:13+00:00,1530.0,4.272975903614458,34.86856626506024,35.04639853186957,4.1426536254354405,27.67710482287339,-0.005381526104417755,-0.00019767072254808226,0.00042066941832672453
7,14.616666666666667,85.38333333333334,2020-01-04 04:29:13+00:00,1540.0,4.22,34.86655284552845,35.04441640497106,4.089433378963594,27.68118356234072,-0.005297590361445792,-0.00019821268985111828,0.0004078739467331616
7,14.616666666666667,85.38333333333334,2020-01-04 04:29:13+00:00,1550.0,4.17,34.86452032520325,35.042415075018106,4.039158254998417,27.684903228515395,-0.004999999999999982,-0.00020013299529537677,0.0003719666174674785
7,14.616666666666667,85.38333333333334,2020-01-04 04:29:13+00:00,1560.0,4.12,34.86248780487805,35.04041374021959,3.988889306167692,27.688591569522714,-0.004999999999999982,-0.00020013347985141649,0.0003688341007318741
7,14.616666666666667,85.38333333333334,2020-01-04 04:29:13+00:00,1570.0,4.075261538461539,34.860830769230766,35.038789802043375,3.943815776687671,27.692007447977403,-0.004473846153846139,-0.00016239381762161997,0.00034158784546889365
7,14.616666666666667,85.38333333333334,2020-01-04 04:29:13+00:00,1580.0,4.032184615384615,34.85929230769231,35.03728503946902,3.90038617393123,27.695322803887166,-0.004307692307692346,-0.00015047625743562775,0.00033153559097627295
7,14.616666666666667,85.38333333333334,2020-01-04 04:29:13+00:00,1590.0,3.9887510204081638,34.857673469387755,35.035699485958546,3.8566106381846974,27.69858695120638,-0.00434335949764515,-0.00015855535104734031,0.0003264147319214317
7,14.616666666666667,85.38333333333334,2020-01-04 04:29:13+00:00,1600.0,3.943444897959184,34.85563265306122,35.03368979492662,3.8109975156552442,27.70168042936143,-0.0045306122448979915,-0.00020096910319225003,0.00030934781550513436
7,14.616666666666667,85.38333333333334,2020-01-04 04:29:13+00:00,1610.0,3.8981387755102044,34.853591836734694,35.031680099029366,3.765389799605189,27.704747887821668,-0.004530612244897947,-0.0002009695897257302,0.0003067458460236594
7,14.616666666666667,85.38333333333334,2020-01-04 04:29:13+00:00,1620.0,3.8545714285714285,34.85187301587302,35.02999403938669,3.721499219349975,27.707872008466666,-0.004356734693877584,-0.00016860596426724329,0.00031241206449976743
7,14.616666666666667,85.38333333333334,2020-01-04 04:29:13+00:00,1630.0,3.8117142857142854,34.85028571428571,35.02844016724644,3.6783128964819527,27.71100619760591,-0.0042857142857143146,-0.00015538721402563738,0.0003134189139245791
7,14.616666666666667,85.38333333333334,2020-01-04 04:29:13+00:00,1640.0,3.768597609561753,34.84862151394422,35.02680899937021,3.6348765223968496,27.71408144749057,-0.004311667615253256,-0.00016311678762264136,0.00030752498846595697
7,14.616666666666667,85.38333333333334,2020-01-04 04:29:13+00:00,1650.0,3.724374501992032,34.84662948207171,35.0248483193411,3.5903577772863704,27.716980625272072,-0.004422310756972081,-0.0001960680029107209,0.0002899177781500839
7,14.616666666666667,85.38333333333334,2020-01-04 04:29:13+00:00,1660.0,3.6801513944223108,34.8446374501992,35.02288763456295,3.5458442684197573,27.719854870048266,-0.004422310756972125,-0.00019606847781545867,0.0002874244776194246
7,14.616666666666667,85.38333333333334,2020-01-04 04:29:13+00:00,1670.0,3.6404,34.842933333333335,35.02121633323498,3.505743147273365,27.722498544909058,-0.0039751394422310685,-0.00016713013279670008,0.0002643674860792089
7,14.616666666666667,85.38333333333334,2020-01-04 04:29:13+00:00,1680.0,3.6027529411764707,34.841364705882356,35.01968121068787,3.467720351025232,27.7250261446502,-0.0037647058823529365,-0.00015351225471107454,0.0002527599741142694
7,14.616666666666667,85.38333333333334,2020-01-04 04:29:13+00:00,1690.0,3.5651652892561985,34.83978512396695,35.01813507385919,3.4297604814826976,27.727521030646813,-0.0037587651920272247,-0.00015461368286793232,0.00024948859966116287
7,14.616666666666667,85.38333333333334,2020-01-04 04:29:13+00:00,1700.0,3.5279752066115706,34.83813223140496,35.01651524724289,3.392197748455874,27.729901093947092,-0.0037190082644627865,-0.00016198266162987808,0.00023800633002792892
7,14.616666666666667,85.38333333333334,2020-01-04 04:29:13+00:00,1710.0,3.4907851239669423,34.83647933884298,35.014895416686066,3.3546391413195527,27.732263285871113,-0.0037190082644628308,-0.00016198305568266848,0.00023621919240213174
7,14.616666666666667,85.38333333333334,2020-01-04 04:29:13+00:00,1720.0,3.451147410358566,34.83486852589641,35.01331787736631,3.314670902445479,27.734873702202094,-0.003963771360837631,-0.0001577539319754351,0.0002610416330981025
7,14.616666666666667,85.38333333333334,2020-01-04 04:29:13+00:00,1730.0,3.410509960159363,34.83327490039841,35.011757609721926,3.273721367686442,27.737572077518735,-0.004063745019920306,-0.0001560267644386215,0.00026983753166405223
7,14.616666666666667,85.38333333333334,2020-01-04 04:29:13+00:00,1740.0,3.370741935483871,34.83167741935484,35.01019346297267,3.233633636007027,27.740164427714717,-0.00397680246754919,-0.00015641467492528706,0.00025923501959823625
7,14.616666666666667,85.38333333333334,2020-01-04 04:29:13+00:00,1750.0,3.3344516129032256,34.830064516129035,35.00861381117405,3.1969786358253987,27.742398846863125,-0.003629032258064546,-0.00015796517986217397,0.0002234419148408051
7,14.616666666666667,85.38333333333334,2020-01-04 04:29:13+00:00,1760.0,3.2981612903225805,34.82845161290323,35.007034155530235,3.1603276181042004,27.74461615889095,-0.003629032258064502,-0.00015796556438161247,0.00022173120278239366
7,14.616666666666667,85.38333333333334,2020-01-04 04:29:13+00:00,1770.0,3.2706506024096385,34.82713253012049,35.005749823395966,3.1323298525221865,27.746237122358025,-0.0027510687912942087,-0.00012843321342685953,0.00016209634670758533
7,14.616666666666667,85.38333333333334,2020-01-04 04:29:13+00:00,1780.0,3.24655421686747,34.825927710843374,35.00457120291835,3.107698156201277,27.74761648317849,-0.002409638554216853,-0.00011786204776171871,0.00013793608204650809
7,14.616666666666667,85.38333333333334,2020-01-04 04:29:13+00:00,1790.0,3.221600806451613,34.82481451612904,35.0034836598947,3.082222960901353,27.74913935275299,-0.0024953410415856857,-0.00010875430236509943,0.00015228695745008735
7,14.616666666666667,85.38333333333334,2020-01-04 04:29:13+00:00,1800.0,3.1937782258064518,34.82400806451613,35.00270443199301,3.053919295268414,27.75116217141408,-0.00278225806451613,-7.79227901688273e-05,0.00020228186610893317
7,14.616666666666667,85.38333333333334,2020-01-04 04:29:13+00:00,1810.0,3.16595564516129,34.823201612903226,35.001925202638795,3.025618311366773,27.753174799433737,-0.002782258064516174,-7.792293542152606e-05,0.0002012628019656404
7,14.616666666666667,85.38333333333334,2020-01-04 04:29:13+00:00,1820.0,3.141,34.8221,35.00084929541564,3.00014789924346,27.754680388327643,-0.0024955645161290007,-0.00010759072231536493,0.00015055888939059515
7,14.616666666666667,85.38333333333334,2020-01-04 04:29:13+00:00,1830.0,3.117,34.8209,34.99967449398093,2.9756222640215837,27.756012312986968,-0.002400000000000002,-0.00011748014347077174,0.0001331924659325523
7,14.616666666666667,85.38333333333334,2020-01-04 04:29:13+00:00,1840.0,3.0930239043824703,34.819701195219125,34.998500891741465,2.9511222299690894,27.757335283381735,-0.002397609561752967,-0.00011736022394686074,0.00013229703947672533
7,14.616666666666667,85.38333333333334,2020-01-04 04:29:13+00:00,1850.0,3.069119521912351,34.818505976095615,34.997330891415785,2.926694850811465,27.75864691670563,-0.00239043824701195,-0.00011700003256791547,0.0001311633323894057
7,14.616666666666667,85.38333333333334,2020-01-04 04:29:13+00:00,1860.0,3.045215139442231,34.81731075697211,34.99616088893738,2.9022695239763414,27.75995085657678,-0.0023904382470119946,-0.00011700024784033758,0.00013039398711498507
7,14.616666666666667,85.38333333333334,2020-01-04 04:29:13+00:00,1870.0,3.0202109375,34.8161328125,34.9950082477099,2.876762964307975,27.761359398878085,-0.0025004201942230965,-0.00011526412274847076,0.00014085423013057152
7,14.616666666666667,85.38333333333334,2020-01-04 04:29:13+00:00,1880.0,2.9948203125000004,34.8149609375,34.993861705021594,2.850878040938814,27.762798884824406,-0.0025390624999999554,-0.00011465426883034979,0.00014394859463209286
7,14.616666666666667,85.38333333333334,2020-01-04 04:29:13+00:00,1890.0,2.9698857142857147,34.81385306122449,34.99277948786969,2.8254436632284596,27.764240331497604,-0.0024934598214285675,-0.00010822171519038193,0.00014414466731977883
7,14.616666666666667,85.38333333333334,2020-01-04 04:29:13+00:00,1900.0,2.9470285714285716,34.813036734693874,34.991990317154986,2.8020534472080993,27.76572237284813,-0.002285714285714313,-7.891707147038574e-05,0.0001482041350527652
7,14.616666666666667,85.38333333333334,2020-01-04 04:29:13+00:00,1910.0,2.924171428571429,34.81222040816326,34.991201144969985,2.7786651300455176,27.7671973834008,-0.0022857142857142685,-7.891721850015188e-05,0.00014750105526672996
7,14.616666666666667,85.38333333333334,2020-01-04 04:29:13+00:00,1920.0,2.90070281124498,34.81112048192771,34.990126913277734,2.7546800806473946,27.76849249992597,-0.002346861732644889,-0.00010742316922502937,0.00012951165251706698
7,14.616666666666667,85.38333333333334,2020-01-04 04:29:13+00:00,1930.0,2.877008032128514,34.8099156626506,34.98894724708528,2.730475616273867,27.769716166253602,-0.002369477911646589,-0.00011796661924563523,0.00012236663276325998
7,14.616666666666667,85.38333333333334,2020-01-04 04:29:13+00:00,1940.0,2.854104,34.808808,34.987865235125014,2.7070503215283197,27.770940787422887,-0.002290403212851411,-0.00010820119602641398,0.0001224621169285456
7,14.616666666666667,85.38333333333334,2020-01-04 04:29:13+00:00,1950.0,2.8337039999999996,34.808008,34.98709246672049,2.6860877363532283,27.772186076938397,-0.0020400000000000418,-7.727684045235605e-05,0.00012452895155092846
7,14.616666666666667,85.38333333333334,2020-01-04 04:29:13+00:00,1960.0,2.8133039999999996,34.807208,34.98631969687506,2.6651266694191524,27.773425694927255,-0.0020399999999999975,-7.727698454331743e-05,0.00012396179888582993
7,14.616666666666667,85.38333333333334,2020-01-04 04:29:13+00:00,1970.0,2.7951811023622044,34.80641732283465,34.985556296405406,2.6464077165372633,27.77446980434047,-0.0018122897637795176,-7.634004696512874e-05,0.00010441094132147555
7,14.616666666666667,85.38333333333334,2020-01-04 04:29:13+00:00,1980.0,2.7778582677165353,34.80562992125984,34.984796186963706,2.6284771130253715,27.775442857950566,-0.0017322834645669082,-7.601094416997967e-05,9.730536100960308e-05
8,14.574,84.878,2020-01-04 14:10:57+00:00,10.0,26.488,32.251,32.403421333782326,26.596691868124626,20.8123676947896,,,
8,14.574,84.878,2020-01-04 14:10:57+00:00,20.0,27.00588888888889,32.89688888888889,33.052373796141964,27.089255962472556,21.135934332078023,0.051788888888889065,0.06489524623596381,0.03235666372884225
8,14.574,84.878,2020-01-04 14:10:57+00:00,30.0,27.488,33.625,33.783985959538704,27.541689430121604,21.530215429466125,0.04821111111111094,0.07316121633967398,0.03942810973881024
8,14.574,84.878,2020-01-04 14:10:57+00:00,40.0,27.3155,33.7115,33.87096087933209,27.36276494671414,21.651447224990193,-0.017249999999999942,0.008697491979338423,0.012123179552406781
8,14.574,84.878,2020-01-04 14:10:57+00:00,50.0,27.055999999999997,33.7755,33.93548362893977,27.097517812207833,21.78341492497998,-0.02595000000000027,0.006452274960768278,0.013196769998978652
8,14.574,84.878,2020-01-04 14:10:57+00:00,60.0,26.278,34.167,34.32900250649951,26.299472081364787,22.324779768305007,-0.07779999999999987,0.039351887755974244,0.05413648433250273
8,14.574,84.878,2020-01-04 14:10:57+00:00,70.0,24.7755,34.6325,34.796876379670465,24.773696177983812,23.13896309118536,-0.15024999999999977,0.046787387317095155,0.08141833228803534
8,14.574,84.878,2020-01-04 14:10:57+00:00,80.0,23.1495,34.782,34.94729158823906,23.137685321436937,23.733615569650283,-0.16260000000000013,0.015041520856859591,0.05946524784649228
8,14.574,84.878,2020-01-04 14:10:57+00:00,90.0,21.724454545454545,34.80390909090909,34.96956790828195,21.70826467009423,24.15498656836712,-0.14250454545454544,0.0022276320042891483,0.04213709987168386
8,14.574,84.878,2020-01-04 14:10:57+00:00,100.0,20.305888888888887,34.82811111111111,34.99414842004117,20.285818302502456,24.559653665964788,-0.1418565656565658,0.002458051175921838,0.04046670975976667
8,14.574,84.878,2020-01-04 14:10:57+00:00,110.0,18.939500000000002,34.848,35.014378746373666,18.916276306638913,24.930807880823522,-0.13663888888888848,0.0020230326332495,0.037115421485873414
8,14.574,84.878,2020-01-04 14:10:57+00:00,120.0,17.806090909090912,34.86536363636363,35.032070156811656,17.780344797316296,25.227238059627098,-0.11334090909090903,0.0017691410437990385,0.029643017880357548
8,14.574,84.878,2020-01-04 14:10:57+00:00,130.0,16.798333333333336,34.89144444444444,35.05850267069436,16.770209836987036,25.489538467427565,-0.10077575757575766,0.002643251388270329,0.026230040780046694
8,14.574,84.878,2020-01-04 14:10:57+00:00,140.0,16.0065,34.915,35.082371064934165,15.976343284253577,25.69173915095689,-0.07918333333333365,0.002386839423980547,0.020220068352932684
8,14.574,84.878,2020-01-04 14:10:57+00:00,150.0,15.417,34.9315,35.09915031110829,15.385126145843618,25.837923075100434,-0.058949999999999926,0.0016779246174124297,0.014618392414354276
8,14.574,84.878,2020-01-04 14:10:57+00:00,160.0,14.8795,34.9465,35.11438330982244,14.846069620744732,25.96841369138542,-0.053749999999999964,0.0015232998714154178,0.013049061628498749
8,14.574,84.878,2020-01-04 14:10:57+00:00,170.0,14.329363636363636,34.963,35.131119298860625,14.294493201154317,26.100071707912548,-0.05501363636363639,0.0016735989038181743,0.013165801652712616
8,14.574,84.878,2020-01-04 14:10:57+00:00,180.0,13.8402,34.9802,35.148549195683415,13.803953557139693,26.216756616652447,-0.04891636363636369,0.001742989682279017,0.011668490873989867
8,14.574,84.878,2020-01-04 14:10:57+00:00,190.0,13.410888888888888,34.99288888888889,35.161431977479495,13.373423403770447,26.315482864452633,-0.04293111111111116,0.0012882781796079712,0.009872624780018668
8,14.574,84.878,2020-01-04 14:10:57+00:00,200.0,13.029222222222222,35.0015,35.17021742174984,12.990666344060699,26.399751733832318,-0.03816666666666659,0.0008785444270344555,0.008426886937968447
8,14.574,84.878,2020-01-04 14:10:57+00:00,210.0,12.803666666666667,35.0065,35.17532949197178,12.763946580199018,26.4489425419315,-0.02255555555555553,0.0005112070221940712,0.004919080809918342
8,14.574,84.878,2020-01-04 14:10:57+00:00,220.0,12.600666666666667,35.010625000000005,35.17955113684891,12.559807014701727,26.492522869030836,-0.02029999999999994,0.0004221644877127062,0.004358032709933468
8,14.574,84.878,2020-01-04 14:10:57+00:00,230.0,12.407333333333334,35.014375,35.1833959896161,12.36536193833965,26.533527310535646,-0.019333333333333334,0.0003844852767194595,0.004100444150481053
8,14.574,84.878,2020-01-04 14:10:57+00:00,240.0,12.2195,35.01815384615385,35.18726984428781,12.17644025730685,26.5731250182032,-0.018783333333333374,0.00038738546717098643,0.003959770766755355
8,14.574,84.878,2020-01-04 14:10:57+00:00,250.0,12.0445,35.022000000000006,35.19121134842194,12.000358421095626,26.60997588810278,-0.01750000000000007,0.0003941504134125751,0.0036850869899581083
8,14.574,84.878,2020-01-04 14:10:57+00:00,260.0,11.8695,35.02584615384615,35.19514753743185,11.82430713189076,26.646516888600445,-0.017499999999999894,0.00039361890099129935,0.0036541000497663846
8,14.574,84.878,2020-01-04 14:10:57+00:00,270.0,11.70976,35.02728,35.19665843630745,11.663564289622228,26.67801440031917,-0.01597400000000011,0.00015108988756011853,0.0031497511718725944
8,14.574,84.878,2020-01-04 14:10:57+00:00,280.0,11.55656,35.02768,35.19713049341859,11.509394697097239,26.70723336777769,-0.01532,4.720571111391791e-05,0.0029218967458518818
8,14.574,84.878,2020-01-04 14:10:57+00:00,290.0,11.4088,35.02736,35.1968790676058,11.360691954938549,26.734649375661093,-0.014775999999999989,-2.5142581279169463e-05,0.0027416007883402926
8,14.574,84.878,2020-01-04 14:10:57+00:00,300.0,11.2828,35.02416,35.19373369664426,11.23377873030982,26.755615547250272,-0.012599999999999945,-0.00031453709615405503,0.0020966171589179793
8,14.574,84.878,2020-01-04 14:10:57+00:00,310.0,11.1568,35.02096,35.19059804498123,11.10688377269484,26.776423602911564,-0.012599999999999945,-0.0003135651663029648,0.002080805566129129
8,14.574,84.878,2020-01-04 14:10:57+00:00,320.0,11.05908,35.02112,35.19084283281687,11.008144809541855,26.794572910423994,-0.009772000000000069,2.4478783564063634e-05,0.0018149307512430823
8,14.574,84.878,2020-01-04 14:10:57+00:00,330.0,10.97348,35.02272,35.19253460354574,10.921478291960215,26.81156243870737,-0.008559999999999946,0.00016917707288683915,0.0016989528283374966
8,14.574,84.878,2020-01-04 14:10:57+00:00,340.0,10.888679999999999,35.02416,35.1940656057756,10.835625357044995,26.82820720731479,-0.008480000000000132,0.00015310022298606896,0.00166447686074207
8,14.574,84.878,2020-01-04 14:10:57+00:00,350.0,10.80708,35.02496,35.1949535086768,10.752988460935097,26.843707046649797,-0.00815999999999999,8.8790290119789e-05,0.0015499839335006982
8,14.574,84.878,2020-01-04 14:10:57+00:00,360.0,10.725480000000001,35.025760000000005,35.19584721035681,10.670363199000619,26.859141001900753,-0.008159999999999812,8.937016800132369e-05,0.0015433955250955477
8,14.574,84.878,2020-01-04 14:10:57+00:00,370.0,10.64668,35.026,35.19618067887284,10.590552218511434,26.873575122139982,-0.00788000000000011,3.3346851603255344e-05,0.001443412023922974
8,14.574,84.878,2020-01-04 14:10:57+00:00,380.0,10.56908,35.026,35.19627298193435,10.511953392382697,26.88754492112048,-0.007760000000000033,9.230306150698198e-06,0.0013969798980497216
8,14.574,84.878,2020-01-04 14:10:57+00:00,390.0,10.49292,35.025760000000005,35.196124117643926,10.434805580495267,26.901011072471192,-0.007615999999999979,-1.4886429042348936e-05,0.0013466151350712608
8,14.574,84.878,2020-01-04 14:10:57+00:00,400.0,10.42252,35.02456,35.195010580151035,10.36342820201725,26.91266199582674,-0.007039999999999935,-0.00011135374928912256,0.0011650923355546183
8,14.574,84.878,2020-01-04 14:10:57+00:00,410.0,10.35212,35.023360000000004,35.193884797002816,10.292060588612992,26.92424966473004,-0.007040000000000113,-0.00011257831482183178,0.0011587668903302983
8,14.574,84.878,2020-01-04 14:10:57+00:00,420.0,10.277961538461538,35.023,35.19359494068428,10.216940897129824,26.937082430589044,-0.007415846153846139,-2.898563185382841e-05,0.0012832765859002392
8,14.574,84.878,2020-01-04 14:10:57+00:00,430.0,10.202192307692307,35.023,35.1936668371652,10.140219480386435,26.950414041094746,-0.007576923076923059,7.189648092520429e-06,0.0013331610505701974
8,14.574,84.878,2020-01-04 14:10:57+00:00,440.0,10.125708333333334,35.022875000000006,35.19361312426538,10.062798955113275,26.963708637123318,-0.0076483974358973585,-5.371289982036842e-06,0.0013294596028572414
8,14.574,84.878,2020-01-04 14:10:57+00:00,450.0,10.042791666666668,35.021625,35.19242892411625,9.97900198994005,26.9771576487567,-0.008291666666666586,-0.00011842001491331189,0.0013449011633383634
8,14.574,84.878,2020-01-04 14:10:57+00:00,460.0,9.959875,35.020375,35.19124471883502,9.895216635597185,26.990532318760415,-0.008291666666666763,-0.00011842052812269799,0.0013374670003713617
8,14.574,84.878,2020-01-04 14:10:57+00:00,470.0,9.89328,35.01972,35.19065841273834,9.827689755309756,27.001543949493907,-0.006659499999999952,-5.8630609668597344e-05,0.0011011630733491983
8,14.574,84.878,2020-01-04 14:10:57+00:00,480.0,9.83368,35.01932,35.19032834918306,9.767134259235009,27.01153034709432,-0.005960000000000143,-3.3006355527476215e-05,0.000998639760041442
8,14.574,84.878,2020-01-04 14:10:57+00:00,490.0,9.77168,35.018679999999996,35.189757111511064,9.704200903118473,27.021692029560654,-0.006199999999999939,-5.712376719984036e-05,0.0010161682466332423
8,14.574,84.878,2020-01-04 14:10:57+00:00,500.0,9.70008,35.01708,35.18822117934303,9.631733524721485,27.03266193736954,-0.007160000000000011,-0.00015359321680321613,0.0010969907808885183
8,14.574,84.878,2020-01-04 14:10:57+00:00,510.0,9.62848,35.015480000000004,35.18668864122028,9.559275756357444,27.043578128886793,-0.007160000000000011,-0.0001532538122752669,0.0010916191517253537
8,14.574,84.878,2020-01-04 14:10:57+00:00,520.0,9.55128,35.01388,35.18515949667663,9.481251682730187,27.055365518352573,-0.007719999999999949,-0.0001529144543646055,0.0011787389465780507
8,14.574,84.878,2020-01-04 14:10:57+00:00,530.0,9.47168,35.012280000000004,35.18363034494237,9.400848739576071,27.06748186665527,-0.0079600000000001,-0.00015291517342603812,0.0012116348302697588
8,14.574,84.878,2020-01-04 14:10:57+00:00,540.0,9.391119999999999,35.01068,35.18210118601748,9.319501099526216,27.079685629600817,-0.008056000000000018,-0.00015291589248889181,0.001220376294554626
8,14.574,84.878,2020-01-04 14:10:57+00:00,550.0,9.306719999999999,35.00908,35.18057201990196,9.234342123911516,27.092442393641022,-0.008440000000000048,-0.00015291661155245607,0.001275676404020487
8,14.574,84.878,2020-01-04 14:10:57+00:00,560.0,9.22232,35.00748,35.17904284659581,9.149194981673698,27.10512105128123,-0.00843999999999987,-0.00015291733061459923,0.0012678657640208257
8,14.574,84.878,2020-01-04 14:10:57+00:00,570.0,9.134839999999999,35.00532,35.17695092042165,9.061004379695913,27.1177779654015,-0.008748000000000112,-0.00020919261741596528,0.0012656914120270813
8,14.574,84.878,2020-01-04 14:10:57+00:00,580.0,9.04604,35.002919999999996,35.174617807281976,8.971516706473418,27.13037352232527,-0.00887999999999991,-0.0002333113139677323,0.0012595556923770345
8,14.574,84.878,2020-01-04 14:10:57+00:00,590.0,8.96284,35.00076,35.17252586115383,8.887609763166843,27.142180698130915,-0.008319999999999972,-0.000209194612814656,0.0011807175805643056
8,14.574,84.878,2020-01-04 14:10:57+00:00,600.0,8.90204,34.999559999999995,35.1713986186654,8.82598576118587,27.15112253447637,-0.006080000000000041,-0.00011272424884296583,0.0008941836345456977
8,14.574,84.878,2020-01-04 14:10:57+00:00,610.0,8.84124,34.99836,35.170274527965816,8.764369690868193,27.160025279527645,-0.006079999999999863,-0.00011240906995837462,0.0008902745051273086
8,14.574,84.878,2020-01-04 14:10:57+00:00,620.0,8.78632,34.99688,35.16887379119406,8.708616282193985,27.167748009844672,-0.005492000000000097,-0.00014007367717567832,0.0007722730317027526
8,14.574,84.878,2020-01-04 14:10:57+00:00,630.0,8.73392,34.99528,35.16735245706114,8.655378854088687,27.17494836707351,-0.005240000000000045,-0.0001521334132917218,0.0007200357228839494
8,14.574,84.878,2020-01-04 14:10:57+00:00,640.0,8.67936,34.9936,35.16575072145659,8.600000861217305,27.18239108109651,-0.005455999999999861,-0.00016017356045523458,0.0007442714023000007
8,14.574,84.878,2020-01-04 14:10:57+00:00,650.0,8.61616,34.9916,35.16382740251559,8.536041851673815,27.19088906678917,-0.006320000000000015,-0.00019233189410030604,0.0008497985692656584
8,14.574,84.878,2020-01-04 14:10:57+00:00,660.0,8.55296,34.989599999999996,35.161904073684184,8.472091112770837,27.199341804895994,-0.006320000000000015,-0.00019233288314026708,0.0008452738106825564
8,14.574,84.878,2020-01-04 14:10:57+00:00,670.0,8.48332,34.9876,35.159980734962424,8.401744318307784,27.208738783631134,-0.00696399999999997,-0.00019233387217596488,0.0009396978735139782
8,14.574,84.878,2020-01-04 14:10:57+00:00,680.0,8.41092,34.9856,35.15805738635028,8.328662369805155,27.218502899742816,-0.007240000000000002,-0.00019233486121450483,0.0009764116111682597
8,14.574,84.878,2020-01-04 14:10:57+00:00,690.0,8.33812,34.9836,35.15613402784775,8.255192491055034,27.228268756146235,-0.007280000000000087,-0.00019233585025304478,0.0009765856403419094
8,14.574,84.878,2020-01-04 14:10:57+00:00,700.0,8.26372,34.9816,35.15421065945485,8.180141732783854,27.23821679023081,-0.007440000000000069,-0.00019233683929016366,0.000994803408457301
8,14.574,84.878,2020-01-04 14:10:57+00:00,710.0,8.18932,34.9796,35.152285257728366,8.10510113651665,27.248100790460967,-0.007439999999999891,-0.00019254017264813683,0.0009884000230158563
8,14.574,84.878,2020-01-04 14:10:57+00:00,720.0,8.12976,34.97788,35.150636508171445,8.044817611502141,27.255917413919633,-0.005956000000000117,-0.00016487495569208476,0.0007816623458666072
8,14.574,84.878,2020-01-04 14:10:57+00:00,730.0,8.07656,34.97628,35.149108343728294,7.9908613996720765,27.26283926011979,-0.005319999999999858,-0.00015281644431510699,0.0006921846200157233
8,14.574,84.878,2020-01-04 14:10:57+00:00,740.0,8.02232,34.97468,35.14758017198985,7.9358782651193955,27.269882927153276,-0.005424000000000007,-0.0001528171738442552,0.000704366703348569
8,14.574,84.878,2020-01-04 14:10:57+00:00,750.0,7.96392,34.973079999999996,35.14605199295614,7.876767788875435,27.277508023957807,-0.005840000000000067,-0.00015281790337127177,0.0007625096804531495
8,14.574,84.878,2020-01-04 14:10:57+00:00,760.0,7.90552,34.97148,35.14452380662717,7.817664869458333,27.28509392351475,-0.005839999999999979,-0.00015281863289686725,0.0007585899556943332
8,14.574,84.878,2020-01-04 14:10:57+00:00,770.0,7.84488,34.9696,35.142714226885154,7.756348419434997,27.292748828516324,-0.006064000000000025,-0.00018095797420158988,0.0007654905001572843
8,14.574,84.878,2020-01-04 14:10:57+00:00,780.0,7.7832799999999995,34.9676,35.14078404424715,7.694088030315571,27.300407113031042,-0.006160000000000032,-0.00019301826380058174,0.0007658284514718616
8,14.574,84.878,2020-01-04 14:10:57+00:00,790.0,7.72144,34.96552,35.13877345609164,7.631598556407987,27.30799361104664,-0.006183999999999923,-0.00020105881555068094,0.0007586498015598409
8,14.574,84.878,2020-01-04 14:10:57+00:00,800.0,7.65864,34.96312,35.13644127212912,7.568168746815103,27.31542299447824,-0.006280000000000019,-0.00023321839625225493,0.000742938343159949
8,14.574,84.878,2020-01-04 14:10:57+00:00,810.0,7.59584,34.96072,35.13410821003235,7.504747121419479,27.322806092157407,-0.006280000000000019,-0.000233306209676698,0.0007383097679166895
8,14.574,84.878,2020-01-04 14:10:57+00:00,820.0,7.53696,34.95888,35.13233444712011,7.445218060137752,27.330020445441278,-0.005888000000000027,-0.0001773762912243626,0.0007214353283870878
8,14.574,84.878,2020-01-04 14:10:57+00:00,830.0,7.47976,34.957280000000004,35.13080186759304,7.387361202586483,27.3371440984547,-0.005719999999999992,-0.00015325795270655363,0.0007123653013422881
8,14.574,84.878,2020-01-04 14:10:57+00:00,840.0,7.4232000000000005,34.955600000000004,35.129188883889,7.330148575442555,27.3440759855298,-0.005655999999999928,-0.00016129837040423922,0.000693188707509762
8,14.574,84.878,2020-01-04 14:10:57+00:00,850.0,7.3692,34.9536,35.12725430313751,7.275490426258915,27.35035707626912,-0.005400000000000027,-0.0001934580751488113,0.0006281090739321371
8,14.574,84.878,2020-01-04 14:10:57+00:00,860.0,7.3152,34.9516,35.125319713763034,7.220839080489639,27.35660399615017,-0.005400000000000027,-0.00019345893744784348,0.0006246919881050417
8,14.574,84.878,2020-01-04 14:10:57+00:00,870.0,7.24692,34.94932,35.123103723479744,7.152021416974926,27.364594902941008,-0.006827999999999968,-0.00022159902832896705,0.000799090679083747
8,14.574,84.878,2020-01-04 14:10:57+00:00,880.0,7.1725200000000005,34.94692,35.120767126413625,7.0771391704674445,27.37328850380368,-0.00743999999999998,-0.0002336597066118884,0.0008693600862670792
8,14.574,84.878,2020-01-04 14:10:57+00:00,890.0,7.10092,34.94452,35.11843051899991,7.00504648275714,27.381531126801747,-0.007160000000000011,-0.00023366074137172178,0.0008242622998068328
8,14.574,84.878,2020-01-04 14:10:57+00:00,900.0,7.04052,34.94212,35.11609390123859,6.944080305695245,27.38817424941749,-0.006040000000000045,-0.00023366177613155515,0.0006643122615741959
8,14.574,84.878,2020-01-04 14:10:57+00:00,910.0,6.980119999999999,34.93972,35.113757010839095,6.883121927815582,27.394774369138304,-0.006040000000000045,-0.00023368903994978041,0.00066001197208152
8,14.574,84.878,2020-01-04 14:10:57+00:00,920.0,6.9177599999999995,34.93732,35.11141774967492,6.820226249353011,27.401596719747204,-0.006235999999999997,-0.00023392611641739335,0.0006822350608899797
8,14.574,84.878,2020-01-04 14:10:57+00:00,930.0,6.85456,34.93492,35.1090784785235,6.756505130051457,27.4084872334372,-0.0063199999999999255,-0.00023392711514205188,0.0006890513689995714
8,14.574,84.878,2020-01-04 14:10:57+00:00,940.0,6.79288,34.93268,35.106899995353906,6.69429801137803,27.415252252449363,-0.0061679999999999955,-0.00021784831695939033,0.0006765019012163975
8,14.574,84.878,2020-01-04 14:10:57+00:00,950.0,6.73728,34.93108,35.105364696070914,6.638121435180242,27.421662187502307,-0.005560000000000009,-0.00015352992829917867,0.0006409935052943183
8,14.574,84.878,2020-01-04 14:10:57+00:00,960.0,6.68168,34.929480000000005,35.10382939012975,6.581951979477195,27.42803565689769,-0.005560000000000009,-0.00015353059411680193,0.0006373469395384746
8,14.574,84.878,2020-01-04 14:10:57+00:00,970.0,6.629192307692308,34.92792307692308,35.10233736956018,6.528876411947026,27.43399307229879,-0.0052487692307692235,-0.0001492020569564545,0.0005957415401098842
8,14.574,84.878,2020-01-04 14:10:57+00:00,980.0,6.578038461538462,34.92638461538461,35.100863896277176,6.477130257289404,27.439755914488842,-0.0051153846153845885,-0.0001473473283006399,0.0005762842190051743
8,14.574,84.878,2020-01-04 14:10:57+00:00,990.0,6.526958333333333,34.924791666666664,35.099335657101456,6.42546445359326,27.445434908679317,-0.0051080128205128975,-0.0001528239175719648,0.000567899419047535
8,14.574,84.878,2020-01-04 14:10:57+00:00,1000.0,6.476541666666667,34.92270833333333,35.09731457486095,6.374470466337713,27.45060860863441,-0.005041666666666611,-0.00020210822405033468,0.000517369995509398
8,14.574,84.878,2020-01-04 14:10:57+00:00,1010.0,6.426125,34.920625,35.09529348395095,6.32348270709406,27.455751848884347,-0.0050416666666666995,-0.00020210909100057962,0.0005143240249935843
8,14.574,84.878,2020-01-04 14:10:57+00:00,1020.0,6.3807599999999995,34.9186,35.09332524746073,6.277509636907062,27.460249419535785,-0.004536500000000032,-0.0001968236490213826,0.00044975706514378545
8,14.574,84.878,2020-01-04 14:10:57+00:00,1030.0,6.33756,34.9166,35.09138212835467,6.233688272302334,27.464461440037667,-0.004319999999999968,-0.0001943119106066149,0.00042120205018818523
8,14.574,84.878,2020-01-04 14:10:57+00:00,1040.0,6.29308,34.9146,35.089439001585944,6.188602943543478,27.468815920207817,-0.0044480000000000075,-0.00019431267687224362,0.00043544801701500546
8,14.574,84.878,2020-01-04 14:10:57+00:00,1050.0,6.24348,34.9126,35.08749586715456,6.1384471048171845,27.473804128514757,-0.004959999999999987,-0.0001943134431385829,0.0004988208306940578
8,14.574,84.878,2020-01-04 14:10:57+00:00,1060.0,6.19388,34.910599999999995,35.08555272506051,6.088297371345077,27.47876271203677,-0.004959999999999987,-0.00019431420940492218,0.0004958583522011395
8,14.574,84.878,2020-01-04 14:10:57+00:00,1070.0,6.14428,34.9086,35.083609575303825,6.038153743306736,27.483691643287784,-0.004959999999999987,-0.00019431497566841928,0.0004928931251015455
8,14.574,84.878,2020-01-04 14:10:57+00:00,1080.0,6.09468,34.9066,35.08166641788447,5.988016220902888,27.488590894691015,-0.004959999999999987,-0.0001943157419354691,0.0004899251403230664
8,14.574,84.878,2020-01-04 14:10:57+00:00,1090.0,6.047,34.90476,35.07988405555399,5.939785258210775,27.493344760431455,-0.004768000000000061,-0.000178236233048068,0.0004753865740440233
8,14.574,84.878,2020-01-04 14:10:57+00:00,1100.0,6.007,34.90356,35.07874489840593,5.899161340813917,27.49761231545972,-0.0040000000000000036,-0.00011391571480601215,0.0004267555028263814
8,14.574,84.878,2020-01-04 14:10:57+00:00,1110.0,5.967,34.90236,35.07760573666028,5.858542068553745,27.501860346341118,-0.0040000000000000036,-0.00011391617456482094,0.0004248030881399245
8,14.574,84.878,2020-01-04 14:10:57+00:00,1120.0,5.922625,34.90083333333334,35.07614202468044,5.813597369578481,27.506379052195143,-0.004437499999999961,-0.00014637119798379671,0.0004518705854025029
8,14.574,84.878,2020-01-04 14:10:57+00:00,1130.0,5.876375,34.899166666666666,35.074538020976114,5.766802400322201,27.51099618707235,-0.004624999999999968,-0.00016040037043296707,0.0004617134877207718
8,14.574,84.878,2020-01-04 14:10:57+00:00,1140.0,5.831653846153847,34.89753846153847,35.07297266537636,5.721527019698632,27.515428761910925,-0.004472115384615361,-0.00015653555997516833,0.00044325748385745103
8,14.574,84.878,2020-01-04 14:10:57+00:00,1150.0,5.7905,34.896,35.07149749807285,5.6797893570623765,27.519468748487043,-0.004115384615384699,-0.0001475167303510716,0.0004039986576117371
8,14.574,84.878,2020-01-04 14:10:57+00:00,1160.0,5.749346153846154,34.894461538461535,35.07002232450649,5.6380564918741,27.523487961398587,-0.004115384615384609,-0.00014751735663622866,0.00040192129115439456
8,14.574,84.878,2020-01-04 14:10:57+00:00,1170.0,5.70704,34.89288,35.06850385093819,5.595187787174416,27.527593064572102,-0.004230615384615355,-0.00015184735682964855,0.000410510317351509
8,14.574,84.878,2020-01-04 14:10:57+00:00,1180.0,5.66424,34.89128,35.0669668164345,5.551835252604476,27.53172168656647,-0.004279999999999973,-0.0001537034503691359,0.00041286219943685863
8,14.574,84.878,2020-01-04 14:10:57+00:00,1190.0,5.6234399999999996,34.88968,35.06542977541743,5.510468267619003,27.53558550836783,-0.0040800000000000836,-0.0001537041017073193,0.00038638218013602453
8,14.574,84.878,2020-01-04 14:10:57+00:00,1200.0,5.59064,34.88808,35.063892727886994,5.477027381511744,27.538462891106747,-0.003279999999999994,-0.00015370475304337105,0.0002877382738915912
8,14.574,84.878,2020-01-04 14:10:57+00:00,1210.0,5.55784,34.886480000000006,35.0623556738432,5.443589975533555,27.54132675660867,-0.003279999999999994,-0.00015370540437942282,0.00028638655019221917
8,14.574,84.878,2020-01-04 14:10:57+00:00,1220.0,5.5244800000000005,34.885160000000006,35.06109401887398,5.4095977524756025,27.544461349623816,-0.0033359999999999167,-0.00012616549692197055,0.00031345930151474024
8,14.574,84.878,2020-01-04 14:10:57+00:00,1230.0,5.490880000000001,34.88396,35.05995039024353,5.375369863316613,27.547703752326925,-0.0033599999999999854,-0.00011436286304515875,0.0003242402703108382
8,14.574,84.878,2020-01-04 14:10:57+00:00,1240.0,5.45608,34.882760000000005,35.05880675731839,5.339957766287296,27.551075072098,-0.0034800000000000607,-0.00011436329251353072,0.0003371319771076742
8,14.574,84.878,2020-01-04 14:10:57+00:00,1250.0,5.41648,34.88156,35.05766312009857,5.29979853049865,27.5550012316603,-0.003960000000000008,-0.00011436372198261324,0.0003926159562297471
8,14.574,84.878,2020-01-04 14:10:57+00:00,1260.0,5.37688,34.88036,35.05651947858406,5.259643863349392,27.55890803697207,-0.003960000000000008,-0.00011436415145098522,0.0003906805311771677
8,14.574,84.878,2020-01-04 14:10:57+00:00,1270.0,5.343192307692307,34.87919230769231,35.055408303691465,5.225344261360178,27.56212459716562,-0.003368769230769253,-0.00011111748925927146,0.0003216560193550322
8,14.574,84.878,2020-01-04 14:10:57+00:00,1280.0,5.312038461538462,34.878038461538466,35.05431104075171,5.193555455965847,27.565040334795185,-0.003115384615384542,-0.00010972629397514311,0.0002915737629564319
8,14.574,84.878,2020-01-04 14:10:57+00:00,1290.0,5.280083333333333,34.87683333333334,35.05316223236143,5.160977764085721,27.567996995073145,-0.0031955128205129134,-0.00011488083902833068,0.00029566602779595996
8,14.574,84.878,2020-01-04 14:10:57+00:00,1300.0,5.240916666666667,34.875166666666665,35.05154954694296,5.121274839426553,27.571416092099525,-0.003916666666666568,-0.00016126854184719263,0.00034190970263807684
8,14.574,84.878,2020-01-04 14:10:57+00:00,1310.0,5.2017500000000005,34.8735,35.04993685555965,5.081576373887905,27.57481608212015,-0.003916666666666657,-0.0001612691383307663,0.00033999900206254096
8,14.574,84.878,2020-01-04 14:10:57+00:00,1320.0,5.166200000000001,34.87188,35.0483725023686,5.0454594189951205,27.57781667326458,-0.003554999999999975,-0.0001564353191049861,0.00030005911444277447
8,14.574,84.878,2020-01-04 14:10:57+00:00,1330.0,5.1322,34.87028,35.04682920533138,5.0108792543117655,27.58063929297691,-0.0034000000000000696,-0.00015432970372231125,0.00028226197123331075
8,14.574,84.878,2020-01-04 14:10:57+00:00,1340.0,5.09668,34.86876,35.04536630753837,4.974798243550435,27.583685406784753,-0.0035519999999999996,-0.00014628977930044584,0.0003046113807840811
8,14.574,84.878,2020-01-04 14:10:57+00:00,1350.0,5.05508,34.86756,35.044225025454324,4.932703635271331,27.587665183002855,-0.004159999999999986,-0.00011412820840490667,0.0003979776218102415
8,14.574,84.878,2020-01-04 14:10:57+00:00,1360.0,5.01348,34.86636,35.043083738910255,4.890613908403933,27.591623539569127,-0.004159999999999986,-0.00011412865440689757,0.0003958356566272414
8,14.574,84.878,2020-01-04 14:10:57+00:00,1370.0,4.976920000000001,34.86488,35.04166102817698,4.8535166111694235,27.594766635008455,-0.0036559999999999705,-0.0001422710733272936,0.00031430954393272257
8,14.574,84.878,2020-01-04 14:10:57+00:00,1380.0,4.94252,34.86328,35.040117703264656,4.8185607193607325,27.597553583503895,-0.0034400000000000654,-0.00015433249123262272,0.0002786948495440811
8,14.574,84.878,2020-01-04 14:10:57+00:00,1390.0,4.90812,34.861760000000004,35.03865477833989,4.7836074479151405,27.60038905990973,-0.0034399999999999765,-0.00014629249247661847,0.0002835476405834925
8,14.574,84.878,2020-01-04 14:10:57+00:00,1400.0,4.87372,34.86056,35.037513472097416,4.74865354887648,27.60346360189442,-0.0034400000000000654,-0.00011413062424736609,0.000307454198468804
8,14.574,84.878,2020-01-04 14:10:57+00:00,1410.0,4.83932,34.85936,35.03637216139494,4.713703381261127,27.606523227719208,-0.0034399999999999765,-0.0001141310702479359,0.00030596258247896915
8,14.574,84.878,2020-01-04 14:10:57+00:00,1420.0,4.801,34.85788,35.03495018376043,4.674886016657837,27.609782665834018,-0.0038319999999999687,-0.00014219776345072432,0.00032594381148101095
8,14.574,84.878,2020-01-04 14:10:57+00:00,1430.0,4.761,34.85628,35.03340873049808,4.634414131503585,27.613115501468428,-0.0040000000000000036,-0.00015414532623481136,0.0003332835634410003
8,14.574,84.878,2020-01-04 14:10:57+00:00,1440.0,4.71996,34.854679999999995,35.031867271114656,4.5929190198630465,27.616543046658308,-0.004103999999999974,-0.00015414593834250923,0.0003427545189879311
8,14.574,84.878,2020-01-04 14:10:57+00:00,1450.0,4.67476,34.85308,35.03032580561017,4.5473177419662525,27.62040638909866,-0.004520000000000035,-0.000154146550448786,0.00038633424403542447
8,14.574,84.878,2020-01-04 14:10:57+00:00,1460.0,4.62956,34.85148,35.028784333984596,4.5017218888942265,27.62424431261161,-0.004520000000000035,-0.00015414716255719442,0.00038379235129468723
8,14.574,84.878,2020-01-04 14:10:57+00:00,1470.0,4.58268,34.84988,35.02724285623794,4.454471556599166,27.62823942544378,-0.004687999999999981,-0.0001541477746656028,0.00039951128321717987
8,14.574,84.878,2020-01-04 14:10:57+00:00,1480.0,4.53508,34.84828,35.02570137237021,4.40651559574175,27.632285070043736,-0.004760000000000009,-0.00015414838677330067,0.0004045644599955267
8,14.574,84.878,2020-01-04 14:10:57+00:00,1490.0,4.48684,34.8466,35.02407947492822,4.3579342676914985,27.6363077898568,-0.004823999999999984,-0.0001621897441985709,0.00040227198130651234
8,14.574,84.878,2020-01-04 14:10:57+00:00,1500.0,4.43604,34.8446,35.022135940634264,4.306834307835677,27.640320946945394,-0.005079999999999973,-0.00019435342939573276,0.0004013157088593289
8,14.574,84.878,2020-01-04 14:10:57+00:00,1510.0,4.3852400000000005,34.8426,35.02019239868896,4.25574065428671,27.64430198708874,-0.005079999999999973,-0.00019435419453017744,0.00039810401433442165
8,14.574,84.878,2020-01-04 14:10:57+00:00,1520.0,4.33108,34.84032,35.01795987522175,4.201338626442599,27.648377351188174,-0.005416000000000043,-0.00022325234672138095,0.00040753640994353193
8,14.574,84.878,2020-01-04 14:10:57+00:00,1530.0,4.27548,34.83792,35.01558912543875,4.145523154086539,27.652458029155696,-0.005560000000000009,-0.000237074978299745,0.0004080677967522206
8,14.574,84.878,2020-01-04 14:10:57+00:00,1540.0,4.22188,34.8356,35.0132987780251,4.0916886282056435,27.65635516180896,-0.005360000000000031,-0.00022903474136484192,0.00038971326532646346
8,14.574,84.878,2020-01-04 14:10:57+00:00,1550.0,4.17628,34.833600000000004,35.011330057808834,4.045755739481537,27.65964098838481,-0.004559999999999942,-0.00019687202162685936,0.000328582657584775
8,14.574,84.878,2020-01-04 14:10:57+00:00,1560.0,4.13068,34.8316,35.00936133282912,3.9998283062488618,27.662900598228816,-0.004560000000000031,-0.0001968724979711567,0.00032596098440080824
8,14.574,84.878,2020-01-04 14:10:57+00:00,1570.0,4.08536,34.82988,35.007674032385445,3.954179181330699,27.6663280882633,-0.004532000000000025,-0.00016873004436774864,0.00034274900344826164
8,14.574,84.878,2020-01-04 14:10:57+00:00,1580.0,4.040159999999999,34.82828,35.006107340545014,3.908652425876743,27.669812968121505,-0.004520000000000035,-0.00015666918404306785,0.00034848798582061137
8,14.574,84.878,2020-01-04 14:10:57+00:00,1590.0,3.9948461538461535,34.82661538461538,35.004475699516995,3.863019544891952,27.673232218489375,-0.004531384615384581,-0.00016316410280197146,0.0003419250367869608
8,14.574,84.878,2020-01-04 14:10:57+00:00,1600.0,3.9490769230769227,34.82469230769231,35.00258427270915,3.8169459130077925,27.67646574185278,-0.004576923076923078,-0.00018914268078447095,0.0003233523363405766
8,14.574,84.878,2020-01-04 14:10:57+00:00,1610.0,3.903307692307692,34.82276923076923,35.00069284132107,3.7708777740349904,27.679672758484458,-0.004576923076923078,-0.00018914313880813438,0.00032070166316771064
8,14.574,84.878,2020-01-04 14:10:57+00:00,1620.0,3.8605,34.821,34.99895603775202,3.727735661391031,27.682679826139065,-0.004280769230769188,-0.00017368035690452644,0.0003007067654607454
8,14.574,84.878,2020-01-04 14:10:57+00:00,1630.0,3.8196666666666665,34.81933333333333,34.99732231835748,3.686545439647504,27.685548966036094,-0.00408333333333335,-0.00016337193945403783,0.0002869139897029527
8,14.574,84.878,2020-01-04 14:10:57+00:00,1640.0,3.779,34.817679999999996,34.995701996499776,3.645524205285998,27.68839096371903,-0.004066666666666663,-0.00016203218577075517,0.0002841997682935471
8,14.574,84.878,2020-01-04 14:10:57+00:00,1650.0,3.739,34.81608,34.99413527679326,3.605164704579703,27.691188704219712,-0.0040000000000000036,-0.00015667197065170058,0.00027977405006822663
8,14.574,84.878,2020-01-04 14:10:57+00:00,1660.0,3.699,34.81448,34.99256855327599,3.5648097868580035,27.693965980478424,-0.0040000000000000036,-0.00015667235172713844,0.0002777276258711936
8,14.574,84.878,2020-01-04 14:10:57+00:00,1670.0,3.6480799999999998,34.81232,34.9904389606802,3.5136948690187277,27.697340095864092,-0.005092000000000008,-0.0002129592595785823,0.00033741153856681194
8,14.574,84.878,2020-01-04 14:10:57+00:00,1680.0,3.59248,34.80992,34.9880681346822,3.4579732693888396,27.700942540191136,-0.005559999999999965,-0.0002370825997999759,0.0003602444327043486
8,14.574,84.878,2020-01-04 14:10:57+00:00,1690.0,3.53968,34.80768,34.98585812199708,3.4050182490825502,27.70436471743028,-0.005279999999999996,-0.00022100126851185565,0.00034221772391447304
8,14.574,84.878,2020-01-04 14:10:57+00:00,1700.0,3.49808,34.80608,34.98429138085509,3.3631069326962004,27.707193124881314,-0.00416000000000003,-0.00015667411419926225,0.0002828407451033854
8,14.574,84.878,2020-01-04 14:10:57+00:00,1710.0,3.45648,34.804480000000005,34.98272463590235,3.3212004604618994,27.709999353828152,-0.004159999999999986,-0.00015667449527398958,0.0002806228946838019
8,14.574,84.878,2020-01-04 14:10:57+00:00,1720.0,3.41684,34.80288,34.98115788713885,3.2812313605624657,27.712598188966695,-0.00396399999999999,-0.000156674876350138,0.00025988351385421995
8,14.574,84.878,2020-01-04 14:10:57+00:00,1730.0,3.37804,34.80128,34.97959113456459,3.242094944568554,27.715097811766327,-0.0038800000000000167,-0.00015667525742557586,0.00024996227996325614
8,14.574,84.878,2020-01-04 14:10:57+00:00,1740.0,3.34044,34.799679999999995,34.97802437817959,3.2041459047682483,27.717465744779474,-0.0037599999999999856,-0.0001566756385003032,0.00023679330131471944
8,14.574,84.878,2020-01-04 14:10:57+00:00,1750.0,3.30764,34.79808,34.976457617983854,3.17093262678912,27.71936843974322,-0.003279999999999994,-0.00015667601957360943,0.00019026949637463987
8,14.574,84.878,2020-01-04 14:10:57+00:00,1760.0,3.27484,34.79648,34.974890853977364,3.1377227779830457,27.721257035989993,-0.003279999999999994,-0.00015667640064904732,0.00018885962467720673
8,14.574,84.878,2020-01-04 14:10:57+00:00,1770.0,3.242541666666667,34.795125,34.97357034263235,3.105007880370879,27.723280800114708,-0.003229833333333332,-0.0001320511345014097,0.0002023764124714944
8,14.574,84.878,2020-01-04 14:10:57+00:00,1780.0,3.2104583333333334,34.793875,34.97234626159586,3.0725070914819534,27.725347741661153,-0.0032083333333333464,-0.00012240810364900768,0.00020669415464453779
8,14.574,84.878,2020-01-04 14:10:57+00:00,1790.0,3.1801538461538463,34.79265384615385,34.971150160740436,3.0417622303449714,27.727260625781128,-0.003030448717948708,-0.00011961008554237652,0.00019128841199744784
8,14.574,84.878,2020-01-04 14:10:57+00:00,1800.0,3.154,34.7915,34.970021710747375,3.0151094598407937,27.728836725535075,-0.002615384615384642,-0.00011284499930610536,0.00015760997539473464
8,14.574,84.878,2020-01-04 14:10:57+00:00,1810.0,3.127846153846154,34.79034615384615,34.96889325867717,2.9884590959833033,27.730403712810812,-0.002615384615384597,-0.0001128452070204844,0.00015669872757371195
8,14.574,84.878,2020-01-04 14:10:57+00:00,1820.0,3.10404,34.78944,34.96801376823909,2.9641211579231976,27.73194682878875,-0.0023806153846154033,-8.794904380806656e-05,0.0001543115977938214
8,14.574,84.878,2020-01-04 14:10:57+00:00,1830.0,3.08124,34.78864,34.96724097499785,2.940775204268334,27.733476323481682,-0.002279999999999971,-7.727932412393557e-05,0.0001529494692931621
8,14.574,84.878,2020-01-04 14:10:57+00:00,1840.0,3.05836,34.78776,34.96638776953341,2.91735328532927,27.73494212995911,-0.0022880000000000235,-8.532054644376786e-05,0.00014658064774266676
8,14.574,84.878,2020-01-04 14:10:57+00:00,1850.0,3.03516,34.786559999999994,34.96521291906465,2.8936218361920165,27.736173944776738,-0.002320000000000011,-0.00011748504687645323,0.0001231814817629129
8,14.574,84.878,2020-01-04 14:10:57+00:00,1860.0,3.0119599999999997,34.78536,34.96403806643565,2.869892331427699,27.737398485260428,-0.002320000000000011,-0.000117485262899919,0.00012245404836903618
8,14.574,84.878,2020-01-04 14:10:57+00:00,1870.0,2.98764,34.78416,34.962863211646415,2.845061779559256,27.738715519524476,-0.0024319999999999897,-0.00011748547892338479,0.00013170342640478339
8,14.574,84.878,2020-01-04 14:10:57+00:00,1880.0,2.96284,34.782959999999996,34.96168835469696,2.819760668190843,27.740067194809626,-0.0024799999999999935,-0.00011748569494542948,0.00013516752851501225
8,14.574,84.878,2020-01-04 14:10:57+00:00,1890.0,2.9382800000000002,34.781839999999995,34.960593906730324,2.794697129216277,27.741453310090947,-0.0024559999999999695,-0.00010944479666363804,0.0001386115281320599
8,14.574,84.878,2020-01-04 14:10:57+00:00,1900.0,2.91468,34.78104,34.9598211016078,2.7705772177181616,27.74300247042015,-0.0023600000000000066,-7.728051225228683e-05,0.0001549160329204824
8,14.574,84.878,2020-01-04 14:10:57+00:00,1910.0,2.89108,34.78024,34.959048295045136,2.7464593199447744,27.744544154242703,-0.0023600000000000066,-7.728065626650959e-05,0.00015416838225519315
8,14.574,84.878,2020-01-04 14:10:57+00:00,1920.0,2.8680399999999997,34.779160000000005,34.95799404728547,2.7228979613463635,27.74580550585597,-0.0023040000000000395,-0.00010542477596686695,0.00012613516132660153
8,14.574,84.878,2020-01-04 14:10:57+00:00,1930.0,2.84524,34.77796,34.956819180434934,2.6995761524915123,27.74694279786945,-0.002279999999999971,-0.00011748668505333626,0.00011372920134817832
8,14.574,84.878,2020-01-04 14:10:57+00:00,1940.0,2.82292,34.77684,34.955724722927286,2.6767277444365316,27.748095251235554,-0.0022320000000000118,-0.00010944575076479168,0.00011524533661031456
8,14.574,84.878,2020-01-04 14:10:57+00:00,1950.0,2.80252,34.77604,34.95495190970389,2.6557671047087874,27.74933036907578,-0.0020399999999999975,-7.728132233992824e-05,0.00012351178402241202
8,14.574,84.878,2020-01-04 14:10:57+00:00,1960.0,2.78212,34.77524,34.95417909504033,2.6348079829500706,27.75055981146943,-0.0020399999999999975,-7.728146635557209e-05,0.00012294423936509702
8,14.574,84.878,2020-01-04 14:10:57+00:00,1970.0,2.761066666666667,34.77453333333333,34.95350009260895,2.6132063915539177,27.7519145074466,-0.0021053333333333145,-6.79002431382969e-05,0.0001354695977170195
9,16.816666666666666,85.4,2020-01-05 01:06:00+00:00,10.0,26.75114814814815,33.5,33.658313076076105,26.81174825138209,21.66965865131192,,,
9,16.816666666666666,85.4,2020-01-05 01:06:00+00:00,20.0,26.817446601941747,33.564776699029125,33.723408206818846,26.873441060157294,21.698166050924442,0.006629845379359622,0.006509513074274054,0.002850739961252202
9,16.816666666666666,85.4,2020-01-05 01:06:00+00:00,30.0,26.861038834951454,33.64031067961165,33.799355090037565,26.911898434203515,21.74196551960631,0.004359223300970783,0.007594688321871957,0.004379946868186835
9,16.816666666666666,85.4,2020-01-05 01:06:00+00:00,40.0,26.82325,33.644625000000005,33.80376765696644,26.871520729173128,21.75796593450241,-0.00377888349514528,0.00044125669288774816,0.0016000414896097936
9,16.816666666666666,85.4,2020-01-05 01:06:00+00:00,50.0,26.81924761904762,33.66902857142857,33.82850882752782,26.86424247571873,21.77848827847049,-0.0004002380952382367,0.0024741170561377148,0.002052234396808217
9,16.816666666666666,85.4,2020-01-05 01:06:00+00:00,60.0,26.4184623655914,34.13421505376344,34.29607431846018,26.441586867144196,22.25603550501728,-0.04007852534562204,0.04675654909323583,0.04775472265467897
9,16.816666666666666,85.4,2020-01-05 01:06:00+00:00,70.0,25.070176470588237,34.75682352941176,34.921813868589524,25.06420145157205,23.14354120344285,-0.1348285895003162,0.06257395501293458,0.08875056984255707
9,16.816666666666666,85.4,2020-01-05 01:06:00+00:00,80.0,23.313903846153845,34.8381923076923,35.00378413507189,23.30029843126269,23.728547736231576,-0.17562726244343912,0.008197026648236516,0.05850065327887251
9,16.816666666666666,85.4,2020-01-05 01:06:00+00:00,90.0,21.66545652173913,34.83823913043478,35.00410049184765,21.648055339815254,24.197471316018664,-0.16484473244147146,3.163567757624719e-05,0.04689235797870879
9,16.816666666666666,85.4,2020-01-05 01:06:00+00:00,100.0,20.4025,34.835,35.00111522667511,20.382272215870515,24.53921276769688,-0.1262956521739131,-0.0002985265172540608,0.03417414516782173
9,16.816666666666666,85.4,2020-01-05 01:06:00+00:00,110.0,19.456924528301887,34.851849056603776,35.01830184106953,19.433788556684895,24.801111103665562,-0.09455754716981132,0.0017186614394418599,0.026189833596868085
9,16.816666666666666,85.4,2020-01-05 01:06:00+00:00,120.0,18.524020408163263,34.87477551020408,35.04159381462469,18.498101659653067,25.056826231190144,-0.09329041201386232,0.002329197355516044,0.02557151275245815
9,16.816666666666666,85.4,2020-01-05 01:06:00+00:00,130.0,17.55046391752577,34.89843298969072,35.06560833675118,17.522058773429855,25.315392979210174,-0.09735564906374919,0.0024014522126492464,0.025856674802003
9,16.816666666666666,85.4,2020-01-05 01:06:00+00:00,140.0,16.67869230769231,34.92130769230769,35.088818171235985,16.648132088205863,25.541185616206803,-0.08717716098334627,0.002320983448480263,0.02257926369966299
9,16.816666666666666,85.4,2020-01-05 01:06:00+00:00,150.0,15.8444,34.9448,35.11264887280453,15.811939602146087,25.75216110254337,-0.08342923076923085,0.002383070156854217,0.021097548633656517
9,16.816666666666666,85.4,2020-01-05 01:06:00+00:00,160.0,15.08341237113402,34.967278350515464,35.135401674094666,15.049300358726915,25.939904437969744,-0.07609876288659798,0.002275280129013879,0.018774333542637578
9,16.816666666666666,85.4,2020-01-05 01:06:00+00:00,170.0,14.56177551020408,34.982897959183674,35.15125633838341,14.526196242695141,26.065825099001586,-0.052163686092993974,0.0015854664288745823,0.012592066103184151
9,16.816666666666666,85.4,2020-01-05 01:06:00+00:00,180.0,14.245330097087377,34.99091262135922,35.15946091651371,14.208383401803731,26.14001645331291,-0.03164454131167034,0.0008204578130296625,0.007419135431132417
9,16.816666666666666,85.4,2020-01-05 01:06:00+00:00,190.0,13.965836538461538,34.997615384615386,35.166334365237304,13.927576261364708,26.204506022062333,-0.027949355862583937,0.0006873448723595743,0.006448956874942268
9,16.816666666666666,85.4,2020-01-05 01:06:00+00:00,200.0,13.649820809248554,35.00871098265896,35.17762189642107,13.61024670279481,26.27919372668225,-0.03160157292129835,0.0011287531183768352,0.00746877046199188
9,16.816666666666666,85.4,2020-01-05 01:06:00+00:00,210.0,13.32149710982659,35.024317919075145,35.19339308565786,13.280592233380627,26.35888816615693,-0.032832369942196495,0.001577118923678711,0.00796944394746788
9,16.816666666666666,85.4,2020-01-05 01:06:00+00:00,220.0,13.097112903225806,35.03323387096774,35.202428661590616,13.054940263948314,26.41150916078459,-0.02243842066007833,0.0009035575932756501,0.0052620994627659455
9,16.816666666666666,85.4,2020-01-05 01:06:00+00:00,230.0,12.917274193548387,35.03928225806452,35.208582856389455,12.873866949831339,26.452548824039923,-0.01798387096774192,0.000615419479883883,0.004103966325533293
9,16.816666666666666,85.4,2020-01-05 01:06:00+00:00,240.0,12.740704280155642,35.04417120622568,35.2135720340579,12.696114842987118,26.491727509939892,-0.01765699133927452,0.0004989177668441869,0.0039178685899969425
9,16.816666666666666,85.4,2020-01-05 01:06:00+00:00,250.0,12.57572373540856,35.04494941634241,35.21443061507896,12.530052621873985,26.525139785521333,-0.01649805447470811,8.585810210632871e-05,0.0033412275581440553
9,16.816666666666666,85.4,2020-01-05 01:06:00+00:00,260.0,12.410743190661478,35.04572762645914,35.215284264822664,12.364017513876263,26.55827682053723,-0.01649805447470829,8.536497437034995e-05,0.003313703501589771
9,16.816666666666666,85.4,2020-01-05 01:06:00+00:00,270.0,12.252448979591836,35.046795918367344,35.21642816988729,12.204675459851236,26.590076441176052,-0.01582942110696415,0.00011439050646231408,0.003179962063882158
9,16.816666666666666,85.4,2020-01-05 01:06:00+00:00,280.0,12.097755102040816,35.04802040816327,35.217729033471585,12.04894831671528,26.621057088330417,-0.015469387755102027,0.00013008635842979289,0.0030980647154365214
9,16.816666666666666,85.4,2020-01-05 01:06:00+00:00,290.0,11.946690763052208,35.049321285140564,35.219106659193336,11.89686599028378,26.651167248904585,-0.015106433898860771,0.00013776257217514853,0.0030110160574167823
9,16.816666666666666,85.4,2020-01-05 01:06:00+00:00,300.0,11.810144578313253,35.050927710843375,35.22079131961868,11.759285220175656,26.678549120982325,-0.013654618473895574,0.0001684660425340212,0.00273818720777399
9,16.816666666666666,85.4,2020-01-05 01:06:00+00:00,310.0,11.673598393574297,35.052534136546186,35.22248997560172,11.621726038131039,26.705752697336266,-0.013654618473895574,0.00016986559830414193,0.002720357635394066
9,16.816666666666666,85.4,2020-01-05 01:06:00+00:00,320.0,11.546548780487806,35.05357723577236,35.22362857565131,11.493672551339102,26.730568834496353,-0.012704961308649131,0.00011386000495932081,0.002481613716008724
9,16.816666666666666,85.4,2020-01-05 01:06:00+00:00,330.0,11.423378048780487,35.05439024390244,35.22453597317967,11.369512321731989,26.754324846293002,-0.012317073170731874,9.073975283584446e-05,0.0023756011796649545
9,16.816666666666666,85.4,2020-01-05 01:06:00+00:00,340.0,11.305212598425197,35.05509842519685,35.225338038992554,11.250364873234238,26.776925570686217,-0.011816545035529025,8.020658128842229e-05,0.002260072439321448
9,16.816666666666666,85.4,2020-01-05 01:06:00+00:00,350.0,11.202062992125985,35.05549212598425,35.225824099915926,11.146215111519478,26.796400408721183,-0.010314960629921188,4.860609233716673e-05,0.0019474838034966523
9,16.816666666666666,85.4,2020-01-05 01:06:00+00:00,360.0,11.098913385826773,35.05588582677165,35.22631190376343,11.042080726148987,26.815765938418508,-0.010314960629921188,4.878038475055746e-05,0.0019365529697324747
9,16.816666666666666,85.4,2020-01-05 01:06:00+00:00,370.0,11.017363636363637,35.05571936758893,35.226237571083814,10.959507599904635,26.83068923999417,-0.008154974946313587,-7.433267961687307e-06,0.0014923301575663571
9,16.816666666666666,85.4,2020-01-05 01:06:00+00:00,380.0,10.944636363636363,35.05532411067193,35.22593332626169,10.88574569367741,26.843778850338595,-0.007272727272727408,-3.042448221250993e-05,0.0013089610344422908
9,16.816666666666666,85.4,2020-01-05 01:06:00+00:00,390.0,10.872516129032258,35.05478225806451,35.22548176980467,10.812601866888167,26.85658914338842,-0.007212023460410499,-4.5155645702266155e-05,0.0012810293049824394
9,16.816666666666666,85.4,2020-01-05 01:06:00+00:00,400.0,10.80316129032258,35.05357258064516,35.22435913191457,10.742237711049574,26.86833043506863,-0.006935483870967829,-0.00011226378900985878,0.0011741291680209542
9,16.816666666666666,85.4,2020-01-05 01:06:00+00:00,410.0,10.733806451612903,35.052362903225806,35.22322379173305,10.671883141923695,26.880010018246594,-0.006935483870967651,-0.00011353401815199504,0.0011679583177965469
9,16.816666666666666,85.4,2020-01-05 01:06:00+00:00,420.0,10.671674698795181,35.05171887550201,35.22264839047086,10.608725051833872,26.890794871473645,-0.006213175281772188,-5.754012621892457e-05,0.0010784853227050917
9,16.816666666666666,85.4,2020-01-05 01:06:00+00:00,430.0,10.612638554216868,35.05131726907631,35.222316590532024,10.54865510271588,26.901181340371295,-0.005903614457831274,-3.317999388343651e-05,0.0010386468897650048
9,16.816666666666666,85.4,2020-01-05 01:06:00+00:00,440.0,10.55006324110672,35.050916996047434,35.22198612885328,10.485066462925717,26.9121524437046,-0.00625753131101483,-3.3046167874317686e-05,0.00109711033333042
9,16.816666666666666,85.4,2020-01-05 01:06:00+00:00,450.0,10.47417391304348,35.05052173913043,35.22166070613919,10.408221055405876,26.92541318609551,-0.007588932806324067,-3.2542271409141676e-05,0.0013260742390912128
9,16.816666666666666,85.4,2020-01-05 01:06:00+00:00,460.0,10.398284584980237,35.050126482213436,35.22133528180659,10.331386201111014,26.938612127252554,-0.007588932806324245,-3.254243326011874e-05,0.001319894115704301
9,16.816666666666666,85.4,2020-01-05 01:06:00+00:00,470.0,10.326,35.05,35.221279943988876,10.258147508569552,26.951334481056847,-0.0072284584980236485,-5.5337817713052574e-06,0.0012722353804292652
9,16.816666666666666,85.4,2020-01-05 01:06:00+00:00,480.0,10.255411764705883,35.05,35.221351706210285,10.186606026361313,26.9638066559628,-0.00705882352941174,7.176222140969912e-06,0.0012472174905951761
9,16.816666666666666,85.4,2020-01-05 01:06:00+00:00,490.0,10.187390756302522,35.04994537815126,35.22136857943695,10.11763225649766,26.97574140357665,-0.006802100840336145,1.6873226662994511e-06,0.0011934747613850049
9,16.816666666666666,85.4,2020-01-05 01:06:00+00:00,500.0,10.136550420168067,35.049525210084035,35.22101811764992,10.065785133833407,26.984399759578764,-0.005084033613445449,-3.504617870291327e-05,0.0008658356002115397
9,16.816666666666666,85.4,2020-01-05 01:06:00+00:00,510.0,10.085710084033614,35.049105042016805,35.22067119730974,10.013944398107292,26.993032221355406,-0.005084033613445271,-3.469203401778032e-05,0.0008632461776642231
9,16.816666666666666,85.4,2020-01-05 01:06:00+00:00,520.0,10.021904382470119,35.0478047808765,35.21944341516073,9.949216796021686,27.00315681723646,-0.006380570156349563,-0.00012277821490087605,0.0010124595881052302
9,16.816666666666666,85.4,2020-01-05 01:06:00+00:00,530.0,9.953776892430279,35.04621115537849,35.21792082545884,9.880200197175778,27.013739327550866,-0.006812749003984031,-0.00015225897018922296,0.0010582510314407045
9,16.816666666666666,85.4,2020-01-05 01:06:00+00:00,540.0,9.88603187250996,35.04480876494024,35.21659040103717,9.811569812855282,27.024355860713058,-0.006774501992031823,-0.0001330424421666976,0.0010616533162192353
9,16.816666666666666,85.4,2020-01-05 01:06:00+00:00,550.0,9.819498007968127,35.044011952191234,35.215868517760704,9.744142674178425,27.0351919887637,-0.006653386454183341,-7.218832764692707e-05,0.001083612805064149
9,16.816666666666666,85.4,2020-01-05 01:06:00+00:00,560.0,9.752964143426295,35.04321513944223,35.21514663089921,9.676724482311634,27.04597959487569,-0.006653386454183163,-7.218868614913276e-05,0.0010787606111989589
9,16.816666666666666,85.4,2020-01-05 01:06:00+00:00,570.0,9.691492,35.042124,35.21412896905097,9.614358895370906,27.055645690821166,-0.0061472143426295036,-0.00010176618482446998,0.0009666095945476627
9,16.816666666666666,85.4,2020-01-05 01:06:00+00:00,580.0,9.631892,35.040924,35.21300190714656,9.553866693018396,27.064874289846557,-0.005959999999999965,-0.00011270619044054798,0.0009228599025391304
9,16.816666666666666,85.4,2020-01-05 01:06:00+00:00,590.0,9.569770161290323,35.039721774193545,35.21187260310123,9.490872626903869,27.074478405907485,-0.006212183870967713,-0.00011293040453352887,0.0009604116060927481
9,16.816666666666666,85.4,2020-01-05 01:06:00+00:00,600.0,9.49920564516129,35.03851209677419,35.210735805407225,9.419485632495109,27.085422895072497,-0.007056451612903381,-0.00011367976940022118,0.0010944489165012783
9,16.816666666666666,85.4,2020-01-05 01:06:00+00:00,610.0,9.428641129032258,35.03730241935484,35.20960202019052,9.348108136774107,27.09631491910045,-0.007056451612903203,-0.00011337852167017103,0.0010892024027953084
9,16.816666666666666,85.4,2020-01-05 01:06:00+00:00,620.0,9.355721115537849,35.03520717131474,35.20758282835657,9.274412941657605,27.10684633263486,-0.007292001349440902,-0.00020191918339520498,0.0010531413534408784
9,16.816666666666666,85.4,2020-01-05 01:06:00+00:00,630.0,9.28201593625498,35.032816733067726,35.205266982902394,9.19995186498781,27.117215118402555,-0.007370517928286802,-0.0002315845454177179,0.0010368785767695954
9,16.816666666666666,85.4,2020-01-05 01:06:00+00:00,640.0,9.208952380952383,35.03061904761905,35.20314482776938,9.126135406701751,27.12757101598868,-0.0073063555302598,-0.0002122155133015724,0.001035589758612332
9,16.816666666666666,85.4,2020-01-05 01:06:00+00:00,650.0,9.137920634920636,35.02903174603175,35.20163605330815,9.054338632346582,27.138019371148175,-0.0071031746031746225,-0.00015087744612287679,0.0010448355159496715
9,16.816666666666666,85.4,2020-01-05 01:06:00+00:00,660.0,9.06688888888889,35.02744444444445,35.200127271021714,8.982551441547688,27.14841172544493,-0.0071031746031746225,-0.00015087822864359168,0.0010392354296755002
9,16.816666666666666,85.4,2020-01-05 01:06:00+00:00,670.0,8.993857142857143,35.025285714285715,35.198044233827595,8.90879513697194,27.15861842110735,-0.007303174603174689,-0.00020830371941187308,0.0010206695662418497
9,16.816666666666666,85.4,2020-01-05 01:06:00+00:00,680.0,8.920047619047619,35.02290476190476,35.195737867133566,8.834279208296262,27.168714610928646,-0.007380952380952444,-0.00023063666940288386,0.001009618982129723
9,16.816666666666666,85.4,2020-01-05 01:06:00+00:00,690.0,8.845400000000001,35.0206,35.193508055355,8.75893847644739,27.178941644678616,-0.007464761904761729,-0.00022298117785695125,0.001022703374997036
9,16.816666666666666,85.4,2020-01-05 01:06:00+00:00,700.0,8.7674,35.0186,35.19158449957852,8.680269236391336,27.189870438925027,-0.007800000000000118,-0.00019235557764787358,0.001092879424641069
9,16.816666666666666,85.4,2020-01-05 01:06:00+00:00,710.0,8.689400000000001,35.0166,35.18965906176606,8.601610720292832,27.20073001276819,-0.007799999999999941,-0.0001925437812460018,0.0010859573843163162
9,16.816666666666666,85.4,2020-01-05 01:06:00+00:00,720.0,8.62017670682731,35.014594377510036,35.1877235958558,8.531687971856293,27.21015384616703,-0.0069223293172690605,-0.00019354659102575056,0.0009423833398841452
9,16.816666666666666,85.4,2020-01-05 01:06:00+00:00,730.0,8.554714859437752,35.01258634538153,35.185785699214456,8.46551343799729,27.218941582460275,-0.006546184738955851,-0.0001937896641344139,0.0008787736293243142
9,16.816666666666666,85.4,2020-01-05 01:06:00+00:00,740.0,8.490842105263157,35.010744939271255,35.18401524404999,8.400924064503748,27.22756755573573,-0.00638727541745947,-0.00017704551644683874,0.0008625973275457
9,16.816666666666666,85.4,2020-01-05 01:06:00+00:00,750.0,8.432947368421052,35.00953036437247,35.18287471533459,8.342273426516474,27.235725074772972,-0.005789473684210478,-0.00011405287153962718,0.000815751903724049
9,16.816666666666666,85.4,2020-01-05 01:06:00+00:00,760.0,8.375052631578948,35.008315789473684,35.181734181064385,8.28363028802902,27.243844505355128,-0.005789473684210478,-0.00011405342702062172,0.0008119430582155474
9,16.816666666666666,85.4,2020-01-05 01:06:00+00:00,770.0,8.309785714285715,35.006238095238096,35.17972624435138,8.2176839121475,27.25236614153846,-0.006526691729323275,-0.00020079367130065862,0.0008521636183331793
9,16.816666666666666,85.4,2020-01-05 01:06:00+00:00,780.0,8.241928571428572,35.00385714285714,35.17741353637389,8.149177671199048,27.26099203532931,-0.006785714285714306,-0.00023127079774880598,0.0008625893790849659
9,16.816666666666666,85.4,2020-01-05 01:06:00+00:00,790.0,8.17389156626506,35.00155823293173,35.175183266933914,8.080500290675227,27.269657016484416,-0.006803700516351085,-0.00022302694399769507,0.0008664981155106944
9,16.816666666666666,85.4,2020-01-05 01:06:00+00:00,800.0,8.10521686746988,34.99955020080321,35.17324530833975,8.011193443339494,27.278593102857485,-0.00686746987951814,-0.0001937958594162126,0.0008936086373068974
9,16.816666666666666,85.4,2020-01-05 01:06:00+00:00,810.0,8.0365421686747,34.9975421686747,35.17130660982322,7.941895770380679,27.287475025190588,-0.006867469879517962,-0.0001938698516532611,0.0008881922333102921
9,16.816666666666666,85.4,2020-01-05 01:06:00+00:00,820.0,7.974141129032259,34.99552822580645,35.16935903932006,7.878838904901579,27.295368602498,-0.006240103964244082,-0.00019475705031624102,0.0007893577307413579
9,16.816666666666666,85.4,2020-01-05 01:06:00+00:00,830.0,7.914060483870968,34.99351209677419,35.16740926299875,7.818094822446059,27.30287417937734,-0.006008064516129075,-0.00019497763213038866,0.000750557687933906
9,16.816666666666666,85.4,2020-01-05 01:06:00+00:00,840.0,7.856647058823529,34.99160784313725,35.165571909472106,7.760005483899013,27.310035180692694,-0.00574134250474394,-0.0001837353526646268,0.0007161001315353132
9,16.816666666666666,85.4,2020-01-05 01:06:00+00:00,850.0,7.807235294117647,34.990039215686274,35.164071843149586,7.709863825181009,27.3162537005378,-0.004941176470588182,-0.00015000663225208654,0.000621851984510613
9,16.816666666666666,85.4,2020-01-05 01:06:00+00:00,860.0,7.757823529411765,34.988470588235295,35.162571769980545,7.65972826552637,27.322443760719807,-0.004941176470588182,-0.0001500073169040661,0.0006190060182007073
9,16.816666666666666,85.4,2020-01-05 01:06:00+00:00,870.0,7.706172690763053,34.98687550200803,35.161045099473185,7.60737611404333,27.328909046157378,-0.0051650838648712675,-0.00015266705073599952,0.0006465285437570855
9,16.816666666666666,85.4,2020-01-05 01:06:00+00:00,880.0,7.653562248995984,34.98526907630522,35.15950702605402,7.554077909916125,27.335472866231157,-0.005261044176706875,-0.00015380734191623447,0.0006563820073779425
9,16.816666666666666,85.4,2020-01-05 01:06:00+00:00,890.0,7.601123505976096,34.98358167330677,35.1578875648579,7.50095809634127,27.341916082024227,-0.005243874301988782,-0.0001619461196121108,0.0006443215793069612
9,16.816666666666666,85.4,2020-01-05 01:06:00+00:00,900.0,7.549330677290837,34.98158964143426,35.155961948942924,7.4484910234850625,27.347995035837357,-0.005179282868525892,-0.00019256159149776407,0.0006078953813130284
9,16.816666666666666,85.4,2020-01-05 01:06:00+00:00,910.0,7.497537848605578,34.97959760956175,35.15403597121372,7.396030387409872,27.354042306945757,-0.005179282868525892,-0.00019259777292006673,0.000604727110840031
9,16.816666666666666,85.4,2020-01-05 01:06:00+00:00,920.0,7.437555555555556,34.97761111111111,35.15211236796178,7.335448271775834,27.36122252809514,-0.005998229305002223,-0.0001923603251945849,0.0007180221149383215
9,16.816666666666666,85.4,2020-01-05 01:06:00+00:00,930.0,7.374063492063493,34.97562698412698,35.15019113974309,7.271390787264791,27.368858499340377,-0.006349206349206327,-0.00019212282186842344,0.0007635971245235851
9,16.816666666666666,85.4,2020-01-05 01:06:00+00:00,940.0,7.309111111111111,34.97355555555555,35.148182165771736,7.205893953877228,27.376584193636518,-0.006495238095238154,-0.00020089739713569088,0.0007725694296141228
9,16.816666666666666,85.4,2020-01-05 01:06:00+00:00,950.0,7.237506172839506,34.971086419753085,35.145773489325045,7.133811223155497,27.384877145766268,-0.007160493827160508,-0.00024086764466915155,0.0008292952129750119
9,16.816666666666666,85.4,2020-01-05 01:06:00+00:00,960.0,7.165901234567901,34.96861728395062,35.14336480259996,7.0617381025561015,27.393110859065928,-0.007160493827160508,-0.00024086867250829868,0.0008233713299659939
9,16.816666666666666,85.4,2020-01-05 01:06:00+00:00,970.0,7.103588235294118,34.96652941176471,35.14133927528267,6.998886698808726,27.400302375697493,-0.00623129992737832,-0.00020255273172935516,0.0007191516631564809
9,16.816666666666666,85.4,2020-01-05 01:06:00+00:00,980.0,7.044372549019608,34.96456862745098,35.13944146276733,6.93911388264334,27.40712298535641,-0.0059215686274510125,-0.00018978125153381597,0.000682060965891651
9,16.816666666666666,85.4,2020-01-05 01:06:00+00:00,990.0,6.985605577689243,34.9626015936255,35.13753736130848,6.879793886529456,27.413836243356855,-0.00587669713303649,-0.00019041014588481176,0.0006713258000445421
9,16.816666666666666,85.4,2020-01-05 01:06:00+00:00,1000.0,6.928633466135458,34.96060956175299,35.13560812848429,6.8222620270100665,27.42024489897358,-0.00569721115537849,-0.00019292328241888869,0.000640865561672399
9,16.816666666666666,85.4,2020-01-05 01:06:00+00:00,1010.0,6.871661354581674,34.95861752988048,35.13367888736776,6.764737440737939,27.4266153842309,-0.005697211155378401,-0.00019292411165352518,0.0006370485257320979
9,16.816666666666666,85.4,2020-01-05 01:06:00+00:00,1020.0,6.8185301204819275,34.95661445783133,35.131735267662236,6.711029181344516,27.432418202907684,-0.005313123409974629,-0.0001943619705521371,0.0005802818676784227
9,16.816666666666666,85.4,2020-01-05 01:06:00+00:00,1030.0,6.767124497991968,34.95460642570281,35.12978665505618,6.659038725290655,27.43795186302941,-0.005140562248995994,-0.00019486126060570542,0.0005533660121727734
9,16.816666666666666,85.4,2020-01-05 01:06:00+00:00,1040.0,6.716483870967742,34.95259677419355,35.127836406967674,6.607813157650445,27.443350512314964,-0.005064062702422589,-0.00019502480885051908,0.0005398649285552892
9,16.816666666666666,85.4,2020-01-05 01:06:00+00:00,1050.0,6.668903225806451,34.950580645161295,35.1258796408782,6.559627657171969,27.44830591522873,-0.004758064516129057,-0.00019567660894708182,0.0004955402913765283
9,16.816666666666666,85.4,2020-01-05 01:06:00+00:00,1060.0,6.6213225806451605,34.94856451612903,35.12392286677383,6.5114479185804015,27.45323419865531,-0.004758064516129057,-0.00019567741043715614,0.0004928283426579583
9,16.816666666666666,85.4,2020-01-05 01:06:00+00:00,1070.0,6.569984,34.94656,35.12197775584992,6.459548681460267,27.45864093500586,-0.005133858064516073,-0.00019451109239128074,0.0005406736350551001
9,16.816666666666666,85.4,2020-01-05 01:06:00+00:00,1080.0,6.517183999999999,34.944559999999996,35.12003717576445,6.406207214387642,27.46421194708637,-0.00528000000000004,-0.00019405800854670473,0.0005571012080508808
9,16.816666666666666,85.4,2020-01-05 01:06:00+00:00,1090.0,6.461333333333333,34.942476190476185,35.118012357180916,6.349850126040893,27.470082737872872,-0.005585066666666627,-0.0002024818583535648,0.0005870790786502766
9,16.816666666666666,85.4,2020-01-05 01:06:00+00:00,1100.0,6.394666666666667,34.94009523809524,35.115688894146096,6.282785851611963,27.47708926132941,-0.006666666666666643,-0.00023234630348198949,0.0007006523456539071
9,16.816666666666666,85.4,2020-01-05 01:06:00+00:00,1110.0,6.327999999999999,34.937714285714286,35.11336542164606,6.2157304134578215,27.4840433802201,-0.006666666666666732,-0.00023234725000378375,0.0006954118890689642
9,16.816666666666666,85.4,2020-01-05 01:06:00+00:00,1120.0,6.272581673306773,34.935605577689245,35.11131658765998,6.159825059252896,27.489714316794334,-0.005541832669322666,-0.0002048833986080467,0.0005670936574233565
9,16.816666666666666,85.4,2020-01-05 01:06:00+00:00,1130.0,6.22198406374502,34.93361354581673,35.10938512330696,6.108701167357531,27.494823539933577,-0.005059760956175286,-0.00019314643530208287,0.0005109223139243113
9,16.816666666666666,85.4,2020-01-05 01:06:00+00:00,1140.0,6.171271999999999,34.93162,35.10745212933895,6.057470160146074,27.49991538791346,-0.005071206374502068,-0.00019329939680048369,0.0005091847979883824
9,16.816666666666666,85.4,2020-01-05 01:06:00+00:00,1150.0,6.1200719999999995,34.92962,35.105512640630515,6.005762166292092,27.505033121486576,-0.005119999999999969,-0.00019394887084374092,0.0005117733573115401
9,16.816666666666666,85.4,2020-01-05 01:06:00+00:00,1160.0,6.068872,34.92762,35.10357314383971,5.954060519717097,27.510119311190465,-0.005119999999999969,-0.00019394967908041848,0.0005086189703888521
9,16.816666666666666,85.4,2020-01-05 01:06:00+00:00,1170.0,6.026951807228915,34.92589156626506,35.10190657383627,5.911552324680551,27.514221566481638,-0.004192019277108461,-0.00016665700034437236,0.0004102255291172696
9,16.816666666666666,85.4,2020-01-05 01:06:00+00:00,1180.0,5.989200803212851,34.92428514056225,35.10036262000692,5.87317624024392,27.517876234474443,-0.0037751004016064018,-0.00015439538293477996,0.0003654667992805116
9,16.816666666666666,85.4,2020-01-05 01:06:00+00:00,1190.0,5.949307692307692,34.92261538461538,35.098755010022124,5.832684030667061,27.521730853494773,-0.003989311090515901,-0.00016076099847950331,0.00038546190203305743
9,16.816666666666666,85.4,2020-01-05 01:06:00+00:00,1200.0,5.900846153846154,34.920692307692306,35.09689279412334,5.783715588762662,27.526431374403273,-0.004846153846153811,-0.00018622158987824378,0.0004700520908500039
9,16.816666666666666,85.4,2020-01-05 01:06:00+00:00,1210.0,5.852384615384615,34.91876923076923,35.09503057045304,5.734753060718084,27.531103422482147,-0.0048461538461539,-0.00018622236703009777,0.00046720480788735584
9,16.816666666666666,85.4,2020-01-05 01:06:00+00:00,1220.0,5.800226890756303,34.91699159663865,35.09330881142441,5.682135020849978,27.536312923328524,-0.005215772462831225,-0.00017217590286335848,0.0005209500846376613
9,16.816666666666666,85.4,2020-01-05 01:06:00+00:00,1230.0,5.745605042016807,34.91531092436975,35.09168205264375,5.627082749321877,27.54186639498448,-0.00546218487394956,-0.0001626758780659543,0.0005553471655957764
9,16.816666666666666,85.4,2020-01-05 01:06:00+00:00,1240.0,5.690935483870968,34.913556451612905,35.089981114440256,5.571991262607722,27.547331349170236,-0.00546695581458394,-0.00017009382034913756,0.0005464954185754323
9,16.816666666666666,85.4,2020-01-05 01:06:00+00:00,1250.0,5.636096774193549,34.91154032258065,35.08801719102498,5.516743058611873,27.55257359790653,-0.005483870967741921,-0.00019639234152748485,0.0005242248736294641
9,16.816666666666666,85.4,2020-01-05 01:06:00+00:00,1260.0,5.5812580645161285,34.909524193548386,35.08605326040331,5.461501799105825,27.557779491349038,-0.005483870967742011,-0.0001963930621670329,0.0005205893442507658
9,16.816666666666666,85.4,2020-01-05 01:06:00+00:00,1270.0,5.535285714285714,34.907825396825395,35.08440826012479,5.41503740650335,27.562136161083117,-0.004597235023041435,-0.00016450002785219908,0.0004356669734079333
9,16.816666666666666,85.4,2020-01-05 01:06:00+00:00,1280.0,5.4924285714285705,34.906238095238095,35.082875313112424,5.371659631843521,27.566182877716074,-0.00428571428571436,-0.0001532947012364616,0.00040467166329563045
9,16.816666666666666,85.4,2020-01-05 01:06:00+00:00,1290.0,5.450043478260869,34.90465217391304,35.08134374767577,5.328753966034385,27.570151902039697,-0.0042385093167701445,-0.0001531565436657445,0.00039690243236236713
9,16.816666666666666,85.4,2020-01-05 01:06:00+00:00,1300.0,5.409332015810276,34.90307114624506,35.07981709500852,5.287509085011288,27.57390422889557,-0.004071146245059332,-0.00015266526672448323,0.0003752326855874344
9,16.816666666666666,85.4,2020-01-05 01:06:00+00:00,1310.0,5.368620553359683,34.90149011857708,35.07829043669009,5.246268908874896,27.577636066648665,-0.004071146245059243,-0.00015266583184327941,0.0003731837753093714
9,16.816666666666666,85.4,2020-01-05 01:06:00+00:00,1320.0,5.327019999999999,34.899620000000006,35.07647469710156,5.204157959826821,27.581223985277575,-0.004160055335968416,-0.00018157395885296524,0.0003587918628909392
9,16.816666666666666,85.4,2020-01-05 01:06:00+00:00,1330.0,5.285019999999999,34.89762,35.07452939761097,5.161658523161899,27.584735041738213,-0.0041999999999999815,-0.00019452994905861943,0.0003511056460638429
9,16.816666666666666,85.4,2020-01-05 01:06:00+00:00,1340.0,5.24378,34.895772,35.07273686151747,5.119913534749147,27.588256094617464,-0.004123999999999928,-0.0001792536093503827,0.0003521052879250419
9,16.816666666666666,85.4,2020-01-05 01:06:00+00:00,1350.0,5.20578,34.894572000000004,35.07159560592516,5.081368636500187,27.59189357040259,-0.0038000000000000256,-0.00011412555923087097,0.0003637475785126298
9,16.816666666666666,85.4,2020-01-05 01:06:00+00:00,1360.0,5.16778,34.893372,35.07045434587394,5.042828039113565,27.595513105415876,-0.0038000000000000256,-0.0001141260051220172,0.0003619535013285713
9,16.816666666666666,85.4,2020-01-05 01:06:00+00:00,1370.0,5.131258964143425,34.89190039840638,35.06904010089931,5.005757968242731,27.598728783610795,-0.003652103585657418,-0.000141424497463305,0.00032156781949197464
9,16.816666666666666,85.4,2020-01-05 01:06:00+00:00,1380.0,5.095402390438247,34.89030677290837,35.067503206832754,4.969350626773514,27.601754656160892,-0.0035856573705178364,-0.00015368940665538844,0.00030258725500971196
9,16.816666666666666,85.4,2020-01-05 01:06:00+00:00,1390.0,5.059467741935483,34.888782258064516,35.066035768617596,4.932869072503205,27.60482813504973,-0.003593464850276362,-0.00014674382151582676,0.00030734788888366895
9,16.816666666666666,85.4,2020-01-05 01:06:00+00:00,1400.0,5.023177419354838,34.88757258064516,35.06488476228817,4.896035511156429,27.608175747407586,-0.003629032258064502,-0.00011510063294224437,0.0003347612357856633
9,16.816666666666666,85.4,2020-01-05 01:06:00+00:00,1410.0,4.986887096774193,34.88636290322581,35.06373375146387,4.859205974781421,27.611506880262823,-0.003629032258064502,-0.00011510108243015794,0.0003331132855237229
9,16.816666666666666,85.4,2020-01-05 01:06:00+00:00,1420.0,4.9472601626016255,34.88486178861789,35.0622904065136,4.81908638068711,27.614967995443976,-0.0039626934172567905,-0.000144334495027465,0.0003461115181153218
9,16.816666666666666,85.4,2020-01-05 01:06:00+00:00,1430.0,4.90620325203252,34.88323577235772,35.06072240349813,4.777559668768301,27.61847204740593,-0.0041056910569105655,-0.00015680030154641145,0.00035040519619542463
9,16.816666666666666,85.4,2020-01-05 01:06:00+00:00,1440.0,4.860791999999999,34.881423999999996,35.0589676927219,4.731736894731153,27.622295519705403,-0.004541125203252072,-0.0001754710776232571,0.00038234722994729965
9,16.816666666666666,85.4,2020-01-05 01:06:00+00:00,1450.0,4.801591999999999,34.879024,35.056621752268164,4.672301428173304,27.62716246095806,-0.0059199999999999696,-0.00023459404537362616,0.00048669412526578524
9,16.816666666666666,85.4,2020-01-05 01:06:00+00:00,1460.0,4.742392,34.876624,35.0542758026937,4.612873603857168,27.631986418812403,-0.0059199999999999696,-0.00023459495744617697,0.00048239578543416426
9,16.816666666666666,85.4,2020-01-05 01:06:00+00:00,1470.0,4.688224,34.87452,35.05222735230249,4.558421244643394,27.636449219364295,-0.005416799999999977,-0.00020484503912143737,0.00044628005518916326
9,16.816666666666666,85.4,2020-01-05 01:06:00+00:00,1480.0,4.6358239999999995,34.87252,35.05028342405768,4.505721037413626,27.640765138755796,-0.005240000000000045,-0.0001943928244806159,0.0004315919391501666
9,16.816666666666666,85.4,2020-01-05 01:06:00+00:00,1490.0,4.587744,34.870616,35.04843597775677,4.457293712247163,27.644653593319845,-0.004807999999999968,-0.00018474463009141573,0.0003888454564048516
9,16.816666666666666,85.4,2020-01-05 01:06:00+00:00,1500.0,4.553344,34.869016,35.046894075021946,4.422381186000324,27.64727367745627,-0.0034399999999999765,-0.00015419027348215764,0.0002620084136424339
9,16.816666666666666,85.4,2020-01-05 01:06:00+00:00,1510.0,4.518943999999999,34.867416,35.045352166206634,4.387472354754025,27.64987868578578,-0.0034400000000000654,-0.0001541908815312354,0.0002605008329510383
9,16.816666666666666,85.4,2020-01-05 01:06:00+00:00,1520.0,4.470944444444444,34.86553174603174,35.04351707931655,4.339139691241646,27.65369784086397,-0.004799955555555524,-0.00018350868900824936,0.0003819155078190306
9,16.816666666666666,85.4,2020-01-05 01:06:00+00:00,1530.0,4.418166666666666,34.86354761904762,35.0415641813296,4.286095688738056,27.65790516664856,-0.005277777777777803,-0.00019528979869534168,0.0004207325784591376
9,16.816666666666666,85.4,2020-01-05 01:06:00+00:00,1540.0,4.367782608695652,34.86165217391304,35.039700413407836,4.235420870372303,27.66189444906604,-0.005038405797101397,-0.0001863767921761905,0.00039892824174785345
9,16.816666666666666,85.4,2020-01-05 01:06:00+00:00,1550.0,4.325885375494071,34.86007114624506,35.03815266464684,4.193127950952503,27.665206303714967,-0.004189723320158123,-0.00015477487609985018,0.00033118546489276925
9,16.816666666666666,85.4,2020-01-05 01:06:00+00:00,1560.0,4.28398814229249,34.85849011857707,35.03660491213476,4.150839916528237,27.668496052998307,-0.004189723320158123,-0.00015477525120743962,0.00032897492833399155
9,16.816666666666666,85.4,2020-01-05 01:06:00+00:00,1570.0,4.2433441295546555,34.85688259109312,35.03503052061935,4.109794319228783,27.67161150711331,-0.004064401273783424,-0.00015743915154118327,0.00031154541150044677
9,16.816666666666666,85.4,2020-01-05 01:06:00+00:00,1580.0,4.203263157894736,34.85526315789473,35.03344415871324,4.069309358523678,27.6746379759702,-0.004008097165991931,-0.00015863619061136093,0.0003026468856887732
9,16.816666666666666,85.4,2020-01-05 01:06:00+00:00,1590.0,4.164725806451613,34.85364516129032,35.03185923690452,4.030352619345965,27.677485250623477,-0.0038537351443123312,-0.0001584921808714057,0.00028472746532770543
9,16.816666666666666,85.4,2020-01-05 01:06:00+00:00,1600.0,4.1316612903225804,34.85203225806452,35.03027943068521,3.9968017612661924,27.679752833586463,-0.0033064516129032383,-0.00015798062193113084,0.00022675829629861254
9,16.816666666666666,85.4,2020-01-05 01:06:00+00:00,1610.0,4.098596774193548,34.850419354838714,35.028699620639195,3.963254378890848,27.682006324948134,-0.0033064516129032383,-0.00015798100460173714,0.00022534913616709674
9,16.816666666666666,85.4,2020-01-05 01:06:00+00:00,1620.0,4.061697211155378,34.849115537848604,35.02743047452561,3.9259219862344334,27.684884502813475,-0.003689956303816988,-0.00012691461135858618,0.00028781778653410586
9,16.816666666666666,85.4,2020-01-05 01:06:00+00:00,1630.0,4.023450199203188,34.8479203187251,35.02627047898447,3.887262718108254,27.68796913414758,-0.003824701195219049,-0.00011599955411369933,0.0003084631334104415
9,16.816666666666666,85.4,2020-01-05 01:06:00+00:00,1640.0,3.9839375000000006,34.84655078125,35.02493526989539,3.8473611777758117,27.691024771316506,-0.003951269920318712,-0.0001335209089084799,0.00030556371689272055
9,16.816666666666666,85.4,2020-01-05 01:06:00+00:00,1650.0,3.9401875000000004,34.84459765625,35.023013481871615,3.803291082898775,27.69402344504647,-0.004375000000000018,-0.00019217880237718533,0.000299867372996232
9,16.816666666666666,85.4,2020-01-05 01:06:00+00:00,1660.0,3.8964374999999998,34.84264453125,35.02109168921395,3.7592261391692774,27.69699781843292,-0.004375000000000062,-0.0001921792657668675,0.00029743733864506794
9,16.816666666666666,85.4,2020-01-05 01:06:00+00:00,1670.0,3.858659836065574,34.84090163934426,35.019381201978184,3.721054955897889,27.69951893736925,-0.0037777663934425833,-0.00017104872357620593,0.00025211189363290033
9,16.816666666666666,85.4,2020-01-05 01:06:00+00:00,1680.0,3.8238237704918037,34.839262295081966,35.01777478881734,3.6857881110592383,27.701811701194174,-0.003483606557377028,-0.00016064131608430898,0.00022927638249257143
9,16.816666666666666,85.4,2020-01-05 01:06:00+00:00,1690.0,3.7880401606425704,34.837630522088354,35.016175981839055,3.6495903868310418,27.704188666127493,-0.0035783609849233235,-0.00015988069782864046,0.00023769649333189592
9,16.816666666666666,85.4,2020-01-05 01:06:00+00:00,1700.0,3.7490843373493976,34.83602409638554,35.01460264821696,3.6102678491348286,27.706881993133038,-0.003895582329317282,-0.00015733336220975503,0.0002693327005545143
9,16.816666666666666,85.4,2020-01-05 01:06:00+00:00,1710.0,3.710128514056225,34.83441767068273,35.01302931078351,3.570949715531484,27.709555881525148,-0.003895582329317282,-0.0001573337433448785,0.00026738883921098024
9,16.816666666666666,85.4,2020-01-05 01:06:00+00:00,1720.0,3.668703557312253,34.832830039525696,35.011474860474856,3.529201126724821,27.712466213430616,-0.004142495674397173,-0.0001554450308653088,0.00029103319054684106
9,16.816666666666666,85.4,2020-01-05 01:06:00+00:00,1730.0,3.626411067193676,34.83124901185771,35.00992704376323,3.4866019227242266,27.715444085631816,-0.004229249011857705,-0.00015478167116285136,0.0002977872201199716
9,16.816666666666666,85.4,2020-01-05 01:06:00+00:00,1740.0,3.5834314516129036,34.829576612903224,35.008287383187394,3.4433313799885346,27.718392591360043,-0.004297961558077245,-0.00016396605758330906,0.0002948505728227246
9,16.816666666666666,85.4,2020-01-05 01:06:00+00:00,1750.0,3.5378669354838714,34.82756048387097,35.00630222447706,3.397521964051948,27.721291429820212,-0.004556451612903212,-0.00019851587103332237,0.00028988384601689174
9,16.816666666666666,85.4,2020-01-05 01:06:00+00:00,1760.0,3.492302419354839,34.82554435483871,35.00431706098335,3.3517179924749585,27.724163756720145,-0.004556451612903256,-0.0001985163493714026,0.00028723268999328864
9,16.816666666666666,85.4,2020-01-05 01:06:00+00:00,1770.0,3.4541155378486055,34.82412749003984,35.002934233900774,3.3131836767834657,27.726787730930027,-0.0038186881506233395,-0.00013828270825726462,0.0002623974209882363
9,16.816666666666666,85.4,2020-01-05 01:06:00+00:00,1780.0,3.4186573705179284,34.82293227091634,35.00176394103164,3.277340330366146,27.729303899927118,-0.0035458167330677083,-0.00011702928691335047,0.00025161689970900627
9,16.816666666666666,85.4,2020-01-05 01:06:00+00:00,1790.0,3.383291338582677,34.821653543307086,35.000508570166666,3.2415926729735474,27.73172761507317,-0.003536603193525156,-0.00012553708649747363,0.00024237151460511087
9,16.816666666666666,85.4,2020-01-05 01:06:00+00:00,1800.0,3.348251968503937,34.82007874015748,34.998955600571556,3.206174323732633,27.73386827506897,-0.0035039370078739918,-0.00015529695951101984,0.00021406599958027073
9,16.816666666666666,85.4,2020-01-05 01:06:00+00:00,1810.0,3.313212598425197,34.818503937007875,34.99740262826988,3.1707597495989783,27.735992955563688,-0.0035039370078739918,-0.00015529723016740604,0.0002124680494716813
9,16.816666666666666,85.4,2020-01-05 01:06:00+00:00,1820.0,3.278874493927126,34.81717408906882,34.996095867271116,3.1360369059184743,27.738232159441395,-0.0034338104498071063,-0.00013067609987658103,0.00022392038777070412
9,16.816666666666666,85.4,2020-01-05 01:06:00+00:00,1830.0,3.2448663967611338,34.81595951417004,34.99490496950207,3.1016414614998213,27.740517586951455,-0.0034008097165992178,-0.00011908977690424649,0.00022854275100598899
9,16.816666666666666,85.4,2020-01-05 01:06:00+00:00,1840.0,3.2135120967741937,34.814745967741935,34.99371510340321,3.0698637794363206,27.742544923465857,-0.003135429998694006,-0.0001189866098862069,0.00020273365144021226
9,16.816666666666666,85.4,2020-01-05 01:06:00+00:00,1850.0,3.192141129032258,34.81353629032258,34.992529124119805,3.047922650080554,27.743648264719923,-0.002137096774193559,-0.00011859792834059135,0.00011033412540655263
9,16.816666666666666,85.4,2020-01-05 01:06:00+00:00,1860.0,3.1707701612903225,34.81232661290322,34.99134314275735,3.0259831871014677,27.74474539846142,-0.002137096774193559,-0.00011859813624539583,0.00010971337414957815
9,16.816666666666666,85.4,2020-01-05 01:06:00+00:00,1870.0,3.141874045801527,34.8111641221374,34.99020458865936,2.9966338373418346,27.746559071490083,-0.002889611548879545,-0.00011385540979915731,0.00018136730286641978
9,16.816666666666666,85.4,2020-01-05 01:06:00+00:00,1880.0,3.1101946564885496,34.810019083969465,34.989083574938356,2.9645462748767386,27.748627850658522,-0.0031679389312977424,-0.00011210137210042604,0.0002068779168439505
9,16.816666666666666,85.4,2020-01-05 01:06:00+00:00,1890.0,3.0787,34.808816666666665,34.98790488490407,2.9326445539023274,27.750620976033815,-0.0031494656488549656,-0.00011786900342869444,0.00019931253752929478
9,16.816666666666666,85.4,2020-01-05 01:06:00+00:00,1900.0,3.0487,34.80715,34.98625955451935,2.902223172453193,27.752095948379292,-0.0029999999999999805,-0.00016453303847185907,0.0001474972345476999
9,16.816666666666666,85.4,2020-01-05 01:06:00+00:00,1910.0,3.0187,34.805483333333335,34.984614221270164,2.8718047577116725,27.75355896666406,-0.0030000000000000248,-0.00016453332491863648,0.00014630182847668037
9,16.816666666666666,85.4,2020-01-05 01:06:00+00:00,1920.0,2.991256,34.804432,34.98358738591062,2.843898288394103,27.755274054061147,-0.0027444000000000023,-0.00010268353595463964,0.00017150873970877
9,16.816666666666666,85.4,2020-01-05 01:06:00+00:00,1930.0,2.964856,34.803632,34.982813176028735,2.8170191336903776,27.757087341437,-0.0026399999999999757,-7.742098818823706e-05,0.00018132873758531788
9,16.816666666666666,85.4,2020-01-05 01:06:00+00:00,1940.0,2.9396144578313255,34.80274698795181,34.98195351497912,2.7912836672626535,27.75872099661933,-0.002524154216867469,-8.596610496169887e-05,0.0001633655182331495
9,16.816666666666666,85.4,2020-01-05 01:06:00+00:00,1950.0,2.918730923694779,34.80154216867469,34.9807723981513,2.769843376622525,27.759706437004525,-0.0020883534136546533,-0.00011811168278157425,9.854403851932148e-05
9,16.816666666666666,85.4,2020-01-05 01:06:00+00:00,1960.0,2.897847389558233,34.80033734939759,34.97959127925278,2.7484046668636783,27.760685906697063,-0.002088353413654609,-0.00011811188985220156,9.794696925382595e-05
9,16.816666666666666,85.4,2020-01-05 01:06:00+00:00,1970.0,2.8785714285714286,34.79942857142857,34.97870772473266,2.728546017658778,27.76175519069716,-0.0019275960986804286,-8.835545201222317e-05,0.00010692840000956494
9,16.816666666666666,85.4,2020-01-05 01:06:00+00:00,1980.0,2.859920634920635,34.79863492063492,34.97793988903531,2.709302520275743,27.76285677835358,-0.0018650793650793584,-7.678356973457312e-05,0.00011015876564215432
10,13.119488333333331,88.57512666666666,2020-01-05 17:29:00+00:00,10.0,28.197499999999998,32.713,32.86761170946106,28.29625115302693,20.613695881384956,,,
10,13.119488333333331,88.57512666666666,2020-01-05 17:29:00+00:00,20.0,28.061500000000002,33.5715,33.73018598810523,28.121833365078732,21.303472837291338,-0.013599999999999567,0.08625742786441677,0.06897769559063818
10,13.119488333333331,88.57512666666666,2020-01-05 17:29:00+00:00,30.0,28.017,33.598,33.75684948193094,28.07371409668375,21.338673633417898,-0.004450000000000287,0.0026663493825715536,0.003520079612655991
10,13.119488333333331,88.57512666666666,2020-01-05 17:29:00+00:00,40.0,27.982181818181818,33.619727272727275,33.77874170573326,28.035514855149447,21.36714183478466,-0.0034818181818181415,0.0021892223802318254,0.0028468201366763425
10,13.119488333333331,88.57512666666666,2020-01-05 17:29:00+00:00,50.0,27.973727272727274,33.67690909090909,33.83636122168858,28.022313032174818,21.41374209879268,-0.000845454545454416,0.005761951595531656,0.004660026400802053
10,13.119488333333331,88.57512666666666,2020-01-05 17:29:00+00:00,60.0,27.9755,33.694,33.85371955460653,28.021023778428113,21.42690964629844,0.0001772727272726371,0.0017358332917950746,0.0013167547505759103
10,13.119488333333331,88.57512666666666,2020-01-05 17:29:00+00:00,70.0,26.516000000000002,34.56590909090909,34.729953081865574,26.520073035244426,22.551376652337353,-0.14594999999999986,0.08762335272590463,0.11244670060389125
10,13.119488333333331,88.57512666666666,2020-01-05 17:29:00+00:00,80.0,23.994555555555557,34.599222222222224,34.76364919283022,23.990524624421983,23.348017391962458,-0.25214444444444445,0.0033696110964648086,0.07966407396251043
10,13.119488333333331,88.57512666666666,2020-01-05 17:29:00+00:00,90.0,22.2115,34.4845,34.64865579428158,22.206737449047722,23.776334517373357,-0.17830555555555563,-0.011499339854864132,0.04283171254108993
10,13.119488333333331,88.57512666666666,2020-01-05 17:29:00+00:00,100.0,21.442,34.7595,34.925241077539226,21.42506568922675,24.200080370833803,-0.07695000000000007,0.027658528325764563,0.04237458534604457
10,13.119488333333331,88.57512666666666,2020-01-05 17:29:00+00:00,110.0,20.466454545454546,34.80690909090909,34.97313074865289,20.44528241075802,24.501428918092643,-0.09755454545454541,0.00478896711136656,0.030134854725883998
10,13.119488333333331,88.57512666666666,2020-01-05 17:29:00+00:00,120.0,19.2286,34.839,35.005627213317275,19.2039531741995,24.850771891383374,-0.1237854545454546,0.0032496464664383494,0.03493429732907316
10,13.119488333333331,88.57512666666666,2020-01-05 17:29:00+00:00,130.0,18.158,34.8634,35.03037734543587,18.130616250822225,25.1398553531003,-0.10705999999999989,0.002475013211859789,0.028908346171692755
10,13.119488333333331,88.57512666666666,2020-01-05 17:29:00+00:00,140.0,17.363,34.882,35.049271398299744,17.333389693034565,25.348558735928464,-0.07950000000000017,0.0018894052863871024,0.020870338282816193
10,13.119488333333331,88.57512666666666,2020-01-05 17:29:00+00:00,150.0,16.577363636363636,34.90109090909091,35.068658935809395,16.545755337871544,25.549855614214948,-0.07856363636363639,0.0019387537509651053,0.020129687828648456
10,13.119488333333331,88.57512666666666,2020-01-05 17:29:00+00:00,160.0,15.932333333333334,34.922,35.089840610979294,15.89884500776835,25.715082167576156,-0.06450303030303015,0.0021181675169898995,0.016522655336120805
10,13.119488333333331,88.57512666666666,2020-01-05 17:29:00+00:00,170.0,15.543,34.935,35.103071681109924,15.507839555673293,25.81346911360788,-0.038933333333333486,0.0013231070130629518,0.009838694603172372
10,13.119488333333331,88.57512666666666,2020-01-05 17:29:00+00:00,180.0,15.0725,34.941,35.10925777147368,15.03600506592095,25.922920351308903,-0.047049999999999946,0.000618609036375517,0.010945123770102327
10,13.119488333333331,88.57512666666666,2020-01-05 17:29:00+00:00,190.0,14.5222,34.955400000000004,35.12386730477226,14.484352264974119,26.053930272469188,-0.05503,0.0014609533298582278,0.013100992116028465
10,13.119488333333331,88.57512666666666,2020-01-05 17:29:00+00:00,200.0,14.0795,34.9795,35.14822374155885,14.040081376241984,26.167025817818967,-0.04427000000000003,0.0024356436786590052,0.011309554534977905
10,13.119488333333331,88.57512666666666,2020-01-05 17:29:00+00:00,210.0,13.629000000000001,34.9955,35.16439106700755,13.58833352596616,26.27359987171144,-0.04504999999999981,0.0016167325448698477,0.010657405389247287
10,13.119488333333331,88.57512666666666,2020-01-05 17:29:00+00:00,220.0,13.277272727272727,35.00845454545455,35.17748575980112,13.235391876964405,26.355899191160916,-0.0351727272727274,0.001309469279357245,0.008229931944947566
10,13.119488333333331,88.57512666666666,2020-01-05 17:29:00+00:00,230.0,12.9335,35.02,35.18916461250252,12.890503906327254,26.434337932037124,-0.03437727272727269,0.00116788527014009,0.007843874087620861
10,13.119488333333331,88.57512666666666,2020-01-05 17:29:00+00:00,240.0,12.738499999999998,35.0225,35.19175434760484,12.694402024661299,26.47533016727266,-0.019500000000000205,0.00025897351023189684,0.004099223523553519
10,13.119488333333331,88.57512666666666,2020-01-05 17:29:00+00:00,250.0,12.538124999999999,35.02791071428571,35.19726888123541,12.492904505923143,26.519256866299656,-0.02003749999999993,0.0005514533630567086,0.0043926699026997085
10,13.119488333333331,88.57512666666666,2020-01-05 17:29:00+00:00,260.0,12.387774509803922,35.02844117647059,35.197872524788195,12.341476253189045,26.54929417356061,-0.015035049019607704,6.0364355278608175e-05,0.003003730726095455
10,13.119488333333331,88.57512666666666,2020-01-05 17:29:00+00:00,270.0,12.210357142857143,35.029520408163265,35.19902583157348,12.163049451091693,26.58474117308333,-0.01774173669467789,0.0001153306785283803,0.0035446999522719125
10,13.119488333333331,88.57512666666666,2020-01-05 17:29:00+00:00,280.0,12.029,35.03,35.19957659995114,11.980734108511339,26.620158406394694,-0.01813571428571432,5.507683776642125e-05,0.0035417233311363814
10,13.119488333333331,88.57512666666666,2020-01-05 17:29:00+00:00,290.0,11.869499999999999,35.03151,35.201162768502,11.820234308940574,26.65191597852322,-0.01595000000000013,0.00015861685508582467,0.003175757212852659
10,13.119488333333331,88.57512666666666,2020-01-05 17:29:00+00:00,300.0,11.73123,35.032,35.20172400126488,11.680961978585872,26.678641964331746,-0.013826999999999857,5.6123276287678436e-05,0.0026725985808525366
10,13.119488333333331,88.57512666666666,2020-01-05 17:29:00+00:00,310.0,11.58944,35.034549999999996,35.20436048599438,11.538156750184578,26.70743478503141,-0.01417900000000003,0.00026364847294999547,0.0028792820699663933
10,13.119488333333331,88.57512666666666,2020-01-05 17:29:00+00:00,320.0,11.4695,35.039,35.20890845172026,11.41712887300634,26.7334625816502,-0.011993999999999972,0.00045479657258837845,0.00260277966187914
10,13.119488333333331,88.57512666666666,2020-01-05 17:29:00+00:00,330.0,11.38043,35.04002,35.210009796877664,11.32697960330459,26.750995643353235,-0.008906999999999953,0.00011013451574015676,0.0017533061703034036
10,13.119488333333331,88.57512666666666,2020-01-05 17:29:00+00:00,340.0,11.270141414141413,35.03850505050505,35.208563893649774,11.215735460990894,26.770358836824244,-0.011028858585858715,-0.0001445903227889289,0.0019363193471008343
10,13.119488333333331,88.57512666666666,2020-01-05 17:29:00+00:00,350.0,11.154989898989898,35.0390101010101,35.209147792258776,11.099616915252746,26.79205222442897,-0.011515151515151523,5.8389860900120993e-05,0.002169338760472783
10,13.119488333333331,88.57512666666666,2020-01-05 17:29:00+00:00,360.0,11.07236,35.04,35.210226544824444,11.015932362021045,26.80811054983542,-0.008262989898989836,0.00010787525656681396,0.0016058325406447694
10,13.119488333333331,88.57512666666666,2020-01-05 17:29:00+00:00,370.0,10.990515151515151,35.04,35.210313869475534,10.93306248929909,26.823187215790995,-0.008184484848484885,8.732465109062559e-06,0.0015076665955575663
10,13.119488333333331,88.57512666666666,2020-01-05 17:29:00+00:00,380.0,10.909019801980198,35.03948514851485,35.20988383889411,10.850563070096024,26.83772925462199,-0.008149534953495241,-4.300305814268768e-05,0.0014542038830995807
10,13.119488333333331,88.57512666666666,2020-01-05 17:29:00+00:00,390.0,10.859,35.038,35.20847878769788,10.799470284011495,26.84582204392109,-0.005001980198019851,-0.00014050511962295786,0.0008092789299098512
10,13.119488333333331,88.57512666666666,2020-01-05 17:29:00+00:00,400.0,10.800247524752475,35.037,35.20756123933263,10.739669670904501,26.855821551970394,-0.005875247524752503,-9.175483652512639e-05,0.0009999508049304494
10,13.119488333333331,88.57512666666666,2020-01-05 17:29:00+00:00,410.0,10.720755102040815,35.03651020408163,35.207145677834525,10.659195892747936,26.869853270727162,-0.007949242271165956,-4.1556149810162424e-05,0.0014031718756768897
10,13.119488333333331,88.57512666666666,2020-01-05 17:29:00+00:00,420.0,10.65421212121212,35.03549494949495,35.206194964023744,10.59164904183186,26.88111560096877,-0.006654298082869481,-9.507138107807122e-05,0.0011262330241606834
10,13.119488333333331,88.57512666666666,2020-01-05 17:29:00+00:00,430.0,10.590349514563107,35.035,35.20576708734112,10.526771754650651,26.89226406006469,-0.0063862606649014,-4.2787668262178614e-05,0.0011148459095920772
10,13.119488333333331,88.57512666666666,2020-01-05 17:29:00+00:00,440.0,10.519575757575758,35.03451515151515,35.20534935895959,10.45501640918322,26.90458762783578,-0.007077375698734833,-4.177283815351984e-05,0.0012323567771090893
10,13.119488333333331,88.57512666666666,2020-01-05 17:29:00+00:00,450.0,10.46732,35.03449,35.205393568096255,10.401711851492566,26.913982549688853,-0.00522557575757574,4.4209136667916485e-06,0.0009394921853072447
10,13.119488333333331,88.57512666666666,2020-01-05 17:29:00+00:00,460.0,10.419323232323233,35.03450505050505,35.205478175344666,10.352656286483235,26.92263710794805,-0.004799676767676786,8.460724841086175e-06,0.0008654558259195255
10,13.119488333333331,88.57512666666666,2020-01-05 17:29:00+00:00,470.0,10.353000000000002,35.033500000000004,35.20453770138858,10.285370354423817,26.933651379340972,-0.006632323232323145,-9.404739560849861e-05,0.0011014271392923547
10,13.119488333333331,88.57512666666666,2020-01-05 17:29:00+00:00,480.0,10.297217821782178,35.032504950495046,35.203607273291894,10.228593012233302,26.9428036091756,-0.005578217821782338,-9.304280966873079e-05,0.0009152229834626269
10,13.119488333333331,88.57512666666666,2020-01-05 17:29:00+00:00,490.0,10.24119,35.03151,35.20267694074196,10.171578177569389,26.95196392926914,-0.005602782178217858,-9.30332549934576e-05,0.0009160320093542396
10,13.119488333333331,88.57512666666666,2020-01-05 17:29:00+00:00,500.0,10.160499999999999,35.0305,35.20173148117752,10.090008888798115,26.965309522435973,-0.008069000000000059,-9.454595644413644e-05,0.001334559316683226
10,13.119488333333331,88.57512666666666,2020-01-05 17:29:00+00:00,510.0,10.080158415841584,35.0289900990099,35.20028674095111,10.008807417603633,26.978137409213787,-0.008034158415841475,-0.00014447402264110564,0.0012827886777813547
10,13.119488333333331,88.57512666666666,2020-01-05 17:29:00+00:00,520.0,10.021728155339806,35.028,35.199367408221065,9.949425609935043,26.98758144826479,-0.005843026050177791,-9.193327300422993e-05,0.0009444039051004438
10,13.119488333333331,88.57512666666666,2020-01-05 17:29:00+00:00,530.0,9.980173469387754,35.02752040816326,35.19896107704499,9.906844467725472,26.994526906316423,-0.004155468595205214,-4.063311760731381e-05,0.0006945458051632158
10,13.119488333333331,88.57512666666666,2020-01-05 17:29:00+00:00,540.0,9.94438,35.02749,35.199006126951424,9.86999565938747,27.000829416532724,-0.003579346938775352,4.504990643283691e-06,0.0006302510216301016
10,13.119488333333331,88.57512666666666,2020-01-05 17:29:00+00:00,550.0,9.90470707070707,35.02750505050505,35.19909685808662,9.829287959392135,27.007807478802306,-0.00396729292929301,9.073113519519893e-06,0.0006978062269581642
10,13.119488333333331,88.57512666666666,2020-01-05 17:29:00+00:00,560.0,9.844824742268042,35.025453608247425,35.197110968783946,9.768506772691932,27.016551855324224,-0.0059882328439028855,-0.00019858893026736268,0.000874437652191773
10,13.119488333333331,88.57512666666666,2020-01-05 17:29:00+00:00,570.0,9.77249514563107,35.024,35.195725835869546,9.695332211232165,27.02780710259367,-0.007232959663697258,-0.00013851329144003443,0.0011255247269446045
10,13.119488333333331,88.57512666666666,2020-01-05 17:29:00+00:00,580.0,9.714,35.0235,35.19529898261309,9.635918761889274,27.037445447713935,-0.005849514563106872,-4.268532564566385e-05,0.0009638345120265513
10,13.119488333333331,88.57512666666666,2020-01-05 17:29:00+00:00,590.0,9.657686868686868,35.02249494949495,35.194364598204515,9.57869406853134,27.046288653067677,-0.0056313131313132205,-9.343844085734077e-05,0.0008843205353741724
10,13.119488333333331,88.57512666666666,2020-01-05 17:29:00+00:00,600.0,9.574,35.0205,35.19243545049299,9.494254734000586,27.058848500136037,-0.008368686868686836,-0.00019291477115288558,0.0012559847068359885
10,13.119488333333331,88.57512666666666,2020-01-05 17:29:00+00:00,610.0,9.481127450980393,35.017078431372546,35.18907549089088,9.400713374370431,27.071726788014985,-0.00928725490196065,-0.0003359959602107665,0.0012878287878947958
10,13.119488333333331,88.57512666666666,2020-01-05 17:29:00+00:00,620.0,9.410939393939394,35.014050505050506,35.1861153268022,9.329747725545927,27.081116467204765,-0.007018805704099939,-0.000296016408867672,0.0009389679189780509
10,13.119488333333331,88.57512666666666,2020-01-05 17:29:00+00:00,630.0,9.34164,35.01204,35.18417757187011,9.259656599176333,27.091102938984932,-0.0069299393939394,-0.00019377549320935826,0.000998647178016654
10,13.119488333333331,88.57512666666666,2020-01-05 17:29:00+00:00,640.0,9.271848484848485,35.010030303030305,35.18224061950392,9.189085117157274,27.101116419791197,-0.006979151515151471,-0.00019369523661865172,0.001001348080626485
10,13.119488333333331,88.57512666666666,2020-01-05 17:29:00+00:00,650.0,9.21,35.0085,35.180785410806266,9.126415247680516,27.11017021297448,-0.006184848484848437,-0.00014552086976564737,0.0009053793183284142
10,13.119488333333331,88.57512666666666,2020-01-05 17:29:00+00:00,660.0,9.131151515151513,35.0069696969697,35.17933019488543,9.046844619451619,27.121910552585177,-0.00788484848484874,-0.00014552159208349735,0.0011740339610696537
10,13.119488333333331,88.57512666666666,2020-01-05 17:29:00+00:00,670.0,9.045879999999999,35.00548,35.177915777826065,8.960896121207446,27.13463913104556,-0.008527151515151488,-0.00014144170593652917,0.0012728578460382777
10,13.119488333333331,88.57512666666666,2020-01-05 17:29:00+00:00,680.0,8.97035238095238,35.005,35.177516026820015,8.884631370871436,27.14653268528923,-0.007552761904761773,-3.9975100605005307e-05,0.0011893554243670224
10,13.119488333333331,88.57512666666666,2020-01-05 17:29:00+00:00,690.0,8.903049019607844,35.00453921568627,35.17713558398108,8.816554846437587,27.1570792308371,-0.006730336134453729,-3.8044283893867714e-05,0.0010546545547867937
10,13.119488333333331,88.57512666666666,2020-01-05 17:29:00+00:00,700.0,8.839237113402062,35.003072164948456,35.17574390858517,8.751977027316562,27.166237474560603,-0.006381190620578181,-0.00013916753959080096,0.0009158243723504711
10,13.119488333333331,88.57512666666666,2020-01-05 17:29:00+00:00,710.0,8.77581443298969,35.00101030927835,35.173753287751694,8.687805230536238,27.174821765368506,-0.006342268041237098,-0.00019906208334745655,0.0008584290807903017
10,13.119488333333331,88.57512666666666,2020-01-05 17:29:00+00:00,720.0,8.712178217821782,34.99949504950495,35.17230915698982,8.62341976632736,27.18382038023583,-0.006363621516790907,-0.00014441307618753285,0.000899861486732334
10,13.119488333333331,88.57512666666666,2020-01-05 17:29:00+00:00,730.0,8.65020202020202,34.99748484848485,35.17036763323282,8.560701593627305,27.192127489055338,-0.006197619761976192,-0.00019415237569972988,0.0008307108819508357
10,13.119488333333331,88.57512666666666,2020-01-05 17:29:00+00:00,740.0,8.577,34.995000000000005,35.16794910722186,8.4868416462887,27.20175339320008,-0.007320202020201982,-0.00024185260109632623,0.0009625904144741071
10,13.119488333333331,88.57512666666666,2020-01-05 17:29:00+00:00,750.0,8.498,34.992999999999995,35.16601781579707,8.40722046172733,27.212590234122672,-0.007900000000000063,-0.00019312914247890945,0.0010836840922593184
10,13.119488333333331,88.57512666666666,2020-01-05 17:29:00+00:00,760.0,8.433336734693878,34.99095918367347,35.16404549715984,8.34185879593808,27.221134241750633,-0.006466326530612143,-0.00019723186372289092,0.0008544007627961037
10,13.119488333333331,88.57512666666666,2020-01-05 17:29:00+00:00,770.0,8.365740384615385,34.98949038461539,35.1626480174498,8.273581000095716,27.23052618747306,-0.00675963500784924,-0.00013974797100431148,0.0009391945722427408
10,13.119488333333331,88.57512666666666,2020-01-05 17:29:00+00:00,780.0,8.29858,34.98851,35.16174136377002,8.205737008839856,27.240184041654857,-0.006716038461538609,-9.066536797774916e-05,0.0009657854181796211
10,13.119488333333331,88.57512666666666,2020-01-05 17:29:00+00:00,790.0,8.22441,34.98702,35.16032256600413,8.130946391761846,27.25044689617016,-0.007416999999999873,-0.00014187977658863815,0.0010262854515303843
10,13.119488333333331,88.57512666666666,2020-01-05 17:29:00+00:00,800.0,8.14293137254902,34.98503921568627,35.15841054510826,8.048913415792846,27.261356917175362,-0.008147862745098067,-0.00019120208958725015,0.0010910021005201998
10,13.119488333333331,88.57512666666666,2020-01-05 17:29:00+00:00,810.0,8.06693,34.98259,35.156027123368744,7.972340772547148,27.27100840337289,-0.007600137254902073,-0.00023834217395162226,0.0009651486197526538
10,13.119488333333331,88.57512666666666,2020-01-05 17:29:00+00:00,820.0,7.9962947368421045,34.980505263157895,35.15400742486245,7.901102487939866,27.28008424145378,-0.007063526315789481,-0.0002019698506295242,0.0009075838080889298
10,13.119488333333331,88.57512666666666,2020-01-05 17:29:00+00:00,830.0,7.933165048543689,34.9784854368932,35.152052950043625,7.83732729021001,27.2880482235405,-0.006312968829841559,-0.0001954474818823826,0.0007963982086721444
10,13.119488333333331,88.57512666666666,2020-01-05 17:29:00+00:00,840.0,7.878623762376238,34.97651485148515,35.15014795182226,7.782089021555711,27.29474478178031,-0.005454128616745102,-0.000190499822136303,0.0006696558239809747
10,13.119488333333331,88.57512666666666,2020-01-05 17:29:00+00:00,850.0,7.834469387755102,34.97551020408163,35.14921368037816,7.737156299858266,27.30064721768281,-0.004415437462113569,-9.342714441018529e-05,0.0005902435902498838
10,13.119488333333331,88.57512666666666,2020-01-05 17:29:00+00:00,860.0,7.793,34.9745,35.1482738203176,7.694895144096833,27.30613092925728,-0.0041469387755102005,-9.398600605621254e-05,0.0005483711574470363
10,13.119488333333331,88.57512666666666,2020-01-05 17:29:00+00:00,870.0,7.753,34.973,35.14684172533655,7.654106021898197,27.31099556976642,-0.0040000000000000036,-0.00014320949810482376,0.00048646405091403724
10,13.119488333333331,88.57512666666666,2020-01-05 17:29:00+00:00,880.0,7.71079797979798,34.97149494949495,35.14540454827057,7.611135376706791,27.316156375738274,-0.004220202020202013,-0.0001437177065980677,0.0005160805971854643
10,13.119488333333331,88.57512666666666,2020-01-05 17:29:00+00:00,890.0,7.6767199999999995,34.97049,35.14446995375648,7.576226558249718,27.320515772837325,-0.003407797979798044,-9.345945140921685e-05,0.0004359397099051421
10,13.119488333333331,88.57512666666666,2020-01-05 17:29:00+00:00,900.0,7.642,34.9695,35.14355037881322,7.540683918047239,27.324965537218077,-0.0034719999999999196,-9.195749432606703e-05,0.00044497643807517306
10,13.119488333333331,88.57512666666666,2020-01-05 17:29:00+00:00,910.0,7.596010000000001,34.96802,35.142137963471114,7.493966646136439,27.330634171272777,-0.0045989999999999755,-0.00014124153421022357,0.0005668634054700305
10,13.119488333333331,88.57512666666666,2020-01-05 17:29:00+00:00,920.0,7.537333333333334,34.9660101010101,35.140189437097405,7.434671983753635,27.337672599733878,-0.005867666666666693,-0.00019485263737095693,0.000703842846110092
10,13.119488333333331,88.57512666666666,2020-01-05 17:29:00+00:00,930.0,7.4755,34.964,35.13824069949062,7.372252069617272,27.34512004686235,-0.006183333333333341,-0.00019487376067814922,0.000744744712847023
10,13.119488333333331,88.57512666666666,2020-01-05 17:29:00+00:00,940.0,7.414,34.962,35.13630210504529,7.310170821539336,27.3524839983977,-0.006150000000000056,-0.0001938594445334729,0.0007363951535353408
10,13.119488333333331,88.57512666666666,2020-01-05 17:29:00+00:00,950.0,7.3545,34.9595,35.133861008677066,7.250090240455077,27.359128581232653,-0.005949999999999988,-0.00024410963682228726,0.0006644582834951507
10,13.119488333333331,88.57512666666666,2020-01-05 17:29:00+00:00,960.0,7.291131313131313,34.95648484848485,35.13090218020931,7.186187129256526,27.36586854025677,-0.006336868686868691,-0.0002958828467754415,0.0006739959024116615
10,13.119488333333331,88.57512666666666,2020-01-05 17:29:00+00:00,970.0,7.212336538461538,34.954019230769234,35.12849561628206,7.10697899320124,27.37514486734949,-0.00787947746697748,-0.00024065639272521366,0.0009276327092720748
10,13.119488333333331,88.57512666666666,2020-01-05 17:29:00+00:00,980.0,7.128673469387755,34.9515612244898,35.12609669173299,7.022952119986148,27.385029629356268,-0.008366306907378274,-0.00023989245490696476,0.0009884762006777236
10,13.119488333333331,88.57512666666666,2020-01-05 17:29:00+00:00,990.0,7.057787878787879,34.94851515151515,35.123106752659936,6.951620686333662,27.392613484487583,-0.00708855905998762,-0.0002989939073053449,0.0007583855131315431
10,13.119488333333331,88.57512666666666,2020-01-05 17:29:00+00:00,1000.0,6.995787003610109,34.94573646209386,35.12038552101209,6.889106753041239,27.399133934464544,-0.006200087517777053,-0.0002721231647846878,0.0006520449976960662
10,13.119488333333331,88.57512666666666,2020-01-05 17:29:00+00:00,1010.0,6.929361010830325,34.94320938628159,35.11791714963668,6.822208126457108,27.406410140340995,-0.006642599277978345,-0.00024683713754072303,0.0007276205876451059
10,13.119488333333331,88.57512666666666,2020-01-05 17:29:00+00:00,1020.0,6.862935018050542,34.94068231046931,35.11544238932328,6.755318349603053,27.413629791541098,-0.006642599277978345,-0.0002474760313404545,0.0007219651200102816
10,13.119488333333331,88.57512666666666,2020-01-05 17:29:00+00:00,1030.0,6.802617475728155,34.938582524271844,35.11339704716501,6.694487821945159,27.42031233255284,-0.0060317542322386505,-0.00020453421582686815,0.0006682541011741705
10,13.119488333333331,88.57512666666666,2020-01-05 17:29:00+00:00,1040.0,6.744559223300971,34.93664077669903,35.1115105268619,6.635902781216761,27.426774016721538,-0.005805825242718399,-0.0001886520303109762,0.0006461684168698412
10,13.119488333333331,88.57512666666666,2020-01-05 17:29:00+00:00,1050.0,6.686500970873786,34.934699029126214,35.10962399933987,6.577325198548697,27.43319598609787,-0.005805825242718487,-0.0001886527522032111,0.0006421969376333436
10,13.119488333333331,88.57512666666666,2020-01-05 17:29:00+00:00,1060.0,6.628442718446602,34.9327572815534,35.107737464598905,6.51875507533808,27.43957819675552,-0.005805825242718399,-0.0001886534740961565,0.0006382210657648102
10,13.119488333333331,88.57512666666666,2020-01-05 17:29:00+00:00,1070.0,6.5703844660194175,34.930815533980585,35.10585092263903,6.460192413016111,27.445920604604225,-0.005805825242718487,-0.00018865419598768085,0.0006342407848705989
10,13.119488333333331,88.57512666666666,2020-01-05 17:29:00+00:00,1080.0,6.516213178294574,34.92887596899225,35.103966566985505,6.4054899264635745,27.451714127464584,-0.005417128772484325,-0.00018843556535230732,0.000579352286035828
10,13.119488333333331,88.57512666666666,2020-01-05 17:29:00+00:00,1090.0,6.464856589147287,34.92693798449613,35.10208379253899,6.353583938452522,27.457105791267168,-0.0051356589147287576,-0.00018827744465141905,0.0005391663802583935
10,13.119488333333331,88.57512666666666,2020-01-05 17:29:00+00:00,1100.0,6.4135,34.925,35.100201010887524,6.301684324648371,27.462465944196538,-0.005135658914728669,-0.00018827816514672692,0.0005360152929370088
10,13.119488333333331,88.57512666666666,2020-01-05 17:29:00+00:00,1110.0,6.362143410852713,34.923062015503874,35.09831822203113,6.249791085433302,27.46779455599608,-0.005135658914728669,-0.0001882788856391926,0.000532861179954125
10,13.119488333333331,88.57512666666666,2020-01-05 17:29:00+00:00,1120.0,6.310786821705426,34.92112403100775,35.09643712862283,6.197904195633794,27.47309293483022,-0.0051356589147287576,-0.00018810934083006713,0.0005298378834140749
10,13.119488333333331,88.57512666666666,2020-01-05 17:29:00+00:00,1130.0,6.263398340248962,34.91930290456432,35.09467366192776,6.149953498943145,27.477942350900094,-0.004738848145646379,-0.00017634666950741006,0.0004849416069873769
10,13.119488333333331,88.57512666666666,2020-01-05 17:29:00+00:00,1140.0,6.221489626556016,34.917643153526974,35.09307237443479,6.10743502121341,27.482190880436065,-0.004190871369294591,-0.0001601287492967174,0.00042485295359711016
10,13.119488333333331,88.57512666666666,2020-01-05 17:29:00+00:00,1150.0,6.17958091286307,34.91598340248963,35.091471080591454,6.064921437559621,27.486418050425755,-0.004190871369294591,-0.00016012938433362933,0.0004227169989690083
10,13.119488333333331,88.57512666666666,2020-01-05 17:29:00+00:00,1160.0,6.137672199170124,34.914323651452285,35.089869780397756,6.022412747246465,27.49062384494505,-0.004190871369294591,-0.00016013001936983074,0.0004205794519293704
10,13.119488333333331,88.57512666666666,2020-01-05 17:29:00+00:00,1170.0,6.095763485477178,34.912663900414934,35.08826847385369,5.979908949550965,27.49480824802322,-0.004190871369294591,-0.0001601306544067427,0.00041844030781703625
10,13.119488333333331,88.57512666666666,2020-01-05 17:29:00+00:00,1180.0,6.056367387033399,34.911056974459726,35.08672025184335,5.939897755141622,27.498696230471978,-0.003939609844377934,-0.00015482220103351095,0.0003887982448759431
10,13.119488333333331,88.57512666666666,2020-01-05 17:29:00+00:00,1190.0,6.018646365422397,34.90948526522593,35.085207417674845,5.901549405485613,27.50238259116736,-0.0037721021611002215,-0.0001512834168508448,0.0003686360695382973
10,13.119488333333331,88.57512666666666,2020-01-05 17:29:00+00:00,1200.0,5.9809253438113945,34.907913555992145,35.08369457749285,5.863205295145131,27.506051446126776,-0.0037721021611002215,-0.00015128401819950455,0.00036688549594146027
10,13.119488333333331,88.57512666666666,2020-01-05 17:29:00+00:00,1210.0,5.943204322200393,34.90634184675835,35.08218173129733,5.824865423071849,27.509702783873536,-0.0037721021611001326,-0.00015128461955171701,0.0003651337746759964
10,13.119488333333331,88.57512666666666,2020-01-05 17:29:00+00:00,1220.0,5.905483300589391,34.90477013752456,35.08066452423998,5.7865298518950254,27.51333316485716,-0.0037721021611002215,-0.0001517207057354142,0.0003630380983622672
10,13.119488333333331,88.57512666666666,2020-01-05 17:29:00+00:00,1230.0,5.864839916839917,34.90315176715177,35.079098548924,5.745306060543788,27.517269561523108,-0.004064338374947418,-0.00015659753159766865,0.000393639666594936
10,13.119488333333331,88.57512666666666,2020-01-05 17:29:00+00:00,1240.0,5.821388773388773,34.90148856548857,35.07748751063016,5.701308128195585,27.521496539731288,-0.0043451143451143535,-0.0001611038293845013,0.00042269782081802985
10,13.119488333333331,88.57512666666666,2020-01-05 17:29:00+00:00,1250.0,5.77793762993763,34.899825363825364,35.075876466565624,5.657315326488634,27.525700457355697,-0.0043451143451143535,-0.00016110440645320523,0.0004203917624408859
10,13.119488333333331,88.57512666666666,2020-01-05 17:29:00+00:00,1260.0,5.734486486486486,34.898162162162166,35.07426541673041,5.613327654980605,27.529881296000895,-0.0043451143451143535,-0.00016110498352119861,0.0004180838645197582
10,13.119488333333331,88.57512666666666,2020-01-05 17:29:00+00:00,1270.0,5.691035343035343,34.89649896049896,35.07265436112449,5.569345113243566,27.53403903721528,-0.0043451143451143535,-0.00016110556059203418,0.0004157741214385169
10,13.119488333333331,88.57512666666666,2020-01-05 17:29:00+00:00,1280.0,5.647216867469879,34.89473493975904,35.07094197156773,5.52500563981539,27.538138382853504,-0.004381847556546336,-0.00017123895567650038,0.0004099345638223895
10,13.119488333333331,88.57512666666666,2020-01-05 17:29:00+00:00,1290.0,5.603240963855422,34.892927710843374,35.06918614945255,5.480516186508245,27.542198986567882,-0.004397590361445758,-0.00017558221151787735,0.00040606037143788856
10,13.119488333333331,88.57512666666666,2020-01-05 17:29:00+00:00,1300.0,5.559265060240963,34.891120481927715,35.06743032106698,5.436031932638209,27.546235862833782,-0.004397590361445847,-0.00017558283855692025,0.00040368762658999914
10,13.119488333333331,88.57512666666666,2020-01-05 17:29:00+00:00,1310.0,5.515289156626506,34.88931325301205,35.06567448641099,5.391552877901576,27.5502489921887,-0.004397590361445758,-0.00017558346559880532,0.00040131293549166
10,13.119488333333331,88.57512666666666,2020-01-05 17:29:00+00:00,1320.0,5.471313253012048,34.88750602409639,35.06391988293436,5.347079004463582,27.5542393305941,-0.004397590361445758,-0.00017546034766340312,0.0003990338405401417
10,13.119488333333331,88.57512666666666,2020-01-05 17:29:00+00:00,1330.0,5.423566929133858,34.88572440944882,35.06219184181927,5.298880209675756,27.558674245547536,-0.004774632387819011,-0.00017280411150863984,0.0004434914953435509
10,13.119488333333331,88.57512666666666,2020-01-05 17:29:00+00:00,1340.0,5.374354330708661,34.88395275590551,35.06047380582181,5.249236745001183,27.563262296687753,-0.0049212598425197205,-0.00017180359974631188,0.00045880511402174307
10,13.119488333333331,88.57512666666666,2020-01-05 17:29:00+00:00,1350.0,5.3251417322834635,34.8821811023622,35.058755763467914,5.199599327320767,27.56782076338095,-0.0049212598425197205,-0.00017180423538931677,0.00045584666931972604
10,13.119488333333331,88.57512666666666,2020-01-05 17:29:00+00:00,1360.0,5.275929133858267,34.880409448818895,35.057037714757556,5.149967957182715,27.572349617349573,-0.004921259842519632,-0.00017180487103587438,0.000452885396862257
10,13.119488333333331,88.57512666666666,2020-01-05 17:29:00+00:00,1370.0,5.22671653543307,34.878637795275594,35.05531965969078,5.100342635157816,27.576848830224662,-0.0049212598425197205,-0.0001718055066774582,0.00044992128750891424
10,13.119488333333331,88.57512666666666,2020-01-05 17:29:00+00:00,1380.0,5.180869481765835,34.87689443378119,35.053630033683916,5.054050832767873,27.580951220478028,-0.00458470536672353,-0.00016896260068648415,0.0004102390253365229
10,13.119488333333331,88.57512666666666,2020-01-05 17:29:00+00:00,1390.0,5.136915547024952,34.8751669865643,35.05195639637239,5.009636087433899,27.584822164374145,-0.004395393474088305,-0.0001673637311526477,0.0003870943896117751
10,13.119488333333331,88.57512666666666,2020-01-05 17:29:00+00:00,1400.0,5.092961612284069,34.87343953934741,35.050282752863026,4.965226544206503,27.5886692127649,-0.004395393474088305,-0.00016736435093633872,0.0003847048390753116
10,13.119488333333331,88.57512666666666,2020-01-05 17:29:00+00:00,1410.0,5.0490076775431865,34.871712092130515,35.04860910315582,4.920822202941149,27.592492345636174,-0.004395393474088216,-0.0001673649707207403,0.00038231328712754473
10,13.119488333333331,88.57512666666666,2020-01-05 17:29:00+00:00,1420.0,5.005053742802303,34.86998464491363,35.04693666099298,4.876423046885361,27.596292501185417,-0.004395393474088305,-0.00016724421628353526,0.0003800155549242845
10,13.119488333333331,88.57512666666666,2020-01-05 17:29:00+00:00,1430.0,4.964598343685301,34.868465838509316,35.04547573301357,4.83548416924317,27.599839761918247,-0.004045539911700225,-0.00014609279794157714,0.0003547260732830182
10,13.119488333333331,88.57512666666666,2020-01-05 17:29:00+00:00,1440.0,4.928780538302278,34.86722360248447,35.04429277423078,4.79912961226011,27.60306330060348,-0.0035817805383023147,-0.00011829587827847377,0.0003223538685233507
10,13.119488333333331,88.57512666666666,2020-01-05 17:29:00+00:00,1450.0,4.892962732919255,34.86598136645963,35.04310981077483,4.762778998450164,27.606270734977215,-0.0035817805383023147,-0.00011829634559532565,0.0003207434373734941
10,13.119488333333331,88.57512666666666,2020-01-05 17:29:00+00:00,1460.0,4.857144927536233,34.864739130434785,35.04192684264572,4.726432326863066,27.609462054616415,-0.0035817805383022263,-0.00011829681291075644,0.0003191319639199719
10,13.119488333333331,88.57512666666666,2020-01-05 17:29:00+00:00,1470.0,4.8213271221532095,34.863496894409934,35.04074386984343,4.690089596556965,27.612637249071213,-0.0035817805383023147,-0.00011829728022902942,0.00031751944547977475
10,13.119488333333331,88.57512666666666,2020-01-05 17:29:00+00:00,1480.0,4.781531548757171,34.861967495219886,35.03927226871724,4.649824627934713,27.61600987014117,-0.00397955733960389,-0.00014716011261910466,0.0003372621069956949
10,13.119488333333331,88.57512666666666,2020-01-05 17:29:00+00:00,1490.0,4.739084130019121,34.860246653919695,35.03760824571033,4.6069469612290685,27.61950364072186,-0.004244741873804969,-0.00016640230069100425,0.000349377058068967
10,13.119488333333331,88.57512666666666,2020-01-05 17:29:00+00:00,1500.0,4.696636711281071,34.858525812619504,35.03594421622978,4.564074252307668,27.62297489887169,-0.004244741873804969,-0.00016640294805512213,0.0003471258149829737
10,13.119488333333331,88.57512666666666,2020-01-05 17:29:00+00:00,1510.0,4.654189292543021,34.85680497131931,35.03428018027561,4.521206500968955,27.626423626203405,-0.004244741873805058,-0.00016640359541710836,0.0003448727331715418
10,13.119488333333331,88.57512666666666,2020-01-05 17:29:00+00:00,1520.0,4.611741873804971,34.85508413001912,35.03260858089501,4.478343807613833,27.62984383002936,-0.004244741873804969,-0.00016715993806002417,0.00034202038259536496
10,13.119488333333331,88.57512666666666,2020-01-05 17:29:00+00:00,1530.0,4.568761523046092,34.85340681362725,35.030963090408164,4.4349593970192585,27.633319903608026,-0.004298035075887885,-0.00016454904868439256,0.0003476073578667638
10,13.119488333333331,88.57512666666666,2020-01-05 17:29:00+00:00,1540.0,4.52487374749499,34.85180360721443,35.029392083644616,4.390682940416317,27.63692967455836,-0.004388777555110223,-0.0001571006763548155,0.00036097709503337685
10,13.119488333333331,88.57512666666666,2020-01-05 17:29:00+00:00,1550.0,4.480985971943888,34.850200400801604,35.02782107316726,4.346411681566415,27.640515363723807,-0.004388777555110223,-0.00015710104773560828,0.0003585689165447548
10,13.119488333333331,88.57512666666666,2020-01-05 17:29:00+00:00,1560.0,4.437098196392785,34.84859719438877,35.026250058976075,4.302145620544853,27.644076950403814,-0.004388777555110223,-0.0001571014191185327,0.0003561586680007167
10,13.119488333333331,88.57512666666666,2020-01-05 17:29:00+00:00,1570.0,4.393210420841683,34.84699398797595,35.02467904107108,4.257884757443597,27.64761441383689,-0.004388777555110223,-0.0001571017904993255,0.0003537463433076482
10,13.119488333333331,88.57512666666666,2020-01-05 17:29:00+00:00,1580.0,4.352103305785124,34.84545041322314,35.02316795524358,4.216373382992101,27.650880952424586,-0.004110711505655918,-0.00015110858275022566,0.00032665385876953226
10,13.119488333333331,88.57512666666666,2020-01-05 17:29:00+00:00,1590.0,4.31553305785124,34.844004132231404,35.0217546559284,4.179343931684125,27.653725639334425,-0.0036570247933884305,-0.00014132993151818595,0.00028446869098388563
10,13.119488333333331,88.57512666666666,2020-01-05 17:29:00+00:00,1600.0,4.278962809917355,34.84255785123967,35.0203413532629,4.142318515918248,27.656553329731196,-0.0036570247933884305,-0.000141330266549744,0.0002827690396770777
10,13.119488333333331,88.57512666666666,2020-01-05 17:29:00+00:00,1610.0,4.242392561983471,34.84111157024793,35.01892804724711,4.10529713495674,27.659364011914477,-0.0036570247933884305,-0.00014133060157917043,0.00028106821832807327
10,13.119488333333331,88.57512666666666,2020-01-05 17:29:00+00:00,1620.0,4.205822314049587,34.839665289256196,35.01751473788102,4.0682797880711945,27.662157674153605,-0.0036570247933884305,-0.00014133093660859686,0.00027936622391280255
10,13.119488333333331,88.57512666666666,2020-01-05 17:29:00+00:00,1630.0,4.161194831013916,34.83781908548708,35.0156994603991,4.023320731846748,27.66545029659278,-0.0044627483035670325,-0.0001815277481924227,0.00032926224391758294
10,13.119488333333331,88.57512666666666,2020-01-05 17:29:00+00:00,1640.0,4.109703777335984,34.83563220675944,35.01354176381597,3.9715989275707626,27.66915298630238,-0.005149105367793272,-0.00021576965831258122,0.0003702689709598417
10,13.119488333333331,88.57512666666666,2020-01-05 17:29:00+00:00,1650.0,4.058212723658052,34.83344532803181,35.01138406216696,3.9198835142587614,27.67282244751823,-0.005149105367793183,-0.0002157701649011301,0.00036694612158498784
10,13.119488333333331,88.57512666666666,2020-01-05 17:29:00+00:00,1660.0,4.00672166998012,34.83125844930418,35.00922635545207,3.86817449355652,27.676458644612012,-0.005149105367793183,-0.00021577067148896844,0.00036361970937832667
10,13.119488333333331,88.57512666666666,2020-01-05 17:29:00+00:00,1670.0,3.9552306163021873,34.829071570576545,35.007068643671275,3.816471867138803,27.68006154184218,-0.005149105367793272,-0.00021577117807964897,0.00036028972301664907
10,13.119488333333331,88.57512666666666,2020-01-05 17:29:00+00:00,1680.0,3.9062000000000006,34.827000000000005,35.005026824401824,3.7672011231975584,27.683475957659994,-0.004903061630218674,-0.00020418192694506842,0.00034144158178150974
10,13.119488333333331,88.57512666666666,2020-01-05 17:29:00+00:00,1690.0,3.859533333333334,34.825039215686274,35.003096353036106,3.720266561001554,27.686712344421267,-0.004666666666666641,-0.00019304713657177785,0.0003236386761273025
10,13.119488333333331,88.57512666666666,2020-01-05 17:29:00+00:00,1700.0,3.8128666666666673,34.82307843137255,35.001165877128244,3.6733376221792224,27.689921164912448,-0.004666666666666685,-0.00019304759078622168,0.0003208820491181541
10,13.119488333333331,88.57512666666666,2020-01-05 17:29:00+00:00,1710.0,3.7662000000000004,34.82111764705882,34.999235396678245,3.626414307539958,27.69310239270999,-0.004666666666666685,-0.000193048044999955,0.00031812277975404866
10,13.119488333333331,88.57512666666666,2020-01-05 17:29:00+00:00,1720.0,3.719533333333334,34.819156862745096,34.9973049116861,3.5794966179145313,27.69625600131326,-0.004666666666666641,-0.00019304849921439882,0.0003153608603270186
10,13.119488333333331,88.57512666666666,2020-01-05 17:29:00+00:00,1730.0,3.6706049896049904,34.817147609147604,34.995325704824616,3.530355195534719,27.699563910995494,-0.0048928343728343645,-0.00019792068614847834,0.0003307909682234822
10,13.119488333333331,88.57512666666666,2020-01-05 17:29:00+00:00,1740.0,3.6184220374220377,34.8150686070686,34.99327638780587,3.478011937578489,27.703101242949515,-0.005218295218295266,-0.00020493170187450006,0.00035373319540212835
10,13.119488333333331,88.57512666666666,2020-01-05 17:29:00+00:00,1750.0,3.5662390852390855,34.8129896049896,34.99122706597113,3.4256752147400054,27.70660415559587,-0.005218295218295222,-0.00020493218347397146,0.00035029126463541614
10,13.119488333333331,88.57512666666666,2020-01-05 17:29:00+00:00,1760.0,3.5140561330561333,34.8109106029106,34.9891777393204,3.373345029113644,27.710072610705765,-0.005218295218295222,-0.0002049326650734429,0.000346845510989624
10,13.119488333333331,88.57512666666666,2020-01-05 17:29:00+00:00,1770.0,3.4618731808731806,34.8088316008316,34.98712840785368,3.32102138282548,27.713506569930587,-0.005218295218295266,-0.0002049331466714932,0.0003433959224821592
10,13.119488333333331,88.57512666666666,2020-01-05 17:29:00+00:00,1780.0,3.41796,34.80704,34.98535995613613,3.2768512090346684,27.716348547427515,-0.004391318087318075,-0.0001768451717552466,0.0002841977496927939
10,13.119488333333331,88.57512666666666,2020-01-05 17:29:00+00:00,1790.0,3.37956,34.80544,34.983783196049906,3.238117027477269,27.718800276249112,-0.0038399999999999767,-0.00015767600862233168,0.00024517288215974986
10,13.119488333333331,88.57512666666666,2020-01-05 17:29:00+00:00,1800.0,3.34116,34.80384,34.9822064330734,3.199387158296337,27.721232955477035,-0.0038400000000000213,-0.00015767629765051083,0.0002432679227922563
10,13.119488333333331,88.57512666666666,2020-01-05 17:29:00+00:00,1810.0,3.30276,34.80224,34.980629667206586,3.160661601204078,27.72364657050889,-0.0038399999999999767,-0.00015767658668153217,0.00024136150318554428
10,13.119488333333331,88.57512666666666,2020-01-05 17:29:00+00:00,1820.0,3.26436,34.800639999999994,34.979052898449474,3.1219403559243832,27.726041106705907,-0.0038400000000000213,-0.00015767687571113242,0.00023945361970163505
10,13.119488333333331,88.57512666666666,2020-01-05 17:29:00+00:00,1830.0,3.2311428571428573,34.79928571428571,34.97772310101638,3.088326399141364,27.728135585663495,-0.003321714285714261,-0.00013297974330939155,0.00020944789575878532
10,13.119488333333331,88.57512666666666,2020-01-05 17:29:00+00:00,1840.0,3.2013809523809527,34.798095238095236,34.97655795076102,3.058117658703985,27.73002961171551,-0.0029761904761904656,-0.00011651502553604587,0.00018940260520139418
10,13.119488333333331,88.57512666666666,2020-01-05 17:29:00+00:00,1850.0,3.171619047619048,34.796904761904756,34.97539279835514,3.0279118791623785,27.73191197750475,-0.0029761904761904656,-0.00011651524058819973,0.00018823657892426128
10,13.119488333333331,88.57512666666666,2020-01-05 17:29:00+00:00,1860.0,3.1418571428571433,34.79571428571428,34.97422764379874,2.997709059495795,27.73378267648286,-0.0029761904761904656,-0.00011651545563964305,0.00018706989781094307
10,13.119488333333331,88.57512666666666,2020-01-05 17:29:00+00:00,1870.0,3.1120952380952387,34.79452380952381,34.97306248709183,2.9675091986888673,27.73564170208647,-0.0029761904761904656,-0.00011651567069108637,0.00018590256036077335
10,13.119488333333331,88.57512666666666,2020-01-05 17:29:00+00:00,1880.0,3.0877317073170736,34.79343089430894,34.97199538990585,2.9426272636601083,27.737079791050064,-0.002436353077816511,-0.00010670971859809697,0.00014380889635958737
10,13.119488333333331,88.57512666666666,2020-01-05 17:29:00+00:00,1890.0,3.067609756097561,34.79241463414634,34.97100533927098,2.921923179203494,27.73818944001323,-0.0020121951219512547,-9.900506348685667e-05,0.0001109648963165455
10,13.119488333333331,88.57512666666666,2020-01-05 17:29:00+00:00,1900.0,3.047487804878049,34.79139837398374,34.9700152868003,2.9012205728940574,27.739293560491433,-0.00201219512195121,-9.900524706836222e-05,0.00011041204782031855
10,13.119488333333331,88.57512666666666,2020-01-05 17:29:00+00:00,1910.0,3.0273658536585364,34.79038211382114,34.96902523249381,2.880519443581006,27.74039215048424,-0.0020121951219512547,-9.900543064844669e-05,0.00010985899928073195
10,13.119488333333331,88.57512666666666,2020-01-05 17:29:00+00:00,1920.0,3.0072439024390243,34.78936585365854,34.96803517635151,2.859819790115646,27.741485207988262,-0.00201219512195121,-9.900561422995224e-05,0.00010930575040219992
10,13.119488333333331,88.57512666666666,2020-01-05 17:29:00+00:00,1930.0,2.986654708520179,34.788426008968614,34.967121926365515,2.838660763989094,27.74267536509319,-0.0020589193918845172,-9.13249985998732e-05,0.00011901571049293125
10,13.119488333333331,88.57512666666666,2020-01-05 17:29:00+00:00,1940.0,2.9658026905829598,34.78752914798206,34.966251879216124,2.817244077940564,27.743917411713483,-0.002085201793721936,-8.700471493909845e-05,0.00012420466202911484
10,13.119488333333331,88.57512666666666,2020-01-05 17:29:00+00:00,1950.0,2.94495067264574,34.78663228699551,34.9653818304466,2.7958289779068686,27.74515354687378,-0.00208520179372198,-8.700487695207925e-05,0.00012361351602976355
10,13.119488333333331,88.57512666666666,2020-01-05 17:29:00+00:00,1960.0,2.92409865470852,34.78573542600897,34.964511780056974,2.7744154627337427,27.74638376834264,-0.00208520179372198,-8.700503896292844e-05,0.0001230221468858872
