PROFILE_ID,LATITUDE,LONGITUDE,TIME,PRES,TEMP,PSAL
1,16.832,89.402,2020-01-01 14:03:00+00:00,0.0,25.641,30.165
1,16.832,89.402,2020-01-01 14:03:00+00:00,10.0,25.694166666666668,30.271333333333335
1,16.832,89.402,2020-01-01 14:03:00+00:00,20.0,26.202272727272728,31.06118181818182
1,16.832,89.402,2020-01-01 14:03:00+00:00,30.0,27.068333333333335,31.813222222222223
1,16.832,89.402,2020-01-01 14:03:00+00:00,40.0,27.9985,32.483000000000004
1,16.832,89.402,2020-01-01 14:03:00+00:00,50.0,28.4125,32.899
1,16.832,89.402,2020-01-01 14:03:00+00:00,60.0,28.47118181818182,33.28390909090909
1,16.832,89.402,2020-01-01 14:03:00+00:00,70.0,28.108999999999998,33.6706
1,16.832,89.402,2020-01-01 14:03:00+00:00,80.0,27.216,34.068000000000005
1,16.832,89.402,2020-01-01 14:03:00+00:00,90.0,25.9834,34.4308
1,16.832,89.402,2020-01-01 14:03:00+00:00,100.0,24.487444444444446,34.608
1,16.832,89.402,2020-01-01 14:03:00+00:00,110.0,22.9045,34.7205
1,16.832,89.402,2020-01-01 14:03:00+00:00,120.0,21.194,34.7885
1,16.832,89.402,2020-01-01 14:03:00+00:00,130.0,19.7505,34.8245
1,16.832,89.402,2020-01-01 14:03:00+00:00,140.0,18.76081818181818,34.845454545454544
1,16.832,89.402,2020-01-01 14:03:00+00:00,150.0,17.805444444444444,34.86866666666666
1,16.832,89.402,2020-01-01 14:03:00+00:00,160.0,16.803,34.8925
1,16.832,89.402,2020-01-01 14:03:00+00:00,170.0,15.928,34.915499999999994
1,16.832,89.402,2020-01-01 14:03:00+00:00,180.0,15.267818181818182,34.932545454545455
1,16.832,89.402,2020-01-01 14:03:00+00:00,190.0,14.7,34.94244444444445
1,16.832,89.402,2020-01-01 14:03:00+00:00,200.0,14.230277777777777,34.95494444444444
1,16.832,89.402,2020-01-01 14:03:00+00:00,210.0,13.890833333333333,34.968833333333336
1,16.832,89.402,2020-01-01 14:03:00+00:00,220.0,13.59216,34.97832
1,16.832,89.402,2020-01-01 14:03:00+00:00,230.0,13.31096,34.98592
1,16.832,89.402,2020-01-01 14:03:00+00:00,240.0,13.02752,34.99352
1,16.832,89.402,2020-01-01 14:03:00+00:00,250.0,12.73512,35.00112
1,16.832,89.402,2020-01-01 14:03:00+00:00,260.0,12.442720000000001,35.008720000000004
1,16.832,89.402,2020-01-01 14:03:00+00:00,270.0,12.21948,35.01324
1,16.832,89.402,2020-01-01 14:03:00+00:00,280.0,12.02588,35.01644
1,16.832,89.402,2020-01-01 14:03:00+00:00,290.0,11.844153846153846,35.019461538461535
1,16.832,89.402,2020-01-01 14:03:00+00:00,300.0,11.709923076923078,35.02176923076923
1,16.832,89.402,2020-01-01 14:03:00+00:00,310.0,11.575692307692307,35.02407692307692
1,16.832,89.402,2020-01-01 14:03:00+00:00,320.0,11.458,35.0255
1,16.832,89.402,2020-01-01 14:03:00+00:00,330.0,11.351333333333333,35.02633333333333
1,16.832,89.402,2020-01-01 14:03:00+00:00,340.0,11.24808,35.02708
1,16.832,89.402,2020-01-01 14:03:00+00:00,350.0,11.158479999999999,35.02748
1,16.832,89.402,2020-01-01 14:03:00+00:00,360.0,11.06888,35.027879999999996
1,16.832,89.402,2020-01-01 14:03:00+00:00,370.0,10.98964,35.028
1,16.832,89.402,2020-01-01 14:03:00+00:00,380.0,10.91484,35.028
1,16.832,89.402,2020-01-01 14:03:00+00:00,390.0,10.8406,35.02792
1,16.832,89.402,2020-01-01 14:03:00+00:00,400.0,10.768600000000001,35.02752
1,16.832,89.402,2020-01-01 14:03:00+00:00,410.0,10.6966,35.027120000000004
1,16.832,89.402,2020-01-01 14:03:00+00:00,420.0,10.61984,35.026720000000005
1,16.832,89.402,2020-01-01 14:03:00+00:00,430.0,10.54104,35.026320000000005
1,16.832,89.402,2020-01-01 14:03:00+00:00,440.0,10.46448,35.025920000000006
1,16.832,89.402,2020-01-01 14:03:00+00:00,450.0,10.39688,35.02552
1,16.832,89.402,2020-01-01 14:03:00+00:00,460.0,10.329279999999999,35.02512
1,16.832,89.402,2020-01-01 14:03:00+00:00,470.0,10.25916,35.02472
1,16.832,89.402,2020-01-01 14:03:00+00:00,480.0,10.18796,35.02432
1,16.832,89.402,2020-01-01 14:03:00+00:00,490.0,10.1146,35.02376
1,16.832,89.402,2020-01-01 14:03:00+00:00,500.0,10.0326,35.02256
1,16.832,89.402,2020-01-01 14:03:00+00:00,510.0,9.9506,35.02136
1,16.832,89.402,2020-01-01 14:03:00+00:00,520.0,9.87364,35.020160000000004
1,16.832,89.402,2020-01-01 14:03:00+00:00,530.0,9.79884,35.01896
1,16.832,89.402,2020-01-01 14:03:00+00:00,540.0,9.72692,35.01776
1,16.832,89.402,2020-01-01 14:03:00+00:00,550.0,9.66652,35.01656
1,16.832,89.402,2020-01-01 14:03:00+00:00,560.0,9.606119999999999,35.01536
1,16.832,89.402,2020-01-01 14:03:00+00:00,570.0,9.53956,35.014160000000004
1,16.832,89.402,2020-01-01 14:03:00+00:00,580.0,9.47036,35.01296
1,16.832,89.402,2020-01-01 14:03:00+00:00,590.0,9.401959999999999,35.01168
1,16.832,89.402,2020-01-01 14:03:00+00:00,600.0,9.33676,35.01008
1,16.832,89.402,2020-01-01 14:03:00+00:00,610.0,9.271560000000001,35.008480000000006
1,16.832,89.402,2020-01-01 14:03:00+00:00,620.0,9.202720000000001,35.00688
1,16.832,89.402,2020-01-01 14:03:00+00:00,630.0,9.13232,35.00528
1,16.832,89.402,2020-01-01 14:03:00+00:00,640.0,9.0632,35.003679999999996
1,16.832,89.402,2020-01-01 14:03:00+00:00,650.0,8.9992,35.00208
1,16.832,89.402,2020-01-01 14:03:00+00:00,660.0,8.9352,35.00048
1,16.832,89.402,2020-01-01 14:03:00+00:00,670.0,8.87092,34.99888
1,16.832,89.402,2020-01-01 14:03:00+00:00,680.0,8.80652,34.99728
1,16.832,89.402,2020-01-01 14:03:00+00:00,690.0,8.742600000000001,34.99568
1,16.832,89.402,2020-01-01 14:03:00+00:00,700.0,8.6806,34.99408
1,16.832,89.402,2020-01-01 14:03:00+00:00,710.0,8.618599999999999,34.99248
1,16.832,89.402,2020-01-01 14:03:00+00:00,720.0,8.55156,34.9906
1,16.832,89.402,2020-01-01 14:03:00+00:00,730.0,8.48236,34.9886
1,16.832,89.402,2020-01-01 14:03:00+00:00,740.0,8.4134,34.9866
1,16.832,89.402,2020-01-01 14:03:00+00:00,750.0,8.3454,34.9846
1,16.832,89.402,2020-01-01 14:03:00+00:00,760.0,8.2774,34.9826
1,16.832,89.402,2020-01-01 14:03:00+00:00,770.0,8.20772,34.980599999999995
1,16.832,89.402,2020-01-01 14:03:00+00:00,780.0,8.137319999999999,34.9786
1,16.832,89.402,2020-01-01 14:03:00+00:00,790.0,8.06716,34.9766
1,16.832,89.402,2020-01-01 14:03:00+00:00,800.0,7.99796,34.9746
1,16.832,89.402,2020-01-01 14:03:00+00:00,810.0,7.9287600000000005,34.9726
1,16.832,89.402,2020-01-01 14:03:00+00:00,820.0,7.86223076923077,34.970653846153844
1,16.832,89.402,2020-01-01 14:03:00+00:00,830.0,7.796846153846154,34.96873076923077
1,16.832,89.402,2020-01-01 14:03:00+00:00,840.0,7.731791666666667,34.966791666666666
1,16.832,89.402,2020-01-01 14:03:00+00:00,850.0,7.669708333333333,34.964708333333334
1,16.832,89.402,2020-01-01 14:03:00+00:00,860.0,7.6076250000000005,34.962625
1,16.832,89.402,2020-01-01 14:03:00+00:00,870.0,7.54028,34.96032
1,16.832,89.402,2020-01-01 14:03:00+00:00,880.0,7.47068,34.95792
1,16.832,89.402,2020-01-01 14:03:00+00:00,890.0,7.40372,34.955600000000004
1,16.832,89.402,2020-01-01 14:03:00+00:00,900.0,7.34732,34.9536
1,16.832,89.402,2020-01-01 14:03:00+00:00,910.0,7.29092,34.9516
1,16.832,89.402,2020-01-01 14:03:00+00:00,920.0,7.23928,34.94988
1,16.832,89.402,2020-01-01 14:03:00+00:00,930.0,7.18968,34.948280000000004
1,16.832,89.402,2020-01-01 14:03:00+00:00,940.0,7.1394400000000005,34.946600000000004
1,16.832,89.402,2020-01-01 14:03:00+00:00,950.0,7.08664,34.9446
1,16.832,89.402,2020-01-01 14:03:00+00:00,960.0,7.03384,34.9426
1,16.832,89.402,2020-01-01 14:03:00+00:00,970.0,6.97628,34.940599999999996
1,16.832,89.402,2020-01-01 14:03:00+00:00,980.0,6.9166799999999995,34.9386
1,16.832,89.402,2020-01-01 14:03:00+00:00,990.0,6.857,34.936519999999994
1,16.832,89.402,2020-01-01 14:03:00+00:00,1000.0,6.797,34.93412
1,16.832,89.402,2020-01-01 14:03:00+00:00,1010.0,6.737,34.93172
1,16.832,89.402,2020-01-01 14:03:00+00:00,1020.0,6.67644,34.9296
1,16.832,89.402,2020-01-01 14:03:00+00:00,1030.0,6.61564,34.9276
1,16.832,89.402,2020-01-01 14:03:00+00:00,1040.0,6.555400000000001,34.92552
1,16.832,89.402,2020-01-01 14:03:00+00:00,1050.0,6.4974,34.923120000000004
1,16.832,89.402,2020-01-01 14:03:00+00:00,1060.0,6.4394,34.92072
1,16.832,89.402,2020-01-01 14:03:00+00:00,1070.0,6.38812,34.91888
1,16.832,89.402,2020-01-01 14:03:00+00:00,1080.0,6.33972,34.91728
1,16.832,89.402,2020-01-01 14:03:00+00:00,1090.0,6.29268,34.915679999999995
1,16.832,89.402,2020-01-01 14:03:00+00:00,1100.0,6.25108,34.91408
1,16.832,89.402,2020-01-01 14:03:00+00:00,1110.0,6.20948,34.91248
1,16.832,89.402,2020-01-01 14:03:00+00:00,1120.0,6.1598461538461535,34.91065384615384
1,16.832,89.402,2020-01-01 14:03:00+00:00,1130.0,6.106769230769231,34.908730769230765
1,16.832,89.402,2020-01-01 14:03:00+00:00,1140.0,6.0536666666666665,34.90679166666666
1,16.832,89.402,2020-01-01 14:03:00+00:00,1150.0,6.000333333333334,34.90470833333333
1,16.832,89.402,2020-01-01 14:03:00+00:00,1160.0,5.947,34.902625
1,16.832,89.402,2020-01-01 14:03:00+00:00,1170.0,5.88732,34.90032
1,16.832,89.402,2020-01-01 14:03:00+00:00,1180.0,5.8249200000000005,34.89792
1,16.832,89.402,2020-01-01 14:03:00+00:00,1190.0,5.76564,34.89568
1,16.832,89.402,2020-01-01 14:03:00+00:00,1200.0,5.71884,34.89408
1,16.832,89.402,2020-01-01 14:03:00+00:00,1210.0,5.67204,34.892480000000006
1,16.832,89.402,2020-01-01 14:03:00+00:00,1220.0,5.6288800000000005,34.89088
1,16.832,89.402,2020-01-01 14:03:00+00:00,1230.0,5.587280000000001,34.88928
1,16.832,89.402,2020-01-01 14:03:00+00:00,1240.0,5.54568,34.887679999999996
1,16.832,89.402,2020-01-01 14:03:00+00:00,1250.0,5.50408,34.88608
1,16.832,89.402,2020-01-01 14:03:00+00:00,1260.0,5.46248,34.88448
1,16.832,89.402,2020-01-01 14:03:00+00:00,1270.0,5.41892,34.8826
1,16.832,89.402,2020-01-01 14:03:00+00:00,1280.0,5.37452,34.8806
1,16.832,89.402,2020-01-01 14:03:00+00:00,1290.0,5.3306000000000004,34.878679999999996
1,16.832,89.402,2020-01-01 14:03:00+00:00,1300.0,5.288600000000001,34.87708
1,16.832,89.402,2020-01-01 14:03:00+00:00,1310.0,5.2466,34.87548
1,16.832,89.402,2020-01-01 14:03:00+00:00,1320.0,5.2032,34.87388
1,16.832,89.402,2020-01-01 14:03:00+00:00,1330.0,5.159199999999999,34.87228
1,16.832,89.402,2020-01-01 14:03:00+00:00,1340.0,5.116639999999999,34.87068
1,16.832,89.402,2020-01-01 14:03:00+00:00,1350.0,5.07984,34.86908
1,16.832,89.402,2020-01-01 14:03:00+00:00,1360.0,5.04304,34.86748
1,16.832,89.402,2020-01-01 14:03:00+00:00,1370.0,5.00708,34.86616
1,16.832,89.402,2020-01-01 14:03:00+00:00,1380.0,4.97148,34.864959999999996
1,16.832,89.402,2020-01-01 14:03:00+00:00,1390.0,4.933319999999999,34.8636
1,16.832,89.402,2020-01-01 14:03:00+00:00,1400.0,4.88492,34.8616
1,16.832,89.402,2020-01-01 14:03:00+00:00,1410.0,4.83652,34.8596
1,16.832,89.402,2020-01-01 14:03:00+00:00,1420.0,4.78588,34.8576
1,16.832,89.402,2020-01-01 14:03:00+00:00,1430.0,4.73428,34.8556
1,16.832,89.402,2020-01-01 14:03:00+00:00,1440.0,4.68364,34.85368
1,16.832,89.402,2020-01-01 14:03:00+00:00,1450.0,4.636839999999999,34.85208
1,16.832,89.402,2020-01-01 14:03:00+00:00,1460.0,4.590039999999999,34.850480000000005
1,16.832,89.402,2020-01-01 14:03:00+00:00,1470.0,4.540719999999999,34.8486
1,16.832,89.402,2020-01-01 14:03:00+00:00,1480.0,4.49032,34.8466
1,16.832,89.402,2020-01-01 14:03:00+00:00,1490.0,4.441120000000001,34.8446
1,16.832,89.402,2020-01-01 14:03:00+00:00,1500.0,4.39672,34.842600000000004
1,16.832,89.402,2020-01-01 14:03:00+00:00,1510.0,4.352320000000001,34.8406
1,16.832,89.402,2020-01-01 14:03:00+00:00,1520.0,4.31296,34.83916000000001
1,16.832,89.402,2020-01-01 14:03:00+00:00,1530.0,4.27576,34.83796
1,16.832,89.402,2020-01-01 14:03:00+00:00,1540.0,4.23824,34.83668
1,16.832,89.402,2020-01-01 14:03:00+00:00,1550.0,4.19944,34.83508
1,16.832,89.402,2020-01-01 14:03:00+00:00,1560.0,4.16064,34.83348
1,16.832,89.402,2020-01-01 14:03:00+00:00,1570.0,4.11764,34.8316
1,16.832,89.402,2020-01-01 14:03:00+00:00,1580.0,4.07284,34.8296
1,16.832,89.402,2020-01-01 14:03:00+00:00,1590.0,4.0277199999999995,34.827600000000004
1,16.832,89.402,2020-01-01 14:03:00+00:00,1600.0,3.9813199999999997,34.8256
1,16.832,89.402,2020-01-01 14:03:00+00:00,1610.0,3.93492,34.8236
1,16.832,89.402,2020-01-01 14:03:00+00:00,1620.0,3.89104,34.82188
1,16.832,89.402,2020-01-01 14:03:00+00:00,1630.0,3.84824,34.820280000000004
1,16.832,89.402,2020-01-01 14:03:00+00:00,1640.0,3.80528,34.81868
1,16.832,89.402,2020-01-01 14:03:00+00:00,1650.0,3.76168,34.81708
1,16.832,89.402,2020-01-01 14:03:00+00:00,1660.0,3.71808,34.81548
1,16.832,89.402,2020-01-01 14:03:00+00:00,1670.0,3.67252,34.8136
1,16.832,89.402,2020-01-01 14:03:00+00:00,1680.0,3.62612,34.8116
1,16.832,89.402,2020-01-01 14:03:00+00:00,1690.0,3.58028,34.8096
1,16.832,89.402,2020-01-01 14:03:00+00:00,1700.0,3.53668,34.8076
1,16.832,89.402,2020-01-01 14:03:00+00:00,1710.0,3.49308,34.8056
1,16.832,89.402,2020-01-01 14:03:00+00:00,1720.0,3.44892,34.80388
1,16.832,89.402,2020-01-01 14:03:00+00:00,1730.0,3.40452,34.80228
1,16.832,89.402,2020-01-01 14:03:00+00:00,1740.0,3.3607600000000004,34.8006
1,16.832,89.402,2020-01-01 14:03:00+00:00,1750.0,3.31956,34.7986
1,16.832,89.402,2020-01-01 14:03:00+00:00,1760.0,3.27836,34.7966
1,16.832,89.402,2020-01-01 14:03:00+00:00,1770.0,3.24192,34.79516
1,16.832,89.402,2020-01-01 14:03:00+00:00,1780.0,3.20752,34.79396
1,16.832,89.402,2020-01-01 14:03:00+00:00,1790.0,3.1734400000000003,34.79268
1,16.832,89.402,2020-01-01 14:03:00+00:00,1800.0,3.14064,34.79108
1,16.832,89.402,2020-01-01 14:03:00+00:00,1810.0,3.10784,34.789480000000005
1,16.832,89.402,2020-01-01 14:03:00+00:00,1820.0,3.07728,34.788160000000005
1,16.832,89.402,2020-01-01 14:03:00+00:00,1830.0,3.04768,34.78696
1,16.832,89.402,2020-01-01 14:03:00+00:00,1840.0,3.01808,34.78576
1,16.832,89.402,2020-01-01 14:03:00+00:00,1850.0,2.98848,34.78456
1,16.832,89.402,2020-01-01 14:03:00+00:00,1860.0,2.95888,34.78336
1,16.832,89.402,2020-01-01 14:03:00+00:00,1870.0,2.93264,34.782160000000005
1,16.832,89.402,2020-01-01 14:03:00+00:00,1880.0,2.90784,34.78096
1,16.832,89.402,2020-01-01 14:03:00+00:00,1890.0,2.88328,34.77984
1,16.832,89.402,2020-01-01 14:03:00+00:00,1900.0,2.85968,34.77904
1,16.832,89.402,2020-01-01 14:03:00+00:00,1910.0,2.83608,34.77824
1,16.832,89.402,2020-01-01 14:03:00+00:00,1920.0,2.81192,34.77716
1,16.832,89.402,2020-01-01 14:03:00+00:00,1930.0,2.7875199999999998,34.77596
1,16.832,89.402,2020-01-01 14:03:00+00:00,1940.0,2.76408,34.77484
1,16.832,89.402,2020-01-01 14:03:00+00:00,1950.0,2.74448,34.77404
1,16.832,89.402,2020-01-01 14:03:00+00:00,1960.0,2.7248799999999997,34.77324
1,16.832,89.402,2020-01-01 14:03:00+00:00,1970.0,2.70892,34.77244
1,16.832,89.402,2020-01-01 14:03:00+00:00,1980.0,2.69452,34.771640000000005
2,13.823,87.733,2020-01-02 14:08:00+00:00,10.0,28.211,33.701
2,13.823,87.733,2020-01-02 14:08:00+00:00,20.0,28.201,33.6995
2,13.823,87.733,2020-01-02 14:08:00+00:00,30.0,28.1715,33.698
2,13.823,87.733,2020-01-02 14:08:00+00:00,40.0,28.151,33.697500000000005
2,13.823,87.733,2020-01-02 14:08:00+00:00,50.0,28.149,33.698499999999996
2,13.823,87.733,2020-01-02 14:08:00+00:00,60.0,28.067,33.8435
2,13.823,87.733,2020-01-02 14:08:00+00:00,70.0,27.158272727272728,34.288000000000004
2,13.823,87.733,2020-01-02 14:08:00+00:00,80.0,25.575666666666667,34.715555555555554
2,13.823,87.733,2020-01-02 14:08:00+00:00,90.0,24.2915,34.8425
2,13.823,87.733,2020-01-02 14:08:00+00:00,100.0,23.3595,34.9225
2,13.823,87.733,2020-01-02 14:08:00+00:00,110.0,22.313000000000002,34.916
2,13.823,87.733,2020-01-02 14:08:00+00:00,120.0,20.9285,34.847
2,13.823,87.733,2020-01-02 14:08:00+00:00,130.0,19.743499999999997,34.83
2,13.823,87.733,2020-01-02 14:08:00+00:00,140.0,18.744999999999997,34.849000000000004
2,13.823,87.733,2020-01-02 14:08:00+00:00,150.0,17.741,34.8715
2,13.823,87.733,2020-01-02 14:08:00+00:00,160.0,17.01709090909091,34.888909090909095
2,13.823,87.733,2020-01-02 14:08:00+00:00,170.0,16.3396,34.9044
2,13.823,87.733,2020-01-02 14:08:00+00:00,180.0,15.506,34.9254
2,13.823,87.733,2020-01-02 14:08:00+00:00,190.0,14.853,34.944
2,13.823,87.733,2020-01-02 14:08:00+00:00,200.0,14.268777777777778,34.95677777777778
2,13.823,87.733,2020-01-02 14:08:00+00:00,210.0,13.693222222222222,34.96622222222222
2,13.823,87.733,2020-01-02 14:08:00+00:00,220.0,13.28125,34.97625
2,13.823,87.733,2020-01-02 14:08:00+00:00,230.0,12.978333333333333,34.986666666666665
2,13.823,87.733,2020-01-02 14:08:00+00:00,240.0,12.693200000000001,34.9966
2,13.823,87.733,2020-01-02 14:08:00+00:00,250.0,12.4792,35.004599999999996
2,13.823,87.733,2020-01-02 14:08:00+00:00,260.0,12.2652,35.0126
2,13.823,87.733,2020-01-02 14:08:00+00:00,270.0,12.076166666666667,35.017625
2,13.823,87.733,2020-01-02 14:08:00+00:00,280.0,11.897833333333333,35.021375
2,13.823,87.733,2020-01-02 14:08:00+00:00,290.0,11.732153846153846,35.024115384615385
2,13.823,87.733,2020-01-02 14:08:00+00:00,300.0,11.596,35.0245
2,13.823,87.733,2020-01-02 14:08:00+00:00,310.0,11.459846153846154,35.024884615384615
2,13.823,87.733,2020-01-02 14:08:00+00:00,320.0,11.336680000000001,35.025
2,13.823,87.733,2020-01-02 14:08:00+00:00,330.0,11.21908,35.025
2,13.823,87.733,2020-01-02 14:08:00+00:00,340.0,11.1082,35.025079999999996
2,13.823,87.733,2020-01-02 14:08:00+00:00,350.0,11.0242,35.02548
2,13.823,87.733,2020-01-02 14:08:00+00:00,360.0,10.940199999999999,35.02588
2,13.823,87.733,2020-01-02 14:08:00+00:00,370.0,10.84948,35.026
2,13.823,87.733,2020-01-02 14:08:00+00:00,380.0,10.75588,35.026
2,13.823,87.733,2020-01-02 14:08:00+00:00,390.0,10.664538461538461,35.02638461538462
2,13.823,87.733,2020-01-02 14:08:00+00:00,400.0,10.582230769230769,35.02830769230769
2,13.823,87.733,2020-01-02 14:08:00+00:00,410.0,10.499923076923077,35.03023076923077
2,13.823,87.733,2020-01-02 14:08:00+00:00,420.0,10.41675,35.02975
2,13.823,87.733,2020-01-02 14:08:00+00:00,430.0,10.333,35.02766666666667
2,13.823,87.733,2020-01-02 14:08:00+00:00,440.0,10.25056,35.025600000000004
2,13.823,87.733,2020-01-02 14:08:00+00:00,450.0,10.17336,35.0236
2,13.823,87.733,2020-01-02 14:08:00+00:00,460.0,10.096160000000001,35.0216
2,13.823,87.733,2020-01-02 14:08:00+00:00,470.0,10.02512,35.02044
2,13.823,87.733,2020-01-02 14:08:00+00:00,480.0,9.956719999999999,35.01964
2,13.823,87.733,2020-01-02 14:08:00+00:00,490.0,9.888,35.01876
2,13.823,87.733,2020-01-02 14:08:00+00:00,500.0,9.818,35.017559999999996
2,13.823,87.733,2020-01-02 14:08:00+00:00,510.0,9.748,35.01636
2,13.823,87.733,2020-01-02 14:08:00+00:00,520.0,9.68612,35.01516
2,13.823,87.733,2020-01-02 14:08:00+00:00,530.0,9.62772,35.01396
2,13.823,87.733,2020-01-02 14:08:00+00:00,540.0,9.56988,35.01284
2,13.823,87.733,2020-01-02 14:08:00+00:00,550.0,9.51428,35.01204
2,13.823,87.733,2020-01-02 14:08:00+00:00,560.0,9.45868,35.01124
2,13.823,87.733,2020-01-02 14:08:00+00:00,570.0,9.403360000000001,35.00988
2,13.823,87.733,2020-01-02 14:08:00+00:00,580.0,9.34816,35.00828
2,13.823,87.733,2020-01-02 14:08:00+00:00,590.0,9.294,35.00676
2,13.823,87.733,2020-01-02 14:08:00+00:00,600.0,9.244,35.005559999999996
2,13.823,87.733,2020-01-02 14:08:00+00:00,610.0,9.194,35.00436
2,13.823,87.733,2020-01-02 14:08:00+00:00,620.0,9.1398,35.00316
2,13.823,87.733,2020-01-02 14:08:00+00:00,630.0,9.0838,35.00196
2,13.823,87.733,2020-01-02 14:08:00+00:00,640.0,9.02756,35.000679999999996
2,13.823,87.733,2020-01-02 14:08:00+00:00,650.0,8.97036,34.99908
2,13.823,87.733,2020-01-02 14:08:00+00:00,660.0,8.913160000000001,34.99748
2,13.823,87.733,2020-01-02 14:08:00+00:00,670.0,8.84868,34.99672
2,13.823,87.733,2020-01-02 14:08:00+00:00,680.0,8.781080000000001,34.996320000000004
2,13.823,87.733,2020-01-02 14:08:00+00:00,690.0,8.712307692307693,34.99569230769231
2,13.823,87.733,2020-01-02 14:08:00+00:00,700.0,8.638846153846155,34.99415384615384
2,13.823,87.733,2020-01-02 14:08:00+00:00,710.0,8.565384615384614,34.992615384615384
2,13.823,87.733,2020-01-02 14:08:00+00:00,720.0,8.497499999999999,34.9905
2,13.823,87.733,2020-01-02 14:08:00+00:00,730.0,8.433333333333334,34.988
2,13.823,87.733,2020-01-02 14:08:00+00:00,740.0,8.36768,34.9856
2,13.823,87.733,2020-01-02 14:08:00+00:00,750.0,8.29608,34.9836
2,13.823,87.733,2020-01-02 14:08:00+00:00,760.0,8.22448,34.9816
2,13.823,87.733,2020-01-02 14:08:00+00:00,770.0,8.15484,34.9796
2,13.823,87.733,2020-01-02 14:08:00+00:00,780.0,8.08604,34.9776
2,13.823,87.733,2020-01-02 14:08:00+00:00,790.0,8.01612,34.97568
2,13.823,87.733,2020-01-02 14:08:00+00:00,800.0,7.94172,34.97408
2,13.823,87.733,2020-01-02 14:08:00+00:00,810.0,7.867319999999999,34.972480000000004
2,13.823,87.733,2020-01-02 14:08:00+00:00,820.0,7.8010399999999995,34.97032
2,13.823,87.733,2020-01-02 14:08:00+00:00,830.0,7.738239999999999,34.96792
2,13.823,87.733,2020-01-02 14:08:00+00:00,840.0,7.67632,34.96568
2,13.823,87.733,2020-01-02 14:08:00+00:00,850.0,7.61792,34.96408
2,13.823,87.733,2020-01-02 14:08:00+00:00,860.0,7.55952,34.962480000000006
2,13.823,87.733,2020-01-02 14:08:00+00:00,870.0,7.50476,34.96088
2,13.823,87.733,2020-01-02 14:08:00+00:00,880.0,7.45156,34.95928
2,13.823,87.733,2020-01-02 14:08:00+00:00,890.0,7.3986,34.9576
2,13.823,87.733,2020-01-02 14:08:00+00:00,900.0,7.3466,34.955600000000004
2,13.823,87.733,2020-01-02 14:08:00+00:00,910.0,7.2946,34.9536
2,13.823,87.733,2020-01-02 14:08:00+00:00,920.0,7.236416666666667,34.95154166666667
2,13.823,87.733,2020-01-02 14:08:00+00:00,930.0,7.175583333333333,34.94945833333333
2,13.823,87.733,2020-01-02 14:08:00+00:00,940.0,7.115,34.947307692307696
2,13.823,87.733,2020-01-02 14:08:00+00:00,950.0,7.055,34.945
2,13.823,87.733,2020-01-02 14:08:00+00:00,960.0,6.995,34.942692307692305
2,13.823,87.733,2020-01-02 14:08:00+00:00,970.0,6.93696,34.940599999999996
2,13.823,87.733,2020-01-02 14:08:00+00:00,980.0,6.87976,34.9386
2,13.823,87.733,2020-01-02 14:08:00+00:00,990.0,6.82264,34.9366
2,13.823,87.733,2020-01-02 14:08:00+00:00,1000.0,6.76584,34.9346
2,13.823,87.733,2020-01-02 14:08:00+00:00,1010.0,6.70904,34.9326
2,13.823,87.733,2020-01-02 14:08:00+00:00,1020.0,6.6542,34.93032
2,13.823,87.733,2020-01-02 14:08:00+00:00,1030.0,6.6002,34.92792
2,13.823,87.733,2020-01-02 14:08:00+00:00,1040.0,6.54788,34.9256
2,13.823,87.733,2020-01-02 14:08:00+00:00,1050.0,6.50228,34.9236
2,13.823,87.733,2020-01-02 14:08:00+00:00,1060.0,6.4566799999999995,34.9216
2,13.823,87.733,2020-01-02 14:08:00+00:00,1070.0,6.40912,34.91932
2,13.823,87.733,2020-01-02 14:08:00+00:00,1080.0,6.36072,34.91692
2,13.823,87.733,2020-01-02 14:08:00+00:00,1090.0,6.31136,34.91468
2,13.823,87.733,2020-01-02 14:08:00+00:00,1100.0,6.25816,34.91308
2,13.823,87.733,2020-01-02 14:08:00+00:00,1110.0,6.20496,34.911480000000005
2,13.823,87.733,2020-01-02 14:08:00+00:00,1120.0,6.15792,34.9096
2,13.823,87.733,2020-01-02 14:08:00+00:00,1130.0,6.11352,34.9076
2,13.823,87.733,2020-01-02 14:08:00+00:00,1140.0,6.07,34.90568
2,13.823,87.733,2020-01-02 14:08:00+00:00,1150.0,6.03,34.90408
2,13.823,87.733,2020-01-02 14:08:00+00:00,1160.0,5.99,34.902480000000004
2,13.823,87.733,2020-01-02 14:08:00+00:00,1170.0,5.951346153846154,34.901192307692305
2,13.823,87.733,2020-01-02 14:08:00+00:00,1180.0,5.91326923076923,34.900038461538465
2,13.823,87.733,2020-01-02 14:08:00+00:00,1190.0,5.875166666666666,34.898833333333336
2,13.823,87.733,2020-01-02 14:08:00+00:00,1200.0,5.836833333333333,34.89716666666667
2,13.823,87.733,2020-01-02 14:08:00+00:00,1210.0,5.7985,34.895500000000006
2,13.823,87.733,2020-01-02 14:08:00+00:00,1220.0,5.75368,34.89388
2,13.823,87.733,2020-01-02 14:08:00+00:00,1230.0,5.70608,34.89228
2,13.823,87.733,2020-01-02 14:08:00+00:00,1240.0,5.65936,34.890679999999996
2,13.823,87.733,2020-01-02 14:08:00+00:00,1250.0,5.61616,34.88908
2,13.823,87.733,2020-01-02 14:08:00+00:00,1260.0,5.572959999999999,34.887480000000004
2,13.823,87.733,2020-01-02 14:08:00+00:00,1270.0,5.5291999999999994,34.88588
2,13.823,87.733,2020-01-02 14:08:00+00:00,1280.0,5.4852,34.884280000000004
2,13.823,87.733,2020-01-02 14:08:00+00:00,1290.0,5.44176,34.882600000000004
2,13.823,87.733,2020-01-02 14:08:00+00:00,1300.0,5.4005600000000005,34.8806
2,13.823,87.733,2020-01-02 14:08:00+00:00,1310.0,5.359360000000001,34.8786
2,13.823,87.733,2020-01-02 14:08:00+00:00,1320.0,5.32068,34.87716
2,13.823,87.733,2020-01-02 14:08:00+00:00,1330.0,5.28308,34.87596
2,13.823,87.733,2020-01-02 14:08:00+00:00,1340.0,5.24508,34.87468
2,13.823,87.733,2020-01-02 14:08:00+00:00,1350.0,5.20548,34.87308
2,13.823,87.733,2020-01-02 14:08:00+00:00,1360.0,5.16588,34.871480000000005
2,13.823,87.733,2020-01-02 14:08:00+00:00,1370.0,5.1223600000000005,34.86988
2,13.823,87.733,2020-01-02 14:08:00+00:00,1380.0,5.07716,34.86828
2,13.823,87.733,2020-01-02 14:08:00+00:00,1390.0,5.03204,34.8666
2,13.823,87.733,2020-01-02 14:08:00+00:00,1400.0,4.98724,34.8646
2,13.823,87.733,2020-01-02 14:08:00+00:00,1410.0,4.94244,34.8626
2,13.823,87.733,2020-01-02 14:08:00+00:00,1420.0,4.89904,34.86088
2,13.823,87.733,2020-01-02 14:08:00+00:00,1430.0,4.856240000000001,34.85928
2,13.823,87.733,2020-01-02 14:08:00+00:00,1440.0,4.8131200000000005,34.857679999999995
2,13.823,87.733,2020-01-02 14:08:00+00:00,1450.0,4.76872,34.85608
2,13.823,87.733,2020-01-02 14:08:00+00:00,1460.0,4.7243200000000005,34.85448
2,13.823,87.733,2020-01-02 14:08:00+00:00,1470.0,4.682440000000001,34.85288
2,13.823,87.733,2020-01-02 14:08:00+00:00,1480.0,4.64164,34.85128
2,13.823,87.733,2020-01-02 14:08:00+00:00,1490.0,4.60044,34.84968
2,13.823,87.733,2020-01-02 14:08:00+00:00,1500.0,4.55764,34.848079999999996
2,13.823,87.733,2020-01-02 14:08:00+00:00,1510.0,4.5148399999999995,34.84648
2,13.823,87.733,2020-01-02 14:08:00+00:00,1520.0,4.46588,34.8446
2,13.823,87.733,2020-01-02 14:08:00+00:00,1530.0,4.41428,34.8426
2,13.823,87.733,2020-01-02 14:08:00+00:00,1540.0,4.364520000000001,34.84068
2,13.823,87.733,2020-01-02 14:08:00+00:00,1550.0,4.32212,34.83908
2,13.823,87.733,2020-01-02 14:08:00+00:00,1560.0,4.27972,34.837480000000006
2,13.823,87.733,2020-01-02 14:08:00+00:00,1570.0,4.238720000000001,34.83588
2,13.823,87.733,2020-01-02 14:08:00+00:00,1580.0,4.198320000000001,34.83428
2,13.823,87.733,2020-01-02 14:08:00+00:00,1590.0,4.155200000000001,34.8326
2,13.823,87.733,2020-01-02 14:08:00+00:00,1600.0,4.1012,34.830600000000004
2,13.823,87.733,2020-01-02 14:08:00+00:00,1610.0,4.0472,34.8286
2,13.823,87.733,2020-01-02 14:08:00+00:00,1620.0,3.9940399999999996,34.82632
2,13.823,87.733,2020-01-02 14:08:00+00:00,1630.0,3.94124,34.82392
2,13.823,87.733,2020-01-02 14:08:00+00:00,1640.0,3.89052,34.82168
2,13.823,87.733,2020-01-02 14:08:00+00:00,1650.0,3.84812,34.82008
2,13.823,87.733,2020-01-02 14:08:00+00:00,1660.0,3.80572,34.81848
2,13.823,87.733,2020-01-02 14:08:00+00:00,1670.0,3.76444,34.81688
2,13.823,87.733,2020-01-02 14:08:00+00:00,1680.0,3.72364,34.81528
2,13.823,87.733,2020-01-02 14:08:00+00:00,1690.0,3.68132,34.8136
2,13.823,87.733,2020-01-02 14:08:00+00:00,1700.0,3.63292,34.8116
2,13.823,87.733,2020-01-02 14:08:00+00:00,1710.0,3.58452,34.809599999999996
2,13.823,87.733,2020-01-02 14:08:00+00:00,1720.0,3.54004,34.80788
2,13.823,87.733,2020-01-02 14:08:00+00:00,1730.0,3.49724,34.80628
2,13.823,87.733,2020-01-02 14:08:00+00:00,1740.0,3.45532,34.8046
2,13.823,87.733,2020-01-02 14:08:00+00:00,1750.0,3.41692,34.8026
2,13.823,87.733,2020-01-02 14:08:00+00:00,1760.0,3.37852,34.800599999999996
2,13.823,87.733,2020-01-02 14:08:00+00:00,1770.0,3.3432,34.79916
2,13.823,87.733,2020-01-02 14:08:00+00:00,1780.0,3.3092,34.797959999999996
2,13.823,87.733,2020-01-02 14:08:00+00:00,1790.0,3.2764,34.79676
2,13.823,87.733,2020-01-02 14:08:00+00:00,1800.0,3.2484,34.795559999999995
2,13.823,87.733,2020-01-02 14:08:00+00:00,1810.0,3.2204,34.79436
2,13.823,87.733,2020-01-02 14:08:00+00:00,1820.0,3.1910000000000003,34.79316
2,13.823,87.733,2020-01-02 14:08:00+00:00,1830.0,3.161,34.791959999999996
2,13.823,87.733,2020-01-02 14:08:00+00:00,1840.0,3.13116,34.790679999999995
2,13.823,87.733,2020-01-02 14:08:00+00:00,1850.0,3.10196,34.78908
2,13.823,87.733,2020-01-02 14:08:00+00:00,1860.0,3.07276,34.78748
2,13.823,87.733,2020-01-02 14:08:00+00:00,1870.0,3.04272,34.78616
2,13.823,87.733,2020-01-02 14:08:00+00:00,1880.0,3.01232,34.78496
2,13.823,87.733,2020-01-02 14:08:00+00:00,1890.0,2.98224,34.78376
2,13.823,87.733,2020-01-02 14:08:00+00:00,1900.0,2.95344,34.78256
2,13.823,87.733,2020-01-02 14:08:00+00:00,1910.0,2.92464,34.78136
2,13.823,87.733,2020-01-02 14:08:00+00:00,1920.0,2.8992,34.78044
2,13.823,87.733,2020-01-02 14:08:00+00:00,1930.0,2.8752,34.77964
2,13.823,87.733,2020-01-02 14:08:00+00:00,1940.0,2.852,34.77884
2,13.823,87.733,2020-01-02 14:08:00+00:00,1950.0,2.832,34.778040000000004
2,13.823,87.733,2020-01-02 14:08:00+00:00,1960.0,2.812,34.77724
2,13.823,87.733,2020-01-02 14:08:00+00:00,1970.0,2.792,34.776160000000004
2,13.823,87.733,2020-01-02 14:08:00+00:00,1980.0,2.772,34.77496
3,13.506,89.154,2020-01-03 00:04:44+00:00,10.0,27.752,32.418
3,13.506,89.154,2020-01-03 00:04:44+00:00,20.0,27.8395,32.664
3,13.506,89.154,2020-01-03 00:04:44+00:00,30.0,27.986818181818183,32.92163636363637
3,13.506,89.154,2020-01-03 00:04:44+00:00,40.0,28.01211111111111,33.41777777777778
3,13.506,89.154,2020-01-03 00:04:44+00:00,50.0,26.978499999999997,34.055
3,13.506,89.154,2020-01-03 00:04:44+00:00,60.0,25.465,34.4645
3,13.506,89.154,2020-01-03 00:04:44+00:00,70.0,24.144000000000002,34.689454545454545
3,13.506,89.154,2020-01-03 00:04:44+00:00,80.0,22.52088888888889,34.75222222222222
3,13.506,89.154,2020-01-03 00:04:44+00:00,90.0,21.0415,34.786
3,13.506,89.154,2020-01-03 00:04:44+00:00,100.0,20.0135,34.812
3,13.506,89.154,2020-01-03 00:04:44+00:00,110.0,19.131454545454545,34.832
3,13.506,89.154,2020-01-03 00:04:44+00:00,120.0,18.32422222222222,34.85644444444444
3,13.506,89.154,2020-01-03 00:04:44+00:00,130.0,17.339,34.885999999999996
3,13.506,89.154,2020-01-03 00:04:44+00:00,140.0,16.3545,34.915499999999994
3,13.506,89.154,2020-01-03 00:04:44+00:00,150.0,15.59,34.939
3,13.506,89.154,2020-01-03 00:04:44+00:00,160.0,14.993818181818183,34.95427272727273
3,13.506,89.154,2020-01-03 00:04:44+00:00,170.0,14.502,34.967444444444446
3,13.506,89.154,2020-01-03 00:04:44+00:00,180.0,14.062999999999999,34.980000000000004
3,13.506,89.154,2020-01-03 00:04:44+00:00,190.0,13.622636363636364,34.992
3,13.506,89.154,2020-01-03 00:04:44+00:00,200.0,13.232999999999999,35.001294117647056
3,13.506,89.154,2020-01-03 00:04:44+00:00,210.0,12.923,35.0095294117647
3,13.506,89.154,2020-01-03 00:04:44+00:00,220.0,12.67516,35.01928
3,13.506,89.154,2020-01-03 00:04:44+00:00,230.0,12.45396,35.02968
3,13.506,89.154,2020-01-03 00:04:44+00:00,240.0,12.25076,35.038639999999994
3,13.506,89.154,2020-01-03 00:04:44+00:00,250.0,12.11956,35.04184
3,13.506,89.154,2020-01-03 00:04:44+00:00,260.0,11.98836,35.04504
3,13.506,89.154,2020-01-03 00:04:44+00:00,270.0,11.87396,35.04712
3,13.506,89.154,2020-01-03 00:04:44+00:00,280.0,11.76676,35.048719999999996
3,13.506,89.154,2020-01-03 00:04:44+00:00,290.0,11.65828,35.05
3,13.506,89.154,2020-01-03 00:04:44+00:00,300.0,11.54468,35.05
3,13.506,89.154,2020-01-03 00:04:44+00:00,310.0,11.43108,35.05
3,13.506,89.154,2020-01-03 00:04:44+00:00,320.0,11.32673076923077,35.05053846153846
3,13.506,89.154,2020-01-03 00:04:44+00:00,330.0,11.226346153846153,35.05130769230769
3,13.506,89.154,2020-01-03 00:04:44+00:00,340.0,11.127625,35.05195833333333
3,13.506,89.154,2020-01-03 00:04:44+00:00,350.0,11.043875,35.051541666666665
3,13.506,89.154,2020-01-03 00:04:44+00:00,360.0,10.960125,35.051125
3,13.506,89.154,2020-01-03 00:04:44+00:00,370.0,10.88908,35.051
3,13.506,89.154,2020-01-03 00:04:44+00:00,380.0,10.82348,35.051
3,13.506,89.154,2020-01-03 00:04:44+00:00,390.0,10.758840000000001,35.051
3,13.506,89.154,2020-01-03 00:04:44+00:00,400.0,10.69804,35.051
3,13.506,89.154,2020-01-03 00:04:44+00:00,410.0,10.63724,35.051
3,13.506,89.154,2020-01-03 00:04:44+00:00,420.0,10.58568,35.05044
3,13.506,89.154,2020-01-03 00:04:44+00:00,430.0,10.53808,35.049640000000004
3,13.506,89.154,2020-01-03 00:04:44+00:00,440.0,10.48896,35.049
3,13.506,89.154,2020-01-03 00:04:44+00:00,450.0,10.43376,35.049
3,13.506,89.154,2020-01-03 00:04:44+00:00,460.0,10.37856,35.049
3,13.506,89.154,2020-01-03 00:04:44+00:00,470.0,10.32476,35.04872
3,13.506,89.154,2020-01-03 00:04:44+00:00,480.0,10.27156,35.048320000000004
3,13.506,89.154,2020-01-03 00:04:44+00:00,490.0,10.215879999999999,35.047920000000005
3,13.506,89.154,2020-01-03 00:04:44+00:00,500.0,10.150279999999999,35.04752
3,13.506,89.154,2020-01-03 00:04:44+00:00,510.0,10.084679999999999,35.04712
3,13.506,89.154,2020-01-03 00:04:44+00:00,520.0,10.01628,35.04616
3,13.506,89.154,2020-01-03 00:04:44+00:00,530.0,9.94668,35.044959999999996
3,13.506,89.154,2020-01-03 00:04:44+00:00,540.0,9.87588,35.043679999999995
3,13.506,89.154,2020-01-03 00:04:44+00:00,550.0,9.80028,35.04208
3,13.506,89.154,2020-01-03 00:04:44+00:00,560.0,9.72468,35.04048
3,13.506,89.154,2020-01-03 00:04:44+00:00,570.0,9.64964,35.03888
3,13.506,89.154,2020-01-03 00:04:44+00:00,580.0,9.57484,35.03728
3,13.506,89.154,2020-01-03 00:04:44+00:00,590.0,9.497846153846154,35.03569230769231
3,13.506,89.154,2020-01-03 00:04:44+00:00,600.0,9.412076923076924,35.03415384615384
3,13.506,89.154,2020-01-03 00:04:44+00:00,610.0,9.326307692307692,35.03261538461538
3,13.506,89.154,2020-01-03 00:04:44+00:00,620.0,9.2485,35.031
3,13.506,89.154,2020-01-03 00:04:44+00:00,630.0,9.176,35.029333333333334
3,13.506,89.154,2020-01-03 00:04:44+00:00,640.0,9.10424,35.0276
3,13.506,89.154,2020-01-03 00:04:44+00:00,650.0,9.03544,35.025600000000004
3,13.506,89.154,2020-01-03 00:04:44+00:00,660.0,8.96664,35.0236
3,13.506,89.154,2020-01-03 00:04:44+00:00,670.0,8.91296,35.02216000000001
3,13.506,89.154,2020-01-03 00:04:44+00:00,680.0,8.86576,35.02096
3,13.506,89.154,2020-01-03 00:04:44+00:00,690.0,8.81576,35.01968
3,13.506,89.154,2020-01-03 00:04:44+00:00,700.0,8.75456,35.01808
3,13.506,89.154,2020-01-03 00:04:44+00:00,710.0,8.69336,35.01648
3,13.506,89.154,2020-01-03 00:04:44+00:00,720.0,8.634400000000001,35.01488
3,13.506,89.154,2020-01-03 00:04:44+00:00,730.0,8.5764,35.01328
3,13.506,89.154,2020-01-03 00:04:44+00:00,740.0,8.517199999999999,35.01168
3,13.506,89.154,2020-01-03 00:04:44+00:00,750.0,8.453199999999999,35.01008
3,13.506,89.154,2020-01-03 00:04:44+00:00,760.0,8.389199999999999,35.008480000000006
3,13.506,89.154,2020-01-03 00:04:44+00:00,770.0,8.32884,35.00688
3,13.506,89.154,2020-01-03 00:04:44+00:00,780.0,8.27004,35.00528
3,13.506,89.154,2020-01-03 00:04:44+00:00,790.0,8.21076,35.0036
3,13.506,89.154,2020-01-03 00:04:44+00:00,800.0,8.149560000000001,35.0016
3,13.506,89.154,2020-01-03 00:04:44+00:00,810.0,8.08836,34.9996
3,13.506,89.154,2020-01-03 00:04:44+00:00,820.0,8.01932,34.99732
3,13.506,89.154,2020-01-03 00:04:44+00:00,830.0,7.94692,34.99492
3,13.506,89.154,2020-01-03 00:04:44+00:00,840.0,7.878230769230769,34.99269230769231
3,13.506,89.154,2020-01-03 00:04:44+00:00,850.0,7.8243846153846155,34.99115384615384
3,13.506,89.154,2020-01-03 00:04:44+00:00,860.0,7.770538461538461,34.989615384615384
3,13.506,89.154,2020-01-03 00:04:44+00:00,870.0,7.71425,34.9875
3,13.506,89.154,2020-01-03 00:04:44+00:00,880.0,7.656333333333333,34.985
3,13.506,89.154,2020-01-03 00:04:44+00:00,890.0,7.59576,34.982519999999994
3,13.506,89.154,2020-01-03 00:04:44+00:00,900.0,7.52456,34.98012
3,13.506,89.154,2020-01-03 00:04:44+00:00,910.0,7.45336,34.97772
3,13.506,89.154,2020-01-03 00:04:44+00:00,920.0,7.39168,34.9756
3,13.506,89.154,2020-01-03 00:04:44+00:00,930.0,7.33408,34.9736
3,13.506,89.154,2020-01-03 00:04:44+00:00,940.0,7.27592,34.9716
3,13.506,89.154,2020-01-03 00:04:44+00:00,950.0,7.21552,34.9696
3,13.506,89.154,2020-01-03 00:04:44+00:00,960.0,7.155119999999999,34.9676
3,13.506,89.154,2020-01-03 00:04:44+00:00,970.0,7.09556,34.96588
3,13.506,89.154,2020-01-03 00:04:44+00:00,980.0,7.03636,34.96428
3,13.506,89.154,2020-01-03 00:04:44+00:00,990.0,6.9783599999999995,34.96268
3,13.506,89.154,2020-01-03 00:04:44+00:00,1000.0,6.92516,34.96108
3,13.506,89.154,2020-01-03 00:04:44+00:00,1010.0,6.87196,34.959480000000006
3,13.506,89.154,2020-01-03 00:04:44+00:00,1020.0,6.8156799999999995,34.95732
3,13.506,89.154,2020-01-03 00:04:44+00:00,1030.0,6.75808,34.95492
3,13.506,89.154,2020-01-03 00:04:44+00:00,1040.0,6.6993599999999995,34.95244
3,13.506,89.154,2020-01-03 00:04:44+00:00,1050.0,6.63616,34.94964
3,13.506,89.154,2020-01-03 00:04:44+00:00,1060.0,6.57296,34.94684
3,13.506,89.154,2020-01-03 00:04:44+00:00,1070.0,6.5148,34.94432
3,13.506,89.154,2020-01-03 00:04:44+00:00,1080.0,6.4588,34.941919999999996
3,13.506,89.154,2020-01-03 00:04:44+00:00,1090.0,6.404461538461538,34.939692307692304
3,13.506,89.154,2020-01-03 00:04:44+00:00,1100.0,6.35676923076923,34.938153846153845
3,13.506,89.154,2020-01-03 00:04:44+00:00,1110.0,6.3090769230769235,34.936615384615386
3,13.506,89.154,2020-01-03 00:04:44+00:00,1120.0,6.26325,34.93475
3,13.506,89.154,2020-01-03 00:04:44+00:00,1130.0,6.218666666666667,34.93266666666666
3,13.506,89.154,2020-01-03 00:04:44+00:00,1140.0,6.175083333333333,34.93066666666667
3,13.506,89.154,2020-01-03 00:04:44+00:00,1150.0,6.1355,34.929
3,13.506,89.154,2020-01-03 00:04:44+00:00,1160.0,6.095916666666667,34.92733333333333
3,13.506,89.154,2020-01-03 00:04:44+00:00,1170.0,6.0617600000000005,34.92604
3,13.506,89.154,2020-01-03 00:04:44+00:00,1180.0,6.0289600000000005,34.924839999999996
3,13.506,89.154,2020-01-03 00:04:44+00:00,1190.0,5.993769230769231,34.92353846153846
3,13.506,89.154,2020-01-03 00:04:44+00:00,1200.0,5.953,34.922
3,13.506,89.154,2020-01-03 00:04:44+00:00,1210.0,5.91223076923077,34.92046153846154
3,13.506,89.154,2020-01-03 00:04:44+00:00,1220.0,5.86024,34.9186
3,13.506,89.154,2020-01-03 00:04:44+00:00,1230.0,5.80344,34.9166
3,13.506,89.154,2020-01-03 00:04:44+00:00,1240.0,5.74864,34.9146
3,13.506,89.154,2020-01-03 00:04:44+00:00,1250.0,5.70184,34.9126
3,13.506,89.154,2020-01-03 00:04:44+00:00,1260.0,5.65504,34.910599999999995
3,13.506,89.154,2020-01-03 00:04:44+00:00,1270.0,5.61076,34.908879999999996
3,13.506,89.154,2020-01-03 00:04:44+00:00,1280.0,5.56756,34.90728
3,13.506,89.154,2020-01-03 00:04:44+00:00,1290.0,5.52236,34.9056
3,13.506,89.154,2020-01-03 00:04:44+00:00,1300.0,5.4691600000000005,34.903600000000004
3,13.506,89.154,2020-01-03 00:04:44+00:00,1310.0,5.41596,34.9016
3,13.506,89.154,2020-01-03 00:04:44+00:00,1320.0,5.3636,34.8996
3,13.506,89.154,2020-01-03 00:04:44+00:00,1330.0,5.311599999999999,34.897600000000004
3,13.506,89.154,2020-01-03 00:04:44+00:00,1340.0,5.260319999999999,34.8956
3,13.506,89.154,2020-01-03 00:04:44+00:00,1350.0,5.21192,34.8936
3,13.506,89.154,2020-01-03 00:04:44+00:00,1360.0,5.16352,34.8916
3,13.506,89.154,2020-01-03 00:04:44+00:00,1370.0,5.11988,34.89016
3,13.506,89.154,2020-01-03 00:04:44+00:00,1380.0,5.07828,34.88896
3,13.506,89.154,2020-01-03 00:04:44+00:00,1390.0,5.038481481481481,34.8877037037037
3,13.506,89.154,2020-01-03 00:04:44+00:00,1400.0,5.005888888888888,34.88622222222222
3,13.506,89.154,2020-01-03 00:04:44+00:00,1410.0,4.973296296296296,34.88474074074074
3,13.506,89.154,2020-01-03 00:04:44+00:00,1420.0,4.931130434782609,34.88313043478261
3,13.506,89.154,2020-01-03 00:04:44+00:00,1430.0,4.879391304347826,34.88139130434783
3,13.506,89.154,2020-01-03 00:04:44+00:00,1440.0,4.82888,34.87968
3,13.506,89.154,2020-01-03 00:04:44+00:00,1450.0,4.78328,34.87808
3,13.506,89.154,2020-01-03 00:04:44+00:00,1460.0,4.73768,34.87648
3,13.506,89.154,2020-01-03 00:04:44+00:00,1470.0,4.69404,34.87488
3,13.506,89.154,2020-01-03 00:04:44+00:00,1480.0,4.6512400000000005,34.87328
3,13.506,89.154,2020-01-03 00:04:44+00:00,1490.0,4.60868,34.87168
3,13.506,89.154,2020-01-03 00:04:44+00:00,1500.0,4.56708,34.87008
3,13.506,89.154,2020-01-03 00:04:44+00:00,1510.0,4.52548,34.868480000000005
3,13.506,89.154,2020-01-03 00:04:44+00:00,1520.0,4.48248,34.8666
3,13.506,89.154,2020-01-03 00:04:44+00:00,1530.0,4.43888,34.8646
3,13.506,89.154,2020-01-03 00:04:44+00:00,1540.0,4.39464,34.86268
3,13.506,89.154,2020-01-03 00:04:44+00:00,1550.0,4.34784,34.86108
3,13.506,89.154,2020-01-03 00:04:44+00:00,1560.0,4.3010399999999995,34.859480000000005
3,13.506,89.154,2020-01-03 00:04:44+00:00,1570.0,4.2382800000000005,34.85676
3,13.506,89.154,2020-01-03 00:04:44+00:00,1580.0,4.16868,34.85356
3,13.506,89.154,2020-01-03 00:04:44+00:00,1590.0,4.102600000000001,34.8506
3,13.506,89.154,2020-01-03 00:04:44+00:00,1600.0,4.0506,34.8486
3,13.506,89.154,2020-01-03 00:04:44+00:00,1610.0,3.9986,34.846599999999995
3,13.506,89.154,2020-01-03 00:04:44+00:00,1620.0,3.94996,34.8446
3,13.506,89.154,2020-01-03 00:04:44+00:00,1630.0,3.9027600000000002,34.8426
3,13.506,89.154,2020-01-03 00:04:44+00:00,1640.0,3.8580400000000004,34.84076
3,13.506,89.154,2020-01-03 00:04:44+00:00,1650.0,3.82324,34.83956
3,13.506,89.154,2020-01-03 00:04:44+00:00,1660.0,3.78844,34.83836
3,13.506,89.154,2020-01-03 00:04:44+00:00,1670.0,3.75112,34.83688
3,13.506,89.154,2020-01-03 00:04:44+00:00,1680.0,3.71272,34.835280000000004
3,13.506,89.154,2020-01-03 00:04:44+00:00,1690.0,3.67536,34.833760000000005
3,13.506,89.154,2020-01-03 00:04:44+00:00,1700.0,3.64216,34.83256
3,13.506,89.154,2020-01-03 00:04:44+00:00,1710.0,3.60896,34.831360000000004
3,13.506,89.154,2020-01-03 00:04:44+00:00,1720.0,3.5757600000000003,34.82988
3,13.506,89.154,2020-01-03 00:04:44+00:00,1730.0,3.54256,34.82828
3,13.506,89.154,2020-01-03 00:04:44+00:00,1740.0,3.50936,34.82676
3,13.506,89.154,2020-01-03 00:04:44+00:00,1750.0,3.47616,34.825559999999996
3,13.506,89.154,2020-01-03 00:04:44+00:00,1760.0,3.44296,34.82436
3,13.506,89.154,2020-01-03 00:04:44+00:00,1770.0,3.41004,34.82316
3,13.506,89.154,2020-01-03 00:04:44+00:00,1780.0,3.37724,34.82196
3,13.506,89.154,2020-01-03 00:04:44+00:00,1790.0,3.34516,34.820679999999996
3,13.506,89.154,2020-01-03 00:04:44+00:00,1800.0,3.31596,34.81908
3,13.506,89.154,2020-01-03 00:04:44+00:00,1810.0,3.28676,34.81748
3,13.506,89.154,2020-01-03 00:04:44+00:00,1820.0,3.2575600000000002,34.81616
3,13.506,89.154,2020-01-03 00:04:44+00:00,1830.0,3.22836,34.81496
3,13.506,89.154,2020-01-03 00:04:44+00:00,1840.0,3.19956,34.81384
3,13.506,89.154,2020-01-03 00:04:44+00:00,1850.0,3.17236,34.81304
3,13.506,89.154,2020-01-03 00:04:44+00:00,1860.0,3.14516,34.812239999999996
3,13.506,89.154,2020-01-03 00:04:44+00:00,1870.0,3.1188000000000002,34.81116
3,13.506,89.154,2020-01-03 00:04:44+00:00,1880.0,3.0928,34.80996
3,13.506,89.154,2020-01-03 00:04:44+00:00,1890.0,3.0672800000000002,34.80876
3,13.506,89.154,2020-01-03 00:04:44+00:00,1900.0,3.04368,34.807559999999995
3,13.506,89.154,2020-01-03 00:04:44+00:00,1910.0,3.02008,34.80636
3,13.506,89.154,2020-01-03 00:04:44+00:00,1920.0,2.99564,34.80544
3,13.506,89.154,2020-01-03 00:04:44+00:00,1930.0,2.97084,34.80464
3,13.506,89.154,2020-01-03 00:04:44+00:00,1940.0,2.9463846153846154,34.803769230769234
3,13.506,89.154,2020-01-03 00:04:44+00:00,1950.0,2.9233076923076924,34.802615384615386
3,13.506,89.154,2020-01-03 00:04:44+00:00,1960.0,2.9002307692307694,34.80146153846154
4,12.783333333333331,85.23333333333333,2020-01-03 04:11:58+00:00,10.0,27.8124,33.5514
4,12.783333333333331,85.23333333333333,2020-01-03 04:11:58+00:00,20.0,27.8356,33.5767
4,12.783333333333331,85.23333333333333,2020-01-03 04:11:58+00:00,30.0,27.969,33.71
4,12.783333333333331,85.23333333333333,2020-01-03 04:11:58+00:00,40.0,27.938,33.73233333333333
4,12.783333333333331,85.23333333333333,2020-01-03 04:11:58+00:00,50.0,27.94,33.74966666666667
4,12.783333333333331,85.23333333333333,2020-01-03 04:11:58+00:00,60.0,27.948,33.758916666666664
4,12.783333333333331,85.23333333333333,2020-01-03 04:11:58+00:00,70.0,27.99521052631579,34.01126315789474
4,12.783333333333331,85.23333333333333,2020-01-03 04:11:58+00:00,80.0,27.017,34.823
4,12.783333333333331,85.23333333333333,2020-01-03 04:11:58+00:00,90.0,24.396384615384616,34.84907692307692
4,12.783333333333331,85.23333333333333,2020-01-03 04:11:58+00:00,100.0,22.97125,34.773250000000004
4,12.783333333333331,85.23333333333333,2020-01-03 04:11:58+00:00,110.0,21.691399999999998,34.9222
4,12.783333333333331,85.23333333333333,2020-01-03 04:11:58+00:00,120.0,20.503,34.914
4,12.783333333333331,85.23333333333333,2020-01-03 04:11:58+00:00,130.0,19.541923076923077,34.904384615384615
4,12.783333333333331,85.23333333333333,2020-01-03 04:11:58+00:00,140.0,18.141,34.901
4,12.783333333333331,85.23333333333333,2020-01-03 04:11:58+00:00,150.0,17.239,34.915
4,12.783333333333331,85.23333333333333,2020-01-03 04:11:58+00:00,160.0,16.629199999999997,34.9212
4,12.783333333333331,85.23333333333333,2020-01-03 04:11:58+00:00,170.0,16.017,34.939
4,12.783333333333331,85.23333333333333,2020-01-03 04:11:58+00:00,180.0,15.518727272727274,34.959545454545456
4,12.783333333333331,85.23333333333333,2020-01-03 04:11:58+00:00,190.0,15.06121052631579,34.96063157894737
4,12.783333333333331,85.23333333333333,2020-01-03 04:11:58+00:00,200.0,14.501000000000001,34.98008333333333
4,12.783333333333331,85.23333333333333,2020-01-03 04:11:58+00:00,210.0,14.061815999999999,34.992672
4,12.783333333333331,85.23333333333333,2020-01-03 04:11:58+00:00,220.0,13.684879518072288,35.00164658634538
4,12.783333333333331,85.23333333333333,2020-01-03 04:11:58+00:00,230.0,13.33066265060241,35.009277108433736
4,12.783333333333331,85.23333333333333,2020-01-03 04:11:58+00:00,240.0,13.00494140625,35.01626953125
4,12.783333333333331,85.23333333333333,2020-01-03 04:11:58+00:00,250.0,12.76470703125,35.02134765625
4,12.783333333333331,85.23333333333333,2020-01-03 04:11:58+00:00,260.0,12.52447265625,35.02642578125
4,12.783333333333331,85.23333333333333,2020-01-03 04:11:58+00:00,270.0,12.328008,35.031588
4,12.783333333333331,85.23333333333333,2020-01-03 04:11:58+00:00,280.0,12.151208,35.036787999999994
4,12.783333333333331,85.23333333333333,2020-01-03 04:11:58+00:00,290.0,11.975016,35.041304
4,12.783333333333331,85.23333333333333,2020-01-03 04:11:58+00:00,300.0,11.801416,35.042904
4,12.783333333333331,85.23333333333333,2020-01-03 04:11:58+00:00,310.0,11.627816,35.044504
4,12.783333333333331,85.23333333333333,2020-01-03 04:11:58+00:00,320.0,11.48128125,35.04580859375
4,12.783333333333331,85.23333333333333,2020-01-03 04:11:58+00:00,330.0,11.34690625,35.04698046875
4,12.783333333333331,85.23333333333333,2020-01-03 04:11:58+00:00,340.0,11.21662396694215,35.048
4,12.783333333333331,85.23333333333333,2020-01-03 04:11:58+00:00,350.0,11.113731404958678,35.048
4,12.783333333333331,85.23333333333333,2020-01-03 04:11:58+00:00,360.0,11.010838842975206,35.048
4,12.783333333333331,85.23333333333333,2020-01-03 04:11:58+00:00,370.0,10.911145161290323,35.048
4,12.783333333333331,85.23333333333333,2020-01-03 04:11:58+00:00,380.0,10.812758064516128,35.048
4,12.783333333333331,85.23333333333333,2020-01-03 04:11:58+00:00,390.0,10.714927419354838,35.04790725806452
4,12.783333333333331,85.23333333333333,2020-01-03 04:11:58+00:00,400.0,10.618959677419355,35.04750403225806
4,12.783333333333331,85.23333333333333,2020-01-03 04:11:58+00:00,410.0,10.522991935483871,35.04710080645161
4,12.783333333333331,85.23333333333333,2020-01-03 04:11:58+00:00,420.0,10.432267716535433,35.047
4,12.783333333333331,85.23333333333333,2020-01-03 04:11:58+00:00,430.0,10.343291338582677,35.047
4,12.783333333333331,85.23333333333333,2020-01-03 04:11:58+00:00,440.0,10.253333333333332,35.04666666666667
4,12.783333333333331,85.23333333333333,2020-01-03 04:11:58+00:00,450.0,10.15968253968254,35.04507936507936
4,12.783333333333331,85.23333333333333,2020-01-03 04:11:58+00:00,460.0,10.066031746031747,35.04349206349206
4,12.783333333333331,85.23333333333333,2020-01-03 04:11:58+00:00,470.0,9.98525,35.043
4,12.783333333333331,85.23333333333333,2020-01-03 04:11:58+00:00,480.0,9.910250000000001,35.043
4,12.783333333333331,85.23333333333333,2020-01-03 04:11:58+00:00,490.0,9.83613389121339,35.04305439330544
4,12.783333333333331,85.23333333333333,2020-01-03 04:11:58+00:00,500.0,9.767933054393305,35.04347280334728
4,12.783333333333331,85.23333333333333,2020-01-03 04:11:58+00:00,510.0,9.699732217573223,35.04389121338912
4,12.783333333333331,85.23333333333333,2020-01-03 04:11:58+00:00,520.0,9.618822134387353,35.04078260869565
4,12.783333333333331,85.23333333333333,2020-01-03 04:11:58+00:00,530.0,9.533446640316205,35.036434782608694
4,12.783333333333331,85.23333333333333,2020-01-03 04:11:58+00:00,540.0,9.451779527559054,35.032669291338586
4,12.783333333333331,85.23333333333333,2020-01-03 04:11:58+00:00,550.0,9.384062992125983,35.03109448818898
4,12.783333333333331,85.23333333333333,2020-01-03 04:11:58+00:00,560.0,9.316346456692914,35.029519685039375
4,12.783333333333331,85.23333333333333,2020-01-03 04:11:58+00:00,570.0,9.246882113821139,35.02763821138212
4,12.783333333333331,85.23333333333333,2020-01-03 04:11:58+00:00,580.0,9.176556910569106,35.02560569105691
4,12.783333333333331,85.23333333333333,2020-01-03 04:11:58+00:00,590.0,9.10312048192771,35.02349397590361
4,12.783333333333331,85.23333333333333,2020-01-03 04:11:58+00:00,600.0,9.017979919678716,35.0210843373494
4,12.783333333333331,85.23333333333333,2020-01-03 04:11:58+00:00,610.0,8.93283935742972,35.01867469879518
4,12.783333333333331,85.23333333333333,2020-01-03 04:11:58+00:00,620.0,8.856872000000001,35.016848
4,12.783333333333331,85.23333333333333,2020-01-03 04:11:58+00:00,630.0,8.784472,35.015248
4,12.783333333333331,85.23333333333333,2020-01-03 04:11:58+00:00,640.0,8.714623999999999,35.013648
4,12.783333333333331,85.23333333333333,2020-01-03 04:11:58+00:00,650.0,8.653824,35.012048
4,12.783333333333331,85.23333333333333,2020-01-03 04:11:58+00:00,660.0,8.593024,35.010448
4,12.783333333333331,85.23333333333333,2020-01-03 04:11:58+00:00,670.0,8.525142857142857,35.007999999999996
4,12.783333333333331,85.23333333333333,2020-01-03 04:11:58+00:00,680.0,8.454507936507936,35.00522222222222
4,12.783333333333331,85.23333333333333,2020-01-03 04:11:58+00:00,690.0,8.386412698412698,35.00268253968254
4,12.783333333333331,85.23333333333333,2020-01-03 04:11:58+00:00,700.0,8.328476190476191,35.00109523809524
4,12.783333333333331,85.23333333333333,2020-01-03 04:11:58+00:00,710.0,8.270539682539683,34.99950793650794
4,12.783333333333331,85.23333333333333,2020-01-03 04:11:58+00:00,720.0,8.200585365853659,34.99678861788618
4,12.783333333333331,85.23333333333333,2020-01-03 04:11:58+00:00,730.0,8.124975609756099,34.99353658536585
4,12.783333333333331,85.23333333333333,2020-01-03 04:11:58+00:00,740.0,8.050211764705884,34.99056862745098
4,12.783333333333331,85.23333333333333,2020-01-03 04:11:58+00:00,750.0,7.978447058823529,34.98860784313725
4,12.783333333333331,85.23333333333333,2020-01-03 04:11:58+00:00,760.0,7.906682352941176,34.98664705882353
4,12.783333333333331,85.23333333333333,2020-01-03 04:11:58+00:00,770.0,7.843668016194332,34.984643724696355
4,12.783333333333331,85.23333333333333,2020-01-03 04:11:58+00:00,780.0,7.7849635627530365,34.98261943319838
4,12.783333333333331,85.23333333333333,2020-01-03 04:11:58+00:00,790.0,7.72643373493976,34.9805983935743
4,12.783333333333331,85.23333333333333,2020-01-03 04:11:58+00:00,800.0,7.668602409638554,34.97859036144578
4,12.783333333333331,85.23333333333333,2020-01-03 04:11:58+00:00,810.0,7.610771084337349,34.97658232931727
4,12.783333333333331,85.23333333333333,2020-01-03 04:11:58+00:00,820.0,7.5605040322580646,34.97514112903226
4,12.783333333333331,85.23333333333333,2020-01-03 04:11:58+00:00,830.0,7.513326612903226,34.973931451612906
4,12.783333333333331,85.23333333333333,2020-01-03 04:11:58+00:00,840.0,7.465408000000001,34.972632
4,12.783333333333331,85.23333333333333,2020-01-03 04:11:58+00:00,850.0,7.415008,34.971032
4,12.783333333333331,85.23333333333333,2020-01-03 04:11:58+00:00,860.0,7.3646080000000005,34.969432
4,12.783333333333331,85.23333333333333,2020-01-03 04:11:58+00:00,870.0,7.310444444444444,34.96784126984127
4,12.783333333333331,85.23333333333333,2020-01-03 04:11:58+00:00,880.0,7.254888888888889,34.96625396825397
4,12.783333333333331,85.23333333333333,2020-01-03 04:11:58+00:00,890.0,7.2002500000000005,34.964666666666666
4,12.783333333333331,85.23333333333333,2020-01-03 04:11:58+00:00,900.0,7.149059523809524,34.963079365079366
4,12.783333333333331,85.23333333333333,2020-01-03 04:11:58+00:00,910.0,7.097869047619048,34.96149206349206
4,12.783333333333331,85.23333333333333,2020-01-03 04:11:58+00:00,920.0,7.036841463414635,34.95931707317073
4,12.783333333333331,85.23333333333333,2020-01-03 04:11:58+00:00,930.0,6.97139430894309,34.95687804878049
4,12.783333333333331,85.23333333333333,2020-01-03 04:11:58+00:00,940.0,6.908488,34.954632
4,12.783333333333331,85.23333333333333,2020-01-03 04:11:58+00:00,950.0,6.854088000000001,34.953032
4,12.783333333333331,85.23333333333333,2020-01-03 04:11:58+00:00,960.0,6.799688000000001,34.951432
4,12.783333333333331,85.23333333333333,2020-01-03 04:11:58+00:00,970.0,6.742907258064516,34.94952822580645
4,12.783333333333331,85.23333333333333,2020-01-03 04:11:58+00:00,980.0,6.685245967741936,34.94751209677419
4,12.783333333333331,85.23333333333333,2020-01-03 04:11:58+00:00,990.0,6.627869565217392,34.945308300395254
4,12.783333333333331,85.23333333333333,2020-01-03 04:11:58+00:00,1000.0,6.5713478260869564,34.94254150197629
4,12.783333333333331,85.23333333333333,2020-01-03 04:11:58+00:00,1010.0,6.514826086956521,34.93977470355731
4,12.783333333333331,85.23333333333333,2020-01-03 04:11:58+00:00,1020.0,6.459414342629482,34.93785258964144
4,12.783333333333331,85.23333333333333,2020-01-03 04:11:58+00:00,1030.0,6.404434262948207,34.93625896414343
4,12.783333333333331,85.23333333333333,2020-01-03 04:11:58+00:00,1040.0,6.349646341463415,34.93448780487805
4,12.783333333333331,85.23333333333333,2020-01-03 04:11:58+00:00,1050.0,6.295581300813008,34.932048780487804
4,12.783333333333331,85.23333333333333,2020-01-03 04:11:58+00:00,1060.0,6.2415162601626015,34.92960975609756
4,12.783333333333331,85.23333333333333,2020-01-03 04:11:58+00:00,1070.0,6.189318897637795,34.92752362204725
4,12.783333333333331,85.23333333333333,2020-01-03 04:11:58+00:00,1080.0,6.137744094488189,34.92555511811024
4,12.783333333333331,85.23333333333333,2020-01-03 04:11:58+00:00,1090.0,6.08724409448819,34.923586614173225
4,12.783333333333331,85.23333333333333,2020-01-03 04:11:58+00:00,1100.0,6.0407874015748035,34.92161811023622
4,12.783333333333331,85.23333333333333,2020-01-03 04:11:58+00:00,1110.0,5.994330708661417,34.91964960629921
4,12.783333333333331,85.23333333333333,2020-01-03 04:11:58+00:00,1120.0,5.9494016064257025,34.9176546184739
4,12.783333333333331,85.23333333333333,2020-01-03 04:11:58+00:00,1130.0,5.905224899598394,34.91564658634538
4,12.783333333333331,85.23333333333333,2020-01-03 04:11:58+00:00,1140.0,5.8609183673469385,34.91370612244898
4,12.783333333333331,85.23333333333333,2020-01-03 04:11:58+00:00,1150.0,5.816020408163266,34.91207346938776
4,12.783333333333331,85.23333333333333,2020-01-03 04:11:58+00:00,1160.0,5.771122448979592,34.91044081632653
4,12.783333333333331,85.23333333333333,2020-01-03 04:11:58+00:00,1170.0,5.728387096774194,34.90882258064516
4,12.783333333333331,85.23333333333333,2020-01-03 04:11:58+00:00,1180.0,5.686451612903226,34.90720967741935
4,12.783333333333331,85.23333333333333,2020-01-03 04:11:58+00:00,1190.0,5.644781746031747,34.90560317460317
4,12.783333333333331,85.23333333333333,2020-01-03 04:11:58+00:00,1200.0,5.6039087301587305,34.90401587301587
4,12.783333333333331,85.23333333333333,2020-01-03 04:11:58+00:00,1210.0,5.563035714285714,34.90242857142857
4,12.783333333333331,85.23333333333333,2020-01-03 04:11:58+00:00,1220.0,5.520714285714286,34.90110612244898
4,12.783333333333331,85.23333333333333,2020-01-03 04:11:58+00:00,1230.0,5.477857142857143,34.89988163265306
4,12.783333333333331,85.23333333333333,2020-01-03 04:11:58+00:00,1240.0,5.438732283464567,34.89855905511811
4,12.783333333333331,85.23333333333333,2020-01-03 04:11:58+00:00,1250.0,5.409204724409449,34.896984251968505
4,12.783333333333331,85.23333333333333,2020-01-03 04:11:58+00:00,1260.0,5.37967716535433,34.8954094488189
4,12.783333333333331,85.23333333333333,2020-01-03 04:11:58+00:00,1270.0,5.341992125984252,34.89354330708662
4,12.783333333333331,85.23333333333333,2020-01-03 04:11:58+00:00,1280.0,5.3014409448818895,34.89157480314961
4,12.783333333333331,85.23333333333333,2020-01-03 04:11:58+00:00,1290.0,5.263,34.88984
4,12.783333333333331,85.23333333333333,2020-01-03 04:11:58+00:00,1300.0,5.233,34.88904
4,12.783333333333331,85.23333333333333,2020-01-03 04:11:58+00:00,1310.0,5.203,34.888239999999996
4,12.783333333333331,85.23333333333333,2020-01-03 04:11:58+00:00,1320.0,5.1729156626506025,34.88715662650602
4,12.783333333333331,85.23333333333333,2020-01-03 04:11:58+00:00,1330.0,5.142795180722891,34.88595180722891
4,12.783333333333331,85.23333333333333,2020-01-03 04:11:58+00:00,1340.0,5.113241935483871,34.88483064516129
4,12.783333333333331,85.23333333333333,2020-01-03 04:11:58+00:00,1350.0,5.085822580645162,34.884024193548385
4,12.783333333333331,85.23333333333333,2020-01-03 04:11:58+00:00,1360.0,5.058403225806452,34.88321774193549
4,12.783333333333331,85.23333333333333,2020-01-03 04:11:58+00:00,1370.0,5.022808943089431,34.88181300813008
4,12.783333333333331,85.23333333333333,2020-01-03 04:11:58+00:00,1380.0,4.98419105691057,34.88018699186992
4,12.783333333333331,85.23333333333333,2020-01-03 04:11:58+00:00,1390.0,4.944812749003984,34.87856972111553
4,12.783333333333331,85.23333333333333,2020-01-03 04:11:58+00:00,1400.0,4.903378486055777,34.87697609561753
4,12.783333333333331,85.23333333333333,2020-01-03 04:11:58+00:00,1410.0,4.86194422310757,34.87538247011952
4,12.783333333333331,85.23333333333333,2020-01-03 04:11:58+00:00,1420.0,4.820509960159363,34.873788844621515
4,12.783333333333331,85.23333333333333,2020-01-03 04:11:58+00:00,1430.0,4.779075697211156,34.872195219123505
4,12.783333333333331,85.23333333333333,2020-01-03 04:11:58+00:00,1440.0,4.737541832669323,34.8706015936255
4,12.783333333333331,85.23333333333333,2020-01-03 04:11:58+00:00,1450.0,4.6957091633466135,34.86900796812749
4,12.783333333333331,85.23333333333333,2020-01-03 04:11:58+00:00,1460.0,4.653876494023904,34.86741434262948
4,12.783333333333331,85.23333333333333,2020-01-03 04:11:58+00:00,1470.0,4.608055555555555,34.86553174603174
4,12.783333333333331,85.23333333333333,2020-01-03 04:11:58+00:00,1480.0,4.560833333333333,34.86354761904762
4,12.783333333333331,85.23333333333333,2020-01-03 04:11:58+00:00,1490.0,4.5146345381526105,34.86164658634538
4,12.783333333333331,85.23333333333333,2020-01-03 04:11:58+00:00,1500.0,4.472064257028112,34.86004016064257
4,12.783333333333331,85.23333333333333,2020-01-03 04:11:58+00:00,1510.0,4.429493975903615,34.85843373493976
4,12.783333333333331,85.23333333333333,2020-01-03 04:11:58+00:00,1520.0,4.3848446215139445,34.85683665338645
4,12.783333333333331,85.23333333333333,2020-01-03 04:11:58+00:00,1530.0,4.339426294820718,34.85524302788844
4,12.783333333333331,85.23333333333333,2020-01-03 04:11:58+00:00,1540.0,4.292472,34.85356
4,12.783333333333331,85.23333333333333,2020-01-03 04:11:58+00:00,1550.0,4.240072,34.85156
4,12.783333333333331,85.23333333333333,2020-01-03 04:11:58+00:00,1560.0,4.187672,34.84956
4,12.783333333333331,85.23333333333333,2020-01-03 04:11:58+00:00,1570.0,4.142392712550607,34.84754251012146
4,12.783333333333331,85.23333333333333,2020-01-03 04:11:58+00:00,1580.0,4.099882591093117,34.84551821862348
4,12.783333333333331,85.23333333333333,2020-01-03 04:11:58+00:00,1590.0,4.058865384615384,34.84371153846154
4,12.783333333333331,85.23333333333333,2020-01-03 04:11:58+00:00,1600.0,4.022326923076923,34.84255769230769
4,12.783333333333331,85.23333333333333,2020-01-03 04:11:58+00:00,1610.0,3.9857884615384616,34.841403846153845
4,12.783333333333331,85.23333333333333,2020-01-03 04:11:58+00:00,1620.0,3.930285714285714,34.83914285714286
4,12.783333333333331,85.23333333333333,2020-01-03 04:11:58+00:00,1630.0,3.8645714285714283,34.836285714285715
4,12.783333333333331,85.23333333333333,2020-01-03 04:11:58+00:00,1640.0,3.800943089430894,34.833512195121955
4,12.783333333333331,85.23333333333333,2020-01-03 04:11:58+00:00,1650.0,3.7456585365853656,34.83107317073171
4,12.783333333333331,85.23333333333333,2020-01-03 04:11:58+00:00,1660.0,3.6903739837398373,34.828634146341464
4,12.783333333333331,85.23333333333333,2020-01-03 04:11:58+00:00,1670.0,3.637365461847389,34.8265140562249
4,12.783333333333331,85.23333333333333,2020-01-03 04:11:58+00:00,1680.0,3.585156626506024,34.82450602409639
4,12.783333333333331,85.23333333333333,2020-01-03 04:11:58+00:00,1690.0,3.536711462450593,34.822604743083005
4,12.783333333333331,85.23333333333333,2020-01-03 04:11:58+00:00,1700.0,3.499557312252964,34.82102371541502
4,12.783333333333331,85.23333333333333,2020-01-03 04:11:58+00:00,1710.0,3.462403162055336,34.819442687747035
4,12.783333333333331,85.23333333333333,2020-01-03 04:11:58+00:00,1720.0,3.4244787644787644,34.817888030888035
4,12.783333333333331,85.23333333333333,2020-01-03 04:11:58+00:00,1730.0,3.3862548262548264,34.81634362934363
4,12.783333333333331,85.23333333333333,2020-01-03 04:11:58+00:00,1740.0,3.348794117647059,34.81478151260504
4,12.783333333333331,85.23333333333333,2020-01-03 04:11:58+00:00,1750.0,3.316441176470588,34.81310084033613
4,12.783333333333331,85.23333333333333,2020-01-03 04:11:58+00:00,1760.0,3.2840882352941176,34.81142016806723
4,12.783333333333331,85.23333333333333,2020-01-03 04:11:58+00:00,1770.0,3.2465357142857143,34.80980952380953
4,12.783333333333331,85.23333333333333,2020-01-03 04:11:58+00:00,1780.0,3.20725,34.80822222222223
4,12.783333333333331,85.23333333333333,2020-01-03 04:11:58+00:00,1790.0,3.171657480314961,34.8068188976378
4,12.783333333333331,85.23333333333333,2020-01-03 04:11:58+00:00,1800.0,3.1484291338582677,34.80603149606299
4,12.783333333333331,85.23333333333333,2020-01-03 04:11:58+00:00,1810.0,3.1252007874015746,34.80524409448819
4,12.783333333333331,85.23333333333333,2020-01-03 04:11:58+00:00,1820.0,3.1011707317073167,34.80415853658536
4,12.783333333333331,85.23333333333333,2020-01-03 04:11:58+00:00,1830.0,3.076780487804878,34.80293902439024
4,12.783333333333331,85.23333333333333,2020-01-03 04:11:58+00:00,1840.0,3.052273092369478,34.801722891566264
4,12.783333333333331,85.23333333333333,2020-01-03 04:11:58+00:00,1850.0,3.0273734939759036,34.80051807228916
4,12.783333333333331,85.23333333333333,2020-01-03 04:11:58+00:00,1860.0,3.002473895582329,34.799313253012045
4,12.783333333333331,85.23333333333333,2020-01-03 04:11:58+00:00,1870.0,2.980619607843137,34.79841960784314
4,12.783333333333331,85.23333333333333,2020-01-03 04:11:58+00:00,1880.0,2.959835294117647,34.79763529411765
4,12.783333333333331,85.23333333333333,2020-01-03 04:11:58+00:00,1890.0,2.939,34.79676923076923
4,12.783333333333331,85.23333333333333,2020-01-03 04:11:58+00:00,1900.0,2.9179473684210526,34.79555465587044
4,12.783333333333331,85.23333333333333,2020-01-03 04:11:58+00:00,1910.0,2.896894736842105,34.79434008097166
4,12.783333333333331,85.23333333333333,2020-01-03 04:11:58+00:00,1920.0,2.8745180722891566,34.79342168674699
4,12.783333333333331,85.23333333333333,2020-01-03 04:11:58+00:00,1930.0,2.8516265060240964,34.79261847389558
4,12.783333333333331,85.23333333333333,2020-01-03 04:11:58+00:00,1940.0,2.829636363636364,34.791818181818186
4,12.783333333333331,85.23333333333333,2020-01-03 04:11:58+00:00,1950.0,2.8106640316205533,34.79102766798419
4,12.783333333333331,85.23333333333333,2020-01-03 04:11:58+00:00,1960.0,2.791691699604743,34.7902371541502
4,12.783333333333331,85.23333333333333,2020-01-03 04:11:58+00:00,1970.0,2.76948,34.78916
4,12.783333333333331,85.23333333333333,2020-01-03 04:11:58+00:00,1980.0,2.74588,34.78796
5,10.766666666666667,85.53333333333333,2020-01-04 04:06:04+00:00,10.0,28.478555555555555,38.31166666666667
5,10.766666666666667,85.53333333333333,2020-01-04 04:06:04+00:00,20.0,28.474363636363638,38.318636363636365
5,10.766666666666667,85.53333333333333,2020-01-04 04:06:04+00:00,30.0,28.474800000000002,38.322100000000006
5,10.766666666666667,85.53333333333333,2020-01-04 04:06:04+00:00,40.0,28.478,38.3247
5,10.766666666666667,85.53333333333333,2020-01-04 04:06:04+00:00,50.0,28.474272727272727,38.333
5,10.766666666666667,85.53333333333333,2020-01-04 04:06:04+00:00,60.0,28.287,38.688
5,10.766666666666667,85.53333333333333,2020-01-04 04:06:04+00:00,70.0,26.704,39.331
5,10.766666666666667,85.53333333333333,2020-01-04 04:06:04+00:00,80.0,24.183875,39.614875000000005
5,10.766666666666667,85.53333333333333,2020-01-04 04:06:04+00:00,90.0,22.621,39.759
5,10.766666666666667,85.53333333333333,2020-01-04 04:06:04+00:00,100.0,21.415000000000003,39.904888888888884
5,10.766666666666667,85.53333333333333,2020-01-04 04:06:04+00:00,110.0,19.767999999999997,39.93872727272727
5,10.766666666666667,85.53333333333333,2020-01-04 04:06:04+00:00,120.0,18.995384615384616,40.02376923076923
5,10.766666666666667,85.53333333333333,2020-01-04 04:06:04+00:00,130.0,18.362399999999997,40.0332
5,10.766666666666667,85.53333333333333,2020-01-04 04:06:04+00:00,140.0,17.4865,40.029666666666664
5,10.766666666666667,85.53333333333333,2020-01-04 04:06:04+00:00,150.0,16.68283333333333,40.080666666666666
5,10.766666666666667,85.53333333333333,2020-01-04 04:06:04+00:00,160.0,16.119666666666667,40.09733333333333
5,10.766666666666667,85.53333333333333,2020-01-04 04:06:04+00:00,170.0,15.508111111111111,40.08077777777778
5,10.766666666666667,85.53333333333333,2020-01-04 04:06:04+00:00,180.0,14.991999999999999,40.064142857142855
5,10.766666666666667,85.53333333333333,2020-01-04 04:06:04+00:00,190.0,14.534199999999998,39.9886
5,10.766666666666667,85.53333333333333,2020-01-04 04:06:04+00:00,200.0,14.032,40.07
5,10.766666666666667,85.53333333333333,2020-01-04 04:06:04+00:00,210.0,13.598935483870967,40.10709677419355
5,10.766666666666667,85.53333333333333,2020-01-04 04:06:04+00:00,220.0,13.265218749999999,40.143609375000004
5,10.766666666666667,85.53333333333333,2020-01-04 04:06:04+00:00,230.0,12.962875,40.1799375
5,10.766666666666667,85.53333333333333,2020-01-04 04:06:04+00:00,240.0,12.677465863453815,40.2060281124498
5,10.766666666666667,85.53333333333333,2020-01-04 04:06:04+00:00,250.0,12.459795180722892,40.191168674698794
5,10.766666666666667,85.53333333333333,2020-01-04 04:06:04+00:00,260.0,12.242124497991968,40.17630923694779
5,10.766666666666667,85.53333333333333,2020-01-04 04:06:04+00:00,270.0,12.08244,40.183076
5,10.766666666666667,85.53333333333333,2020-01-04 04:06:04+00:00,280.0,11.94644,40.198676
5,10.766666666666667,85.53333333333333,2020-01-04 04:06:04+00:00,290.0,11.811916666666667,40.21733333333333
5,10.766666666666667,85.53333333333333,2020-01-04 04:06:04+00:00,300.0,11.682948412698412,40.24749206349206
5,10.766666666666667,85.53333333333333,2020-01-04 04:06:04+00:00,310.0,11.553980158730159,40.27765079365079
5,10.766666666666667,85.53333333333333,2020-01-04 04:06:04+00:00,320.0,11.429367187499999,40.28888671875
5,10.766666666666667,85.53333333333333,2020-01-04 04:06:04+00:00,330.0,11.3067109375,40.291621093749995
5,10.766666666666667,85.53333333333333,2020-01-04 04:06:04+00:00,340.0,11.187053497942387,40.294588477366254
5,10.766666666666667,85.53333333333333,2020-01-04 04:06:04+00:00,350.0,11.087465020576131,40.29911522633745
5,10.766666666666667,85.53333333333333,2020-01-04 04:06:04+00:00,360.0,10.987876543209877,40.30364197530864
5,10.766666666666667,85.53333333333333,2020-01-04 04:06:04+00:00,370.0,10.8862995951417,40.30811740890688
5,10.766666666666667,85.53333333333333,2020-01-04 04:06:04+00:00,380.0,10.78387044534413,40.312570850202434
5,10.766666666666667,85.53333333333333,2020-01-04 04:06:04+00:00,390.0,10.686526104417672,40.320064257028115
5,10.766666666666667,85.53333333333333,2020-01-04 04:06:04+00:00,400.0,10.606204819277108,40.33773493975904
5,10.766666666666667,85.53333333333333,2020-01-04 04:06:04+00:00,410.0,10.525883534136547,40.35540562248996
5,10.766666666666667,85.53333333333333,2020-01-04 04:06:04+00:00,420.0,10.446330677290836,40.36383266932271
5,10.766666666666667,85.53333333333333,2020-01-04 04:06:04+00:00,430.0,10.36704780876494,40.36901195219124
5,10.766666666666667,85.53333333333333,2020-01-04 04:06:04+00:00,440.0,10.289480158730157,40.37354761904761
5,10.766666666666667,85.53333333333333,2020-01-04 04:06:04+00:00,450.0,10.217654761904761,40.37592857142857
5,10.766666666666667,85.53333333333333,2020-01-04 04:06:04+00:00,460.0,10.145829365079365,40.37830952380952
5,10.766666666666667,85.53333333333333,2020-01-04 04:06:04+00:00,470.0,10.0679718875502,40.38099598393574
5,10.766666666666667,85.53333333333333,2020-01-04 04:06:04+00:00,480.0,9.987650602409639,40.383807228915664
5,10.766666666666667,85.53333333333333,2020-01-04 04:06:04+00:00,490.0,9.90601612903226,40.386709677419354
5,10.766666666666667,85.53333333333333,2020-01-04 04:06:04+00:00,500.0,9.819725806451613,40.38993548387097
5,10.766666666666667,85.53333333333333,2020-01-04 04:06:04+00:00,510.0,9.733435483870968,40.39316129032258
5,10.766666666666667,85.53333333333333,2020-01-04 04:06:04+00:00,520.0,9.650266932270917,40.394884462151396
5,10.766666666666667,85.53333333333333,2020-01-04 04:06:04+00:00,530.0,9.568195219123506,40.3960796812749
5,10.766666666666667,85.53333333333333,2020-01-04 04:06:04+00:00,540.0,9.485893700787402,40.392381889763776
5,10.766666666666667,85.53333333333333,2020-01-04 04:06:04+00:00,550.0,9.40282283464567,40.372303149606296
5,10.766666666666667,85.53333333333333,2020-01-04 04:06:04+00:00,560.0,9.319751968503938,40.352224409448816
5,10.766666666666667,85.53333333333333,2020-01-04 04:06:04+00:00,570.0,9.239498054474709,40.34761089494163
5,10.766666666666667,85.53333333333333,2020-01-04 04:06:04+00:00,580.0,9.160509727626458,40.34994552529182
5,10.766666666666667,85.53333333333333,2020-01-04 04:06:04+00:00,590.0,9.081677685950412,40.351950413223136
5,10.766666666666667,85.53333333333333,2020-01-04 04:06:04+00:00,600.0,9.00399173553719,40.351537190082645
5,10.766666666666667,85.53333333333333,2020-01-04 04:06:04+00:00,610.0,8.926305785123967,40.35112396694215
5,10.766666666666667,85.53333333333333,2020-01-04 04:06:04+00:00,620.0,8.86517741935484,40.351
5,10.766666666666667,85.53333333333333,2020-01-04 04:06:04+00:00,630.0,8.811145161290323,40.351
5,10.766666666666667,85.53333333333333,2020-01-04 04:06:04+00:00,640.0,8.759231999999999,40.351088
5,10.766666666666667,85.53333333333333,2020-01-04 04:06:04+00:00,650.0,8.714832,40.351487999999996
5,10.766666666666667,85.53333333333333,2020-01-04 04:06:04+00:00,660.0,8.670432,40.351887999999995
5,10.766666666666667,85.53333333333333,2020-01-04 04:06:04+00:00,670.0,8.624988142292489,40.35370750988142
5,10.766666666666667,85.53333333333333,2020-01-04 04:06:04+00:00,680.0,8.579138339920949,40.3560790513834
5,10.766666666666667,85.53333333333333,2020-01-04 04:06:04+00:00,690.0,8.53158064516129,40.358459677419354
5,10.766666666666667,85.53333333333333,2020-01-04 04:06:04+00:00,700.0,8.47674193548387,40.36087903225806
5,10.766666666666667,85.53333333333333,2020-01-04 04:06:04+00:00,710.0,8.421903225806451,40.36329838709677
5,10.766666666666667,85.53333333333333,2020-01-04 04:06:04+00:00,720.0,8.359334677419355,40.36514516129032
5,10.766666666666667,85.53333333333333,2020-01-04 04:06:04+00:00,730.0,8.293608870967743,40.36675806451613
5,10.766666666666667,85.53333333333333,2020-01-04 04:06:04+00:00,740.0,8.226992000000001,40.368276
5,10.766666666666667,85.53333333333333,2020-01-04 04:06:04+00:00,750.0,8.157392000000002,40.369476
5,10.766666666666667,85.53333333333333,2020-01-04 04:06:04+00:00,760.0,8.087792,40.370676
5,10.766666666666667,85.53333333333333,2020-01-04 04:06:04+00:00,770.0,8.016940239043825,40.36954581673307
5,10.766666666666667,85.53333333333333,2020-01-04 04:06:04+00:00,780.0,7.945625498007968,40.36755378486056
5,10.766666666666667,85.53333333333333,2020-01-04 04:06:04+00:00,790.0,7.876228346456692,40.363228346456694
5,10.766666666666667,85.53333333333333,2020-01-04 04:06:04+00:00,800.0,7.813629921259842,40.350629921259845
5,10.766666666666667,85.53333333333333,2020-01-04 04:06:04+00:00,810.0,7.751031496062992,40.338031496062996
5,10.766666666666667,85.53333333333333,2020-01-04 04:06:04+00:00,820.0,7.698672131147541,40.34013114754099
5,10.766666666666667,85.53333333333333,2020-01-04 04:06:04+00:00,830.0,7.651131147540984,40.34914754098361
5,10.766666666666667,85.53333333333333,2020-01-04 04:06:04+00:00,840.0,7.600179282868527,40.35858167330677
5,10.766666666666667,85.53333333333333,2020-01-04 04:06:04+00:00,850.0,7.5384262948207175,40.36933864541833
5,10.766666666666667,85.53333333333333,2020-01-04 04:06:04+00:00,860.0,7.476673306772908,40.38009561752988
5,10.766666666666667,85.53333333333333,2020-01-04 04:06:04+00:00,870.0,7.407774703557313,40.38328853754941
5,10.766666666666667,85.53333333333333,2020-01-04 04:06:04+00:00,880.0,7.336233201581027,40.38368379446641
5,10.766666666666667,85.53333333333333,2020-01-04 04:06:04+00:00,890.0,7.263899598393574,40.38424096385542
5,10.766666666666667,85.53333333333333,2020-01-04 04:06:04+00:00,900.0,7.188397590361446,40.38544578313253
5,10.766666666666667,85.53333333333333,2020-01-04 04:06:04+00:00,910.0,7.112895582329317,40.38665060240964
5,10.766666666666667,85.53333333333333,2020-01-04 04:06:04+00:00,920.0,7.042708502024292,40.38843724696356
5,10.766666666666667,85.53333333333333,2020-01-04 04:06:04+00:00,930.0,6.974692307692308,40.390461538461544
5,10.766666666666667,85.53333333333333,2020-01-04 04:06:04+00:00,940.0,6.908657370517928,40.39400796812749
5,10.766666666666667,85.53333333333333,2020-01-04 04:06:04+00:00,950.0,6.848896414342629,40.40237450199203
5,10.766666666666667,85.53333333333333,2020-01-04 04:06:04+00:00,960.0,6.789135458167331,40.410741035856574
5,10.766666666666667,85.53333333333333,2020-01-04 04:06:04+00:00,970.0,6.727265060240964,40.418277108433735
5,10.766666666666667,85.53333333333333,2020-01-04 04:06:04+00:00,980.0,6.664614457831325,40.425506024096386
5,10.766666666666667,85.53333333333333,2020-01-04 04:06:04+00:00,990.0,6.602096774193549,40.431
5,10.766666666666667,85.53333333333333,2020-01-04 04:06:04+00:00,1000.0,6.54,40.431
5,10.766666666666667,85.53333333333333,2020-01-04 04:06:04+00:00,1010.0,6.477903225806451,40.431
5,10.766666666666667,85.53333333333333,2020-01-04 04:06:04+00:00,1020.0,6.420416342412451,40.42508560311284
5,10.766666666666667,85.53333333333333,2020-01-04 04:06:04+00:00,1030.0,6.364385214007782,40.417303501945526
5,10.766666666666667,85.53333333333333,2020-01-04 04:06:04+00:00,1040.0,6.308799180327869,40.410610655737706
5,10.766666666666667,85.53333333333333,2020-01-04 04:06:04+00:00,1050.0,6.255110655737704,40.40856147540983
5,10.766666666666667,85.53333333333333,2020-01-04 04:06:04+00:00,1060.0,6.201422131147541,40.40651229508197
5,10.766666666666667,85.53333333333333,2020-01-04 04:06:04+00:00,1070.0,6.151999999999999,40.4066
5,10.766666666666667,85.53333333333333,2020-01-04 04:06:04+00:00,1080.0,6.103999999999999,40.4074
5,10.766666666666667,85.53333333333333,2020-01-04 04:06:04+00:00,1090.0,6.0581,40.4076
5,10.766666666666667,85.53333333333333,2020-01-04 04:06:04+00:00,1100.0,6.0184999999999995,40.406000000000006
5,10.766666666666667,85.53333333333333,2020-01-04 04:06:04+00:00,1110.0,5.9789,40.4044
5,10.766666666666667,85.53333333333333,2020-01-04 04:06:04+00:00,1120.0,5.937873517786562,40.403110671936766
5,10.766666666666667,85.53333333333333,2020-01-04 04:06:04+00:00,1130.0,5.896371541501976,40.40192490118577
5,10.766666666666667,85.53333333333333,2020-01-04 04:06:04+00:00,1140.0,5.854358565737051,40.401262948207176
5,10.766666666666667,85.53333333333333,2020-01-04 04:06:04+00:00,1150.0,5.810533864541832,40.40245816733068
5,10.766666666666667,85.53333333333333,2020-01-04 04:06:04+00:00,1160.0,5.766709163346613,40.40365338645419
5,10.766666666666667,85.53333333333333,2020-01-04 04:06:04+00:00,1170.0,5.721779116465863,40.405140562249
5,10.766666666666667,85.53333333333333,2020-01-04 04:06:04+00:00,1180.0,5.676397590361446,40.406746987951806
5,10.766666666666667,85.53333333333333,2020-01-04 04:06:04+00:00,1190.0,5.631533864541833,40.40870119521912
5,10.766666666666667,85.53333333333333,2020-01-04 04:06:04+00:00,1200.0,5.588505976095618,40.41188844621514
5,10.766666666666667,85.53333333333333,2020-01-04 04:06:04+00:00,1210.0,5.545478087649403,40.41507569721115
5,10.766666666666667,85.53333333333333,2020-01-04 04:06:04+00:00,1220.0,5.499190476190477,40.418817460317456
5,10.766666666666667,85.53333333333333,2020-01-04 04:06:04+00:00,1230.0,5.4515714285714285,40.422785714285716
5,10.766666666666667,85.53333333333333,2020-01-04 04:06:04+00:00,1240.0,5.405903614457832,40.426
5,10.766666666666667,85.53333333333333,2020-01-04 04:06:04+00:00,1250.0,5.36855421686747,40.426
5,10.766666666666667,85.53333333333333,2020-01-04 04:06:04+00:00,1260.0,5.331204819277109,40.426
5,10.766666666666667,85.53333333333333,2020-01-04 04:06:04+00:00,1270.0,5.290481927710844,40.42712449799197
5,10.766666666666667,85.53333333333333,2020-01-04 04:06:04+00:00,1280.0,5.248313253012048,40.42873092369478
5,10.766666666666667,85.53333333333333,2020-01-04 04:06:04+00:00,1290.0,5.206372093023256,40.43024418604651
5,10.766666666666667,85.53333333333333,2020-01-04 04:06:04+00:00,1300.0,5.165286821705426,40.431406976744185
5,10.766666666666667,85.53333333333333,2020-01-04 04:06:04+00:00,1310.0,5.124201550387597,40.43256976744186
5,10.766666666666667,85.53333333333333,2020-01-04 04:06:04+00:00,1320.0,5.081585774058578,40.433263598326356
5,10.766666666666667,85.53333333333333,2020-01-04 04:06:04+00:00,1330.0,5.038071129707113,40.4336820083682
5,10.766666666666667,85.53333333333333,2020-01-04 04:06:04+00:00,1340.0,4.994975903614457,40.434
5,10.766666666666667,85.53333333333333,2020-01-04 04:06:04+00:00,1350.0,4.953208835341365,40.434
5,10.766666666666667,85.53333333333333,2020-01-04 04:06:04+00:00,1360.0,4.911441767068273,40.434
5,10.766666666666667,85.53333333333333,2020-01-04 04:06:04+00:00,1370.0,4.8698,40.4379
5,10.766666666666667,85.53333333333333,2020-01-04 04:06:04+00:00,1380.0,4.8282,40.4431
5,10.766666666666667,85.53333333333333,2020-01-04 04:06:04+00:00,1390.0,4.786525691699604,40.451446640316206
5,10.766666666666667,85.53333333333333,2020-01-04 04:06:04+00:00,1400.0,4.744628458498023,40.46923320158103
5,10.766666666666667,85.53333333333333,2020-01-04 04:06:04+00:00,1410.0,4.702731225296442,40.48701976284585
5,10.766666666666667,85.53333333333333,2020-01-04 04:06:04+00:00,1420.0,4.662653543307086,40.492
5,10.766666666666667,85.53333333333333,2020-01-04 04:06:04+00:00,1430.0,4.62328346456693,40.492
5,10.766666666666667,85.53333333333333,2020-01-04 04:06:04+00:00,1440.0,4.584160000000001,40.492936
5,10.766666666666667,85.53333333333333,2020-01-04 04:06:04+00:00,1450.0,4.54616,40.498136
5,10.766666666666667,85.53333333333333,2020-01-04 04:06:04+00:00,1460.0,4.50816,40.503336000000004
5,10.766666666666667,85.53333333333333,2020-01-04 04:06:04+00:00,1470.0,4.4649920000000005,40.505
5,10.766666666666667,85.53333333333333,2020-01-04 04:06:04+00:00,1480.0,4.419392,40.505
5,10.766666666666667,85.53333333333333,2020-01-04 04:06:04+00:00,1490.0,4.37271875,40.505140625
5,10.766666666666667,85.53333333333333,2020-01-04 04:06:04+00:00,1500.0,4.32115625,40.505921875
5,10.766666666666667,85.53333333333333,2020-01-04 04:06:04+00:00,1510.0,4.269593749999999,40.506703125
5,10.766666666666667,85.53333333333333,2020-01-04 04:06:04+00:00,1520.0,4.218610878661088,40.508297071129704
5,10.766666666666667,85.53333333333333,2020-01-04 04:06:04+00:00,1530.0,4.167983263598326,40.51038912133891
5,10.766666666666667,85.53333333333333,2020-01-04 04:06:04+00:00,1540.0,4.120203187250996,40.51245816733068
5,10.766666666666667,85.53333333333333,2020-01-04 04:06:04+00:00,1550.0,4.081956175298805,40.51445019920319
5,10.766666666666667,85.53333333333333,2020-01-04 04:06:04+00:00,1560.0,4.043709163346613,40.5164422310757
5,10.766666666666667,85.53333333333333,2020-01-04 04:06:04+00:00,1570.0,3.995857142857143,40.517
5,10.766666666666667,85.53333333333333,2020-01-04 04:06:04+00:00,1580.0,3.944269841269841,40.517
5,10.766666666666667,85.53333333333333,2020-01-04 04:06:04+00:00,1590.0,3.895350597609562,40.5172390438247
5,10.766666666666667,85.53333333333333,2020-01-04 04:06:04+00:00,1600.0,3.8571035856573705,40.51843426294821
5,10.766666666666667,85.53333333333333,2020-01-04 04:06:04+00:00,1610.0,3.8188565737051787,40.519629482071714
5,10.766666666666667,85.53333333333333,2020-01-04 04:06:04+00:00,1620.0,3.7733279999999993,40.524692
5,10.766666666666667,85.53333333333333,2020-01-04 04:06:04+00:00,1630.0,3.7245279999999994,40.531492
5,10.766666666666667,85.53333333333333,2020-01-04 04:06:04+00:00,1640.0,3.6785444015444013,40.537953667953666
5,10.766666666666667,85.53333333333333,2020-01-04 04:06:04+00:00,1650.0,3.6445675675675675,40.54297297297297
5,10.766666666666667,85.53333333333333,2020-01-04 04:06:04+00:00,1660.0,3.6105907335907337,40.54799227799228
5,10.766666666666667,85.53333333333333,2020-01-04 04:06:04+00:00,1670.0,3.574721518987342,40.55
5,10.766666666666667,85.53333333333333,2020-01-04 04:06:04+00:00,1680.0,3.537590717299578,40.55
5,10.766666666666667,85.53333333333333,2020-01-04 04:06:04+00:00,1690.0,3.500444,40.55
5,10.766666666666667,85.53333333333333,2020-01-04 04:06:04+00:00,1700.0,3.463244,40.55
5,10.766666666666667,85.53333333333333,2020-01-04 04:06:04+00:00,1710.0,3.426044,40.55
5,10.766666666666667,85.53333333333333,2020-01-04 04:06:04+00:00,1720.0,3.3943596837944665,40.54971146245059
5,10.766666666666667,85.53333333333333,2020-01-04 04:06:04+00:00,1730.0,3.364715415019763,40.54931620553359
5,10.766666666666667,85.53333333333333,2020-01-04 04:06:04+00:00,1740.0,3.3343333333333334,40.54891967871486
5,10.766666666666667,85.53333333333333,2020-01-04 04:06:04+00:00,1750.0,3.301,40.548518072289156
5,10.766666666666667,85.53333333333333,2020-01-04 04:06:04+00:00,1760.0,3.267666666666667,40.54811646586346
5,10.766666666666667,85.53333333333333,2020-01-04 04:06:04+00:00,1770.0,3.2351887550200806,40.555698795180724
5,10.766666666666667,85.53333333333333,2020-01-04 04:06:04+00:00,1780.0,3.2030602409638553,40.5665421686747
5,10.766666666666667,85.53333333333333,2020-01-04 04:06:04+00:00,1790.0,3.1733545816733066,40.57815537848606
5,10.766666666666667,85.53333333333333,2020-01-04 04:06:04+00:00,1800.0,3.152239043824701,40.592498007968125
5,10.766666666666667,85.53333333333333,2020-01-04 04:06:04+00:00,1810.0,3.131123505976096,40.6068406374502
5,10.766666666666667,85.53333333333333,2020-01-04 04:06:04+00:00,1820.0,3.1110281124497994,40.612140562248996
5,10.766666666666667,85.53333333333333,2020-01-04 04:06:04+00:00,1830.0,3.0913493975903616,40.61374698795181
5,10.766666666666667,85.53333333333333,2020-01-04 04:06:04+00:00,1840.0,3.070086956521739,40.615434782608695
5,10.766666666666667,85.53333333333333,2020-01-04 04:06:04+00:00,1850.0,3.043209486166008,40.61741106719368
5,10.766666666666667,85.53333333333333,2020-01-04 04:06:04+00:00,1860.0,3.0163320158102764,40.619387351778656
5,10.766666666666667,85.53333333333333,2020-01-04 04:06:04+00:00,1870.0,2.9915059760956173,40.62027490039841
5,10.766666666666667,85.53333333333333,2020-01-04 04:06:04+00:00,1880.0,2.967601593625498,40.62067330677291
5,10.766666666666667,85.53333333333333,2020-01-04 04:06:04+00:00,1890.0,2.944414342629482,40.62092828685259
5,10.766666666666667,85.53333333333333,2020-01-04 04:06:04+00:00,1900.0,2.9244940239043826,40.62052988047809
5,10.766666666666667,85.53333333333333,2020-01-04 04:06:04+00:00,1910.0,2.904573705179283,40.62013147410359
5,10.766666666666667,85.53333333333333,2020-01-04 04:06:04+00:00,1920.0,2.88151171875,40.6194765625
5,10.766666666666667,85.53333333333333,2020-01-04 04:06:04+00:00,1930.0,2.8569023437500003,40.6186953125
5,10.766666666666667,85.53333333333333,2020-01-04 04:06:04+00:00,1940.0,2.832226890756303,40.617861344537815
5,10.766666666666667,85.53333333333333,2020-01-04 04:06:04+00:00,1950.0,2.807016806722689,40.61660084033613
5,10.766666666666667,85.53333333333333,2020-01-04 04:06:04+00:00,1960.0,2.7818067226890757,40.61534033613446
5,10.766666666666667,85.53333333333333,2020-01-04 04:06:04+00:00,1970.0,2.763431693989071,40.61460109289617
5,10.766666666666667,85.53333333333333,2020-01-04 04:06:04+00:00,1980.0,2.7475846994535518,40.61405464480874
6,13.283333333333331,86.63333333333334,2020-01-04 04:12:00+00:00,10.0,27.561,34.286833333333334
6,13.283333333333331,86.63333333333334,2020-01-04 04:12:00+00:00,20.0,27.920777777777776,34.61944444444445
6,13.283333333333331,86.63333333333334,2020-01-04 04:12:00+00:00,30.0,27.888,34.622800000000005
6,13.283333333333331,86.63333333333334,2020-01-04 04:12:00+00:00,40.0,27.89311111111111,34.635666666666665
6,13.283333333333331,86.63333333333334,2020-01-04 04:12:00+00:00,50.0,27.671818181818182,34.66
6,13.283333333333331,86.63333333333334,2020-01-04 04:12:00+00:00,60.0,28.224,35.193
6,13.283333333333331,86.63333333333334,2020-01-04 04:12:00+00:00,70.0,26.795454545454547,35.46054545454545
6,13.283333333333331,86.63333333333334,2020-01-04 04:12:00+00:00,80.0,24.992,35.833
6,13.283333333333331,86.63333333333334,2020-01-04 04:12:00+00:00,90.0,23.290444444444447,35.977111111111114
6,13.283333333333331,86.63333333333334,2020-01-04 04:12:00+00:00,100.0,22.3615,36.027
6,13.283333333333331,86.63333333333334,2020-01-04 04:12:00+00:00,110.0,20.82488888888889,36.019
6,13.283333333333331,86.63333333333334,2020-01-04 04:12:00+00:00,120.0,19.659000000000002,36.02075
6,13.283333333333331,86.63333333333334,2020-01-04 04:12:00+00:00,130.0,18.15241176470588,36.06876470588235
6,13.283333333333331,86.63333333333334,2020-01-04 04:12:00+00:00,140.0,17.386444444444443,36.083444444444446
6,13.283333333333331,86.63333333333334,2020-01-04 04:12:00+00:00,150.0,16.510785714285714,36.11185714285714
6,13.283333333333331,86.63333333333334,2020-01-04 04:12:00+00:00,160.0,15.980777777777776,36.13311111111111
6,13.283333333333331,86.63333333333334,2020-01-04 04:12:00+00:00,170.0,15.357,36.153
6,13.283333333333331,86.63333333333334,2020-01-04 04:12:00+00:00,180.0,14.790000000000001,36.1769
6,13.283333333333331,86.63333333333334,2020-01-04 04:12:00+00:00,190.0,14.31690909090909,36.19027272727273
6,13.283333333333331,86.63333333333334,2020-01-04 04:12:00+00:00,200.0,13.949,36.20308823529412
6,13.283333333333331,86.63333333333334,2020-01-04 04:12:00+00:00,210.0,13.649000000000001,36.21191176470589
6,13.283333333333331,86.63333333333334,2020-01-04 04:12:00+00:00,220.0,13.300455696202532,36.22240506329114
6,13.283333333333331,86.63333333333334,2020-01-04 04:12:00+00:00,230.0,12.925772151898734,36.23379746835443
6,13.283333333333331,86.63333333333334,2020-01-04 04:12:00+00:00,240.0,12.598792156862745,36.24342745098039
6,13.283333333333331,86.63333333333334,2020-01-04 04:12:00+00:00,250.0,12.39447843137255,36.24852549019608
6,13.283333333333331,86.63333333333334,2020-01-04 04:12:00+00:00,260.0,12.190164705882353,36.25362352941177
6,13.283333333333331,86.63333333333334,2020-01-04 04:12:00+00:00,270.0,12.027527777777777,36.25789682539683
6,13.283333333333331,86.63333333333334,2020-01-04 04:12:00+00:00,280.0,11.880305555555555,36.26186507936508
6,13.283333333333331,86.63333333333334,2020-01-04 04:12:00+00:00,290.0,11.736333333333333,36.26541666666667
6,13.283333333333331,86.63333333333334,2020-01-04 04:12:00+00:00,300.0,11.604587301587301,36.26740079365079
6,13.283333333333331,86.63333333333334,2020-01-04 04:12:00+00:00,310.0,11.47284126984127,36.26938492063492
6,13.283333333333331,86.63333333333334,2020-01-04 04:12:00+00:00,320.0,11.350708502024291,36.2713967611336
6,13.283333333333331,86.63333333333334,2020-01-04 04:12:00+00:00,330.0,11.232894736842105,36.273421052631576
6,13.283333333333331,86.63333333333334,2020-01-04 04:12:00+00:00,340.0,11.120385826771654,36.27525984251968
6,13.283333333333331,86.63333333333334,2020-01-04 04:12:00+00:00,350.0,11.02668503937008,36.27644094488189
6,13.283333333333331,86.63333333333334,2020-01-04 04:12:00+00:00,360.0,10.932984251968504,36.277622047244094
6,13.283333333333331,86.63333333333334,2020-01-04 04:12:00+00:00,370.0,10.847663967611336,36.278275303643724
6,13.283333333333331,86.63333333333334,2020-01-04 04:12:00+00:00,380.0,10.766287449392712,36.27868016194332
6,13.283333333333331,86.63333333333334,2020-01-04 04:12:00+00:00,390.0,10.685666666666666,36.279
6,13.283333333333331,86.63333333333334,2020-01-04 04:12:00+00:00,400.0,10.607888888888889,36.279
6,13.283333333333331,86.63333333333334,2020-01-04 04:12:00+00:00,410.0,10.530111111111111,36.279
6,13.283333333333331,86.63333333333334,2020-01-04 04:12:00+00:00,420.0,10.443348,36.279276
6,13.283333333333331,86.63333333333334,2020-01-04 04:12:00+00:00,430.0,10.352548,36.279676
6,13.283333333333331,86.63333333333334,2020-01-04 04:12:00+00:00,440.0,10.264076923076923,36.279923076923076
6,13.283333333333331,86.63333333333334,2020-01-04 04:12:00+00:00,450.0,10.185534412955466,36.27951821862349
6,13.283333333333331,86.63333333333334,2020-01-04 04:12:00+00:00,460.0,10.10699190283401,36.27911336032389
6,13.283333333333331,86.63333333333334,2020-01-04 04:12:00+00:00,470.0,10.02083870967742,36.279
6,13.283333333333331,86.63333333333334,2020-01-04 04:12:00+00:00,480.0,9.931725806451613,36.279
6,13.283333333333331,86.63333333333334,2020-01-04 04:12:00+00:00,490.0,9.84372908366534,36.278808764940244
6,13.283333333333331,86.63333333333334,2020-01-04 04:12:00+00:00,500.0,9.759266932270917,36.278011952191235
6,13.283333333333331,86.63333333333334,2020-01-04 04:12:00+00:00,510.0,9.674804780876494,36.277215139442234
6,13.283333333333331,86.63333333333334,2020-01-04 04:12:00+00:00,520.0,9.593027450980392,36.2767137254902
6,13.283333333333331,86.63333333333334,2020-01-04 04:12:00+00:00,530.0,9.512243137254902,36.27632156862745
6,13.283333333333331,86.63333333333334,2020-01-04 04:12:00+00:00,540.0,9.431738461538462,36.27579230769231
6,13.283333333333331,86.63333333333334,2020-01-04 04:12:00+00:00,550.0,9.352507692307693,36.274638461538466
6,13.283333333333331,86.63333333333334,2020-01-04 04:12:00+00:00,560.0,9.273276923076924,36.27348461538462
6,13.283333333333331,86.63333333333334,2020-01-04 04:12:00+00:00,570.0,9.20955,36.272758333333336
6,13.283333333333331,86.63333333333334,2020-01-04 04:12:00+00:00,580.0,9.157050000000002,36.27234166666667
6,13.283333333333331,86.63333333333334,2020-01-04 04:12:00+00:00,590.0,9.099411290322582,36.27178225806451
6,13.283333333333331,86.63333333333334,2020-01-04 04:12:00+00:00,600.0,9.018362903225807,36.27057258064516
6,13.283333333333331,86.63333333333334,2020-01-04 04:12:00+00:00,610.0,8.937314516129032,36.269362903225804
6,13.283333333333331,86.63333333333334,2020-01-04 04:12:00+00:00,620.0,8.856107569721116,36.26788446215139
6,13.283333333333331,86.63333333333334,2020-01-04 04:12:00+00:00,630.0,8.77483266932271,36.26629083665339
6,13.283333333333331,86.63333333333334,2020-01-04 04:12:00+00:00,640.0,8.696688,36.264924
6,13.283333333333331,86.63333333333334,2020-01-04 04:12:00+00:00,650.0,8.631888,36.264524
6,13.283333333333331,86.63333333333334,2020-01-04 04:12:00+00:00,660.0,8.567088,36.264124
6,13.283333333333331,86.63333333333334,2020-01-04 04:12:00+00:00,670.0,8.5038406374502,36.26290039840637
6,13.283333333333331,86.63333333333334,2020-01-04 04:12:00+00:00,680.0,8.441290836653387,36.26130677290837
6,13.283333333333331,86.63333333333334,2020-01-04 04:12:00+00:00,690.0,8.377634146341464,36.259780487804875
6,13.283333333333331,86.63333333333334,2020-01-04 04:12:00+00:00,700.0,8.308934959349594,36.258560975609754
6,13.283333333333331,86.63333333333334,2020-01-04 04:12:00+00:00,710.0,8.240235772357723,36.25734146341463
6,13.283333333333331,86.63333333333334,2020-01-04 04:12:00+00:00,720.0,8.167870967741935,36.25641935483871
6,13.283333333333331,86.63333333333334,2020-01-04 04:12:00+00:00,730.0,8.094080645161291,36.25561290322581
6,13.283333333333331,86.63333333333334,2020-01-04 04:12:00+00:00,740.0,8.023752988047809,36.254713147410364
6,13.283333333333331,86.63333333333334,2020-01-04 04:12:00+00:00,750.0,7.964390438247013,36.253517928286854
6,13.283333333333331,86.63333333333334,2020-01-04 04:12:00+00:00,760.0,7.905027888446216,36.25232270916335
6,13.283333333333331,86.63333333333334,2020-01-04 04:12:00+00:00,770.0,7.8439203187251,36.25112749003984
6,13.283333333333331,86.63333333333334,2020-01-04 04:12:00+00:00,780.0,7.782167330677291,36.24993227091634
6,13.283333333333331,86.63333333333334,2020-01-04 04:12:00+00:00,790.0,7.714933333333333,36.24865490196078
6,13.283333333333331,86.63333333333334,2020-01-04 04:12:00+00:00,800.0,7.628266666666666,36.247086274509805
6,13.283333333333331,86.63333333333334,2020-01-04 04:12:00+00:00,810.0,7.5416,36.24551764705882
6,13.283333333333331,86.63333333333334,2020-01-04 04:12:00+00:00,820.0,7.47202479338843,36.2441694214876
6,13.283333333333331,86.63333333333334,2020-01-04 04:12:00+00:00,830.0,7.4108677685950415,36.24292975206611
6,13.283333333333331,86.63333333333334,2020-01-04 04:12:00+00:00,840.0,7.350843373493976,36.24169879518072
6,13.283333333333331,86.63333333333334,2020-01-04 04:12:00+00:00,850.0,7.2942168674698795,36.24049397590361
6,13.283333333333331,86.63333333333334,2020-01-04 04:12:00+00:00,860.0,7.2375903614457835,36.239289156626505
6,13.283333333333331,86.63333333333334,2020-01-04 04:12:00+00:00,870.0,7.177555555555556,36.238095238095234
6,13.283333333333331,86.63333333333334,2020-01-04 04:12:00+00:00,880.0,7.116444444444444,36.23690476190476
6,13.283333333333331,86.63333333333334,2020-01-04 04:12:00+00:00,890.0,7.055809523809524,36.235619047619046
6,13.283333333333331,86.63333333333334,2020-01-04 04:12:00+00:00,900.0,6.99668253968254,36.23403174603175
6,13.283333333333331,86.63333333333334,2020-01-04 04:12:00+00:00,910.0,6.937555555555556,36.23244444444445
6,13.283333333333331,86.63333333333334,2020-01-04 04:12:00+00:00,920.0,6.883272,36.231424
6,13.283333333333331,86.63333333333334,2020-01-04 04:12:00+00:00,930.0,6.830872,36.230624
6,13.283333333333331,86.63333333333334,2020-01-04 04:12:00+00:00,940.0,6.77483064516129,36.22964516129032
6,13.283333333333331,86.63333333333334,2020-01-04 04:12:00+00:00,950.0,6.705879032258064,36.228032258064516
6,13.283333333333331,86.63333333333334,2020-01-04 04:12:00+00:00,960.0,6.636927419354839,36.22641935483871
6,13.283333333333331,86.63333333333334,2020-01-04 04:12:00+00:00,970.0,6.5806626506024095,36.22510843373494
6,13.283333333333331,86.63333333333334,2020-01-04 04:12:00+00:00,980.0,6.528855421686747,36.22390361445783
6,13.283333333333331,86.63333333333334,2020-01-04 04:12:00+00:00,990.0,6.477749003984064,36.22280079681275
6,13.283333333333331,86.63333333333334,2020-01-04 04:12:00+00:00,1000.0,6.428745019920319,36.22200398406374
6,13.283333333333331,86.63333333333334,2020-01-04 04:12:00+00:00,1010.0,6.379741035856574,36.22120717131474
6,13.283333333333331,86.63333333333334,2020-01-04 04:12:00+00:00,1020.0,6.331266159695818,36.220437262357414
6,13.283333333333331,86.63333333333334,2020-01-04 04:12:00+00:00,1030.0,6.282977186311787,36.21967680608365
6,13.283333333333331,86.63333333333334,2020-01-04 04:12:00+00:00,1040.0,6.234703703703705,36.21886419753086
6,13.283333333333331,86.63333333333334,2020-01-04 04:12:00+00:00,1050.0,6.1865555555555565,36.217629629629634
6,13.283333333333331,86.63333333333334,2020-01-04 04:12:00+00:00,1060.0,6.138407407407408,36.2163950617284
6,13.283333333333331,86.63333333333334,2020-01-04 04:12:00+00:00,1070.0,6.08777108433735,36.21518072289157
6,13.283333333333331,86.63333333333334,2020-01-04 04:12:00+00:00,1080.0,6.035963855421686,36.21397590361446
6,13.283333333333331,86.63333333333334,2020-01-04 04:12:00+00:00,1090.0,5.984843373493975,36.212847389558235
6,13.283333333333331,86.63333333333334,2020-01-04 04:12:00+00:00,1100.0,5.936650602409638,36.212044176706826
6,13.283333333333331,86.63333333333334,2020-01-04 04:12:00+00:00,1110.0,5.888457831325301,36.211240963855424
6,13.283333333333331,86.63333333333334,2020-01-04 04:12:00+00:00,1120.0,5.8354859437751,36.20987550200803
6,13.283333333333331,86.63333333333334,2020-01-04 04:12:00+00:00,1130.0,5.7804658634538155,36.20826907630522
6,13.283333333333331,86.63333333333334,2020-01-04 04:12:00+00:00,1140.0,5.727012195121952,36.20682926829269
6,13.283333333333331,86.63333333333334,2020-01-04 04:12:00+00:00,1150.0,5.679451219512195,36.2060162601626
6,13.283333333333331,86.63333333333334,2020-01-04 04:12:00+00:00,1160.0,5.631890243902439,36.20520325203252
6,13.283333333333331,86.63333333333334,2020-01-04 04:12:00+00:00,1170.0,5.5873,36.2044
6,13.283333333333331,86.63333333333334,2020-01-04 04:12:00+00:00,1180.0,5.5437,36.2036
6,13.283333333333331,86.63333333333334,2020-01-04 04:12:00+00:00,1190.0,5.4992874015748034,36.202803149606304
6,13.283333333333331,86.63333333333334,2020-01-04 04:12:00+00:00,1200.0,5.452437007874016,36.2020157480315
6,13.283333333333331,86.63333333333334,2020-01-04 04:12:00+00:00,1210.0,5.405586614173229,36.201228346456695
6,13.283333333333331,86.63333333333334,2020-01-04 04:12:00+00:00,1220.0,5.361775100401607,36.200429718875505
6,13.283333333333331,86.63333333333334,2020-01-04 04:12:00+00:00,1230.0,5.319204819277108,36.199626506024096
6,13.283333333333331,86.63333333333334,2020-01-04 04:12:00+00:00,1240.0,5.276192771084337,36.19882329317269
6,13.283333333333331,86.63333333333334,2020-01-04 04:12:00+00:00,1250.0,5.231614457831325,36.198020080321285
6,13.283333333333331,86.63333333333334,2020-01-04 04:12:00+00:00,1260.0,5.187036144578313,36.19721686746988
6,13.283333333333331,86.63333333333334,2020-01-04 04:12:00+00:00,1270.0,5.148326923076923,36.19643846153846
6,13.283333333333331,86.63333333333334,2020-01-04 04:12:00+00:00,1280.0,5.1117884615384614,36.195669230769234
6,13.283333333333331,86.63333333333334,2020-01-04 04:12:00+00:00,1290.0,5.075392405063291,36.19494514767933
6,13.283333333333331,86.63333333333334,2020-01-04 04:12:00+00:00,1300.0,5.039949367088608,36.19452320675106
6,13.283333333333331,86.63333333333334,2020-01-04 04:12:00+00:00,1310.0,5.004506329113925,36.19410126582279
6,13.283333333333331,86.63333333333334,2020-01-04 04:12:00+00:00,1320.0,4.974112000000001,36.193696
6,13.283333333333331,86.63333333333334,2020-01-04 04:12:00+00:00,1330.0,4.945312,36.193296
6,13.283333333333331,86.63333333333334,2020-01-04 04:12:00+00:00,1340.0,4.91448031496063,36.19279527559055
6,13.283333333333331,86.63333333333334,2020-01-04 04:12:00+00:00,1350.0,4.877866141732284,36.19200787401575
6,13.283333333333331,86.63333333333334,2020-01-04 04:12:00+00:00,1360.0,4.841251968503937,36.191220472440946
6,13.283333333333331,86.63333333333334,2020-01-04 04:12:00+00:00,1370.0,4.807478087649403,36.19071314741036
6,13.283333333333331,86.63333333333334,2020-01-04 04:12:00+00:00,1380.0,4.774808764940239,36.190314741035856
6,13.283333333333331,86.63333333333334,2020-01-04 04:12:00+00:00,1390.0,4.741433198380567,36.18982995951417
6,13.283333333333331,86.63333333333334,2020-01-04 04:12:00+00:00,1400.0,4.705400809716599,36.18902024291498
6,13.283333333333331,86.63333333333334,2020-01-04 04:12:00+00:00,1410.0,4.669368421052631,36.18821052631579
6,13.283333333333331,86.63333333333334,2020-01-04 04:12:00+00:00,1420.0,4.630104,36.187408000000005
6,13.283333333333331,86.63333333333334,2020-01-04 04:12:00+00:00,1430.0,4.589703999999999,36.186608
6,13.283333333333331,86.63333333333334,2020-01-04 04:12:00+00:00,1440.0,4.548523809523809,36.18571428571428
6,13.283333333333331,86.63333333333334,2020-01-04 04:12:00+00:00,1450.0,4.504873015873016,36.18452380952381
6,13.283333333333331,86.63333333333334,2020-01-04 04:12:00+00:00,1460.0,4.461222222222222,36.18333333333333
6,13.283333333333331,86.63333333333334,2020-01-04 04:12:00+00:00,1470.0,4.415,36.18214285714286
6,13.283333333333331,86.63333333333334,2020-01-04 04:12:00+00:00,1480.0,4.3677777777777775,36.180952380952384
6,13.283333333333331,86.63333333333334,2020-01-04 04:12:00+00:00,1490.0,4.319047619047619,36.17968253968254
6,13.283333333333331,86.63333333333334,2020-01-04 04:12:00+00:00,1500.0,4.264285714285714,36.17809523809524
6,13.283333333333331,86.63333333333334,2020-01-04 04:12:00+00:00,1510.0,4.20952380952381,36.17650793650794
6,13.283333333333331,86.63333333333334,2020-01-04 04:12:00+00:00,1520.0,4.1585528455284555,36.17544715447155
6,13.283333333333331,86.63333333333334,2020-01-04 04:12:00+00:00,1530.0,4.109365853658536,36.17463414634146
6,13.283333333333331,86.63333333333334,2020-01-04 04:12:00+00:00,1540.0,4.061326848249027,36.173743190661476
6,13.283333333333331,86.63333333333334,2020-01-04 04:12:00+00:00,1550.0,4.017357976653696,36.17257587548638
6,13.283333333333331,86.63333333333334,2020-01-04 04:12:00+00:00,1560.0,3.9733891050583656,36.171408560311285
6,13.283333333333331,86.63333333333334,2020-01-04 04:12:00+00:00,1570.0,3.9301810699588478,36.17046502057613
6,13.283333333333331,86.63333333333334,2020-01-04 04:12:00+00:00,1580.0,3.8873827160493826,36.16964197530864
6,13.283333333333331,86.63333333333334,2020-01-04 04:12:00+00:00,1590.0,3.845306451612903,36.16873387096774
6,13.283333333333331,86.63333333333334,2020-01-04 04:12:00+00:00,1600.0,3.805790322580645,36.16752419354838
6,13.283333333333331,86.63333333333334,2020-01-04 04:12:00+00:00,1610.0,3.7662741935483868,36.16631451612903
6,13.283333333333331,86.63333333333334,2020-01-04 04:12:00+00:00,1620.0,3.723992063492063,36.165119047619044
6,13.283333333333331,86.63333333333334,2020-01-04 04:12:00+00:00,1630.0,3.6807380952380946,36.16392857142857
6,13.283333333333331,86.63333333333334,2020-01-04 04:12:00+00:00,1640.0,3.6396086956521736,36.16282608695652
6,13.283333333333331,86.63333333333334,2020-01-04 04:12:00+00:00,1650.0,3.6060118577075095,36.16203557312253
6,13.283333333333331,86.63333333333334,2020-01-04 04:12:00+00:00,1660.0,3.5724150197628455,36.16124505928854
6,13.283333333333331,86.63333333333334,2020-01-04 04:12:00+00:00,1670.0,3.533064516129032,36.160165322580646
6,13.283333333333331,86.63333333333334,2020-01-04 04:12:00+00:00,1680.0,3.4911290322580646,36.15895564516129
6,13.283333333333331,86.63333333333334,2020-01-04 04:12:00+00:00,1690.0,3.448647773279353,36.157744939271254
6,13.283333333333331,86.63333333333334,2020-01-04 04:12:00+00:00,1700.0,3.404113360323887,36.15653036437247
6,13.283333333333331,86.63333333333334,2020-01-04 04:12:00+00:00,1710.0,3.3595789473684206,36.15531578947368
6,13.283333333333331,86.63333333333334,2020-01-04 04:12:00+00:00,1720.0,3.318630350194552,36.15413618677043
6,13.283333333333331,86.63333333333334,2020-01-04 04:12:00+00:00,1730.0,3.278941634241245,36.152968871595334
6,13.283333333333331,86.63333333333334,2020-01-04 04:12:00+00:00,1740.0,3.2410329218106995,36.15186008230453
6,13.283333333333331,86.63333333333334,2020-01-04 04:12:00+00:00,1750.0,3.2118148148148147,36.151037037037035
6,13.283333333333331,86.63333333333334,2020-01-04 04:12:00+00:00,1760.0,3.1825967078189294,36.15021399176955
6,13.283333333333331,86.63333333333334,2020-01-04 04:12:00+00:00,1770.0,3.1521857707509877,36.14941501976285
6,13.283333333333331,86.63333333333334,2020-01-04 04:12:00+00:00,1780.0,3.1213557312252966,36.14862450592886
6,13.283333333333331,86.63333333333334,2020-01-04 04:12:00+00:00,1790.0,3.091561752988048,36.14783266932271
6,13.283333333333331,86.63333333333334,2020-01-04 04:12:00+00:00,1800.0,3.0656653386454185,36.14703585657371
6,13.283333333333331,86.63333333333334,2020-01-04 04:12:00+00:00,1810.0,3.039768924302789,36.1462390438247
6,13.283333333333331,86.63333333333334,2020-01-04 04:12:00+00:00,1820.0,3.015694779116466,36.14571887550201
6,13.283333333333331,86.63333333333334,2020-01-04 04:12:00+00:00,1830.0,2.992401606425703,36.14531726907631
6,13.283333333333331,86.63333333333334,2020-01-04 04:12:00+00:00,1840.0,2.969530120481928,36.144831325301205
6,13.283333333333331,86.63333333333334,2020-01-04 04:12:00+00:00,1850.0,2.9482449799196786,36.1440281124498
6,13.283333333333331,86.63333333333334,2020-01-04 04:12:00+00:00,1860.0,2.9269598393574294,36.143224899598394
6,13.283333333333331,86.63333333333334,2020-01-04 04:12:00+00:00,1870.0,2.9067142857142856,36.142714285714284
6,13.283333333333331,86.63333333333334,2020-01-04 04:12:00+00:00,1880.0,2.886873015873016,36.142317460317464
6,13.283333333333331,86.63333333333334,2020-01-04 04:12:00+00:00,1890.0,2.866905511811024,36.14184251968504
6,13.283333333333331,86.63333333333334,2020-01-04 04:12:00+00:00,1900.0,2.8464330708661416,36.14105511811024
6,13.283333333333331,86.63333333333334,2020-01-04 04:12:00+00:00,1910.0,2.82596062992126,36.14026771653543
6,13.283333333333331,86.63333333333334,2020-01-04 04:12:00+00:00,1920.0,2.8046639344262294,36.139459016393445
6,13.283333333333331,86.63333333333334,2020-01-04 04:12:00+00:00,1930.0,2.7829426229508196,36.138639344262295
6,13.283333333333331,86.63333333333334,2020-01-04 04:12:00+00:00,1940.0,2.7616,36.137824
6,13.283333333333331,86.63333333333334,2020-01-04 04:12:00+00:00,1950.0,2.7416,36.137024000000004
6,13.283333333333331,86.63333333333334,2020-01-04 04:12:00+00:00,1960.0,2.7216,36.136224000000006
6,13.283333333333331,86.63333333333334,2020-01-04 04:12:00+00:00,1970.0,2.7004976076555023,36.135655502392346
6,13.283333333333331,86.63333333333334,2020-01-04 04:12:00+00:00,1980.0,2.6789665071770337,36.13517703349282
7,14.616666666666667,85.38333333333334,2020-01-04 04:29:13+00:00,10.0,26.412,31.959500000000002
7,14.616666666666667,85.38333333333334,2020-01-04 04:29:13+00:00,20.0,26.87030769230769,32.568
7,14.616666666666667,85.38333333333334,2020-01-04 04:29:13+00:00,30.0,27.142200000000003,32.8674
7,14.616666666666667,85.38333333333334,2020-01-04 04:29:13+00:00,40.0,27.462,33.375
7,14.616666666666667,85.38333333333334,2020-01-04 04:29:13+00:00,50.0,26.9057,33.852399999999996
7,14.616666666666667,85.38333333333334,2020-01-04 04:29:13+00:00,60.0,24.902,34.71
7,14.616666666666667,85.38333333333334,2020-01-04 04:29:13+00:00,70.0,22.750833333333333,34.77766666666667
7,14.616666666666667,85.38333333333334,2020-01-04 04:29:13+00:00,80.0,20.810583333333334,34.81875
7,14.616666666666667,85.38333333333334,2020-01-04 04:29:13+00:00,90.0,20.24675,34.889250000000004
7,14.616666666666667,85.38333333333334,2020-01-04 04:29:13+00:00,100.0,19.495428571428572,34.927214285714285
7,14.616666666666667,85.38333333333334,2020-01-04 04:29:13+00:00,110.0,18.70690909090909,34.903636363636366
7,14.616666666666667,85.38333333333334,2020-01-04 04:29:13+00:00,120.0,18.191615384615385,34.90161538461539
7,14.616666666666667,85.38333333333334,2020-01-04 04:29:13+00:00,130.0,17.239555555555555,34.922444444444444
7,14.616666666666667,85.38333333333334,2020-01-04 04:29:13+00:00,140.0,16.241000000000003,34.9458
7,14.616666666666667,85.38333333333334,2020-01-04 04:29:13+00:00,150.0,15.524,34.963
7,14.616666666666667,85.38333333333334,2020-01-04 04:29:13+00:00,160.0,14.720666666666666,34.98083333333334
7,14.616666666666667,85.38333333333334,2020-01-04 04:29:13+00:00,170.0,14.331,34.993
7,14.616666666666667,85.38333333333334,2020-01-04 04:29:13+00:00,180.0,13.864444444444445,35.019111111111116
7,14.616666666666667,85.38333333333334,2020-01-04 04:29:13+00:00,190.0,13.468300000000001,35.0319
7,14.616666666666667,85.38333333333334,2020-01-04 04:29:13+00:00,200.0,13.110984962406015,35.03624060150376
7,14.616666666666667,85.38333333333334,2020-01-04 04:29:13+00:00,210.0,12.86060902255639,35.04225563909774
7,14.616666666666667,85.38333333333334,2020-01-04 04:29:13+00:00,220.0,12.580702811244981,35.049987951807225
7,14.616666666666667,85.38333333333334,2020-01-04 04:29:13+00:00,230.0,12.288734939759037,35.05842168674698
7,14.616666666666667,85.38333333333334,2020-01-04 04:29:13+00:00,240.0,12.017701195219123,35.065
7,14.616666666666667,85.38333333333334,2020-01-04 04:29:13+00:00,250.0,11.82088844621514,35.065
7,14.616666666666667,85.38333333333334,2020-01-04 04:29:13+00:00,260.0,11.624075697211156,35.065
7,14.616666666666667,85.38333333333334,2020-01-04 04:29:13+00:00,270.0,11.474930894308942,35.065
7,14.616666666666667,85.38333333333334,2020-01-04 04:29:13+00:00,280.0,11.345256097560975,35.065
7,14.616666666666667,85.38333333333334,2020-01-04 04:29:13+00:00,290.0,11.225843137254902,35.065294117647056
7,14.616666666666667,85.38333333333334,2020-01-04 04:29:13+00:00,300.0,11.13721568627451,35.06647058823529
7,14.616666666666667,85.38333333333334,2020-01-04 04:29:13+00:00,310.0,11.048588235294117,35.067647058823525
7,14.616666666666667,85.38333333333334,2020-01-04 04:29:13+00:00,320.0,10.969430830039526,35.067446640316206
7,14.616666666666667,85.38333333333334,2020-01-04 04:29:13+00:00,330.0,10.894332015810278,35.066656126482215
7,14.616666666666667,85.38333333333334,2020-01-04 04:29:13+00:00,340.0,10.818731707317074,35.06579268292683
7,14.616666666666667,85.38333333333334,2020-01-04 04:29:13+00:00,350.0,10.740682926829269,35.06457317073171
7,14.616666666666667,85.38333333333334,2020-01-04 04:29:13+00:00,360.0,10.662634146341464,35.063353658536585
7,14.616666666666667,85.38333333333334,2020-01-04 04:29:13+00:00,370.0,10.585972111553785,35.06243426294821
7,14.616666666666667,85.38333333333334,2020-01-04 04:29:13+00:00,380.0,10.509876494023905,35.06163745019921
7,14.616666666666667,85.38333333333334,2020-01-04 04:29:13+00:00,390.0,10.433354838709677,35.061
7,14.616666666666667,85.38333333333334,2020-01-04 04:29:13+00:00,400.0,10.355129032258064,35.061
7,14.616666666666667,85.38333333333334,2020-01-04 04:29:13+00:00,410.0,10.276903225806452,35.061
7,14.616666666666667,85.38333333333334,2020-01-04 04:29:13+00:00,420.0,10.196463414634147,35.06041463414634
7,14.616666666666667,85.38333333333334,2020-01-04 04:29:13+00:00,430.0,10.115162601626016,35.05960162601626
7,14.616666666666667,85.38333333333334,2020-01-04 04:29:13+00:00,440.0,10.03684126984127,35.05869047619047
7,14.616666666666667,85.38333333333334,2020-01-04 04:29:13+00:00,450.0,9.966999999999999,35.0575
7,14.616666666666667,85.38333333333334,2020-01-04 04:29:13+00:00,460.0,9.89715873015873,35.056309523809524
7,14.616666666666667,85.38333333333334,2020-01-04 04:29:13+00:00,470.0,9.82888047808765,35.0551155378486
7,14.616666666666667,85.38333333333334,2020-01-04 04:29:13+00:00,480.0,9.76115139442231,35.0539203187251
7,14.616666666666667,85.38333333333334,2020-01-04 04:29:13+00:00,490.0,9.691749999999999,35.052734615384615
7,14.616666666666667,85.38333333333334,2020-01-04 04:29:13+00:00,500.0,9.61675,35.05158076923077
7,14.616666666666667,85.38333333333334,2020-01-04 04:29:13+00:00,510.0,9.54175,35.05042692307692
7,14.616666666666667,85.38333333333334,2020-01-04 04:29:13+00:00,520.0,9.46675,35.049212499999996
7,14.616666666666667,85.38333333333334,2020-01-04 04:29:13+00:00,530.0,9.39175,35.0479625
7,14.616666666666667,85.38333333333334,2020-01-04 04:29:13+00:00,540.0,9.315618473895583,35.04653815261044
7,14.616666666666667,85.38333333333334,2020-01-04 04:29:13+00:00,550.0,9.235698795180722,35.04453012048193
7,14.616666666666667,85.38333333333334,2020-01-04 04:29:13+00:00,560.0,9.155779116465864,35.042522088353415
7,14.616666666666667,85.38333333333334,2020-01-04 04:29:13+00:00,570.0,9.087698039215686,35.040839215686276
7,14.616666666666667,85.38333333333334,2020-01-04 04:29:13+00:00,580.0,9.023776470588235,35.03927058823529
7,14.616666666666667,85.38333333333334,2020-01-04 04:29:13+00:00,590.0,8.96212,35.037772
7,14.616666666666667,85.38333333333334,2020-01-04 04:29:13+00:00,600.0,8.910120000000001,35.036572
7,14.616666666666667,85.38333333333334,2020-01-04 04:29:13+00:00,610.0,8.858120000000001,35.035371999999995
7,14.616666666666667,85.38333333333334,2020-01-04 04:29:13+00:00,620.0,8.800156626506025,35.033891566265055
7,14.616666666666667,85.38333333333334,2020-01-04 04:29:13+00:00,630.0,8.7395140562249,35.032285140562244
7,14.616666666666667,85.38333333333334,2020-01-04 04:29:13+00:00,640.0,8.678016129032258,35.03059677419355
7,14.616666666666667,85.38333333333334,2020-01-04 04:29:13+00:00,650.0,8.613096774193549,35.02858064516129
7,14.616666666666667,85.38333333333334,2020-01-04 04:29:13+00:00,660.0,8.548177419354838,35.026564516129035
7,14.616666666666667,85.38333333333334,2020-01-04 04:29:13+00:00,670.0,8.466351999999999,35.023696
7,14.616666666666667,85.38333333333334,2020-01-04 04:29:13+00:00,680.0,8.377951999999999,35.020496
7,14.616666666666667,85.38333333333334,2020-01-04 04:29:13+00:00,690.0,8.290709803921567,35.017396078431375
7,14.616666666666667,85.38333333333334,2020-01-04 04:29:13+00:00,700.0,8.207572549019607,35.01465098039216
7,14.616666666666667,85.38333333333334,2020-01-04 04:29:13+00:00,710.0,8.124435294117646,35.01190588235294
7,14.616666666666667,85.38333333333334,2020-01-04 04:29:13+00:00,720.0,8.057620408163265,35.009632653061225
7,14.616666666666667,85.38333333333334,2020-01-04 04:29:13+00:00,730.0,7.9988448979591835,35.0075918367347
7,14.616666666666667,85.38333333333334,2020-01-04 04:29:13+00:00,740.0,7.940768,35.00556
7,14.616666666666667,85.38333333333334,2020-01-04 04:29:13+00:00,750.0,7.885168,35.00356
7,14.616666666666667,85.38333333333334,2020-01-04 04:29:13+00:00,760.0,7.829568,35.00156
7,14.616666666666667,85.38333333333334,2020-01-04 04:29:13+00:00,770.0,7.766285714285714,34.99957142857143
7,14.616666666666667,85.38333333333334,2020-01-04 04:29:13+00:00,780.0,7.700015873015873,34.9975873015873
7,14.616666666666667,85.38333333333334,2020-01-04 04:29:13+00:00,790.0,7.635525896414343,34.9957609561753
7,14.616666666666667,85.38333333333334,2020-01-04 04:29:13+00:00,800.0,7.578155378486056,34.99456573705179
7,14.616666666666667,85.38333333333334,2020-01-04 04:29:13+00:00,810.0,7.520784860557769,34.99337051792829
7,14.616666666666667,85.38333333333334,2020-01-04 04:29:13+00:00,820.0,7.456906882591094,34.9916032388664
7,14.616666666666667,85.38333333333334,2020-01-04 04:29:13+00:00,830.0,7.390105263157895,34.98957894736842
7,14.616666666666667,85.38333333333334,2020-01-04 04:29:13+00:00,840.0,7.3249375,34.9873984375
7,14.616666666666667,85.38333333333334,2020-01-04 04:29:13+00:00,850.0,7.2655625,34.9846640625
7,14.616666666666667,85.38333333333334,2020-01-04 04:29:13+00:00,860.0,7.2061874999999995,34.9819296875
7,14.616666666666667,85.38333333333334,2020-01-04 04:29:13+00:00,870.0,7.149754098360655,34.97937704918033
7,14.616666666666667,85.38333333333334,2020-01-04 04:29:13+00:00,880.0,7.09483606557377,34.976918032786884
7,14.616666666666667,85.38333333333334,2020-01-04 04:29:13+00:00,890.0,7.042064516129032,34.974733870967746
7,14.616666666666667,85.38333333333334,2020-01-04 04:29:13+00:00,900.0,6.996903225806451,34.973524193548386
7,14.616666666666667,85.38333333333334,2020-01-04 04:29:13+00:00,910.0,6.951741935483871,34.97231451612903
7,14.616666666666667,85.38333333333334,2020-01-04 04:29:13+00:00,920.0,6.904901185770751,34.970830039525694
7,14.616666666666667,85.38333333333334,2020-01-04 04:29:13+00:00,930.0,6.857470355731226,34.96924901185771
7,14.616666666666667,85.38333333333334,2020-01-04 04:29:13+00:00,940.0,6.80992,34.967664000000006
7,14.616666666666667,85.38333333333334,2020-01-04 04:29:13+00:00,950.0,6.76192,34.966064
7,14.616666666666667,85.38333333333334,2020-01-04 04:29:13+00:00,960.0,6.71392,34.964464
7,14.616666666666667,85.38333333333334,2020-01-04 04:29:13+00:00,970.0,6.662172131147541,34.962545081967214
7,14.616666666666667,85.38333333333334,2020-01-04 04:29:13+00:00,980.0,6.608893442622951,34.96049590163935
7,14.616666666666667,85.38333333333334,2020-01-04 04:29:13+00:00,990.0,6.557513833992095,34.958466403162056
7,14.616666666666667,85.38333333333334,2020-01-04 04:29:13+00:00,1000.0,6.511268774703558,34.95649011857708
7,14.616666666666667,85.38333333333334,2020-01-04 04:29:13+00:00,1010.0,6.46502371541502,34.954513833992095
7,14.616666666666667,85.38333333333334,2020-01-04 04:29:13+00:00,1020.0,6.409313253012049,34.95221686746988
7,14.616666666666667,85.38333333333334,2020-01-04 04:29:13+00:00,1030.0,6.350277108433735,34.94980722891566
7,14.616666666666667,85.38333333333334,2020-01-04 04:29:13+00:00,1040.0,6.294142292490118,34.947604743083005
7,14.616666666666667,85.38333333333334,2020-01-04 04:29:13+00:00,1050.0,6.246711462450593,34.94602371541502
7,14.616666666666667,85.38333333333334,2020-01-04 04:29:13+00:00,1060.0,6.1992806324110665,34.944442687747035
7,14.616666666666667,85.38333333333334,2020-01-04 04:29:13+00:00,1070.0,6.157653543307086,34.94286614173228
7,14.616666666666667,85.38333333333334,2020-01-04 04:29:13+00:00,1080.0,6.11828346456693,34.94129133858268
7,14.616666666666667,85.38333333333334,2020-01-04 04:29:13+00:00,1090.0,6.079177419354839,34.93970967741935
7,14.616666666666667,85.38333333333334,2020-01-04 04:29:13+00:00,1100.0,6.041274193548388,34.938096774193546
7,14.616666666666667,85.38333333333334,2020-01-04 04:29:13+00:00,1110.0,6.003370967741936,34.93648387096774
7,14.616666666666667,85.38333333333334,2020-01-04 04:29:13+00:00,1120.0,5.96610569105691,34.93486178861789
7,14.616666666666667,85.38333333333334,2020-01-04 04:29:13+00:00,1130.0,5.929113821138211,34.933235772357726
7,14.616666666666667,85.38333333333334,2020-01-04 04:29:13+00:00,1140.0,5.892903614457831,34.931710843373494
7,14.616666666666667,85.38333333333334,2020-01-04 04:29:13+00:00,1150.0,5.859168674698795,34.93050602409639
7,14.616666666666667,85.38333333333334,2020-01-04 04:29:13+00:00,1160.0,5.825433734939759,34.92930120481928
7,14.616666666666667,85.38333333333334,2020-01-04 04:29:13+00:00,1170.0,5.77703861003861,34.927552123552125
7,14.616666666666667,85.38333333333334,2020-01-04 04:29:13+00:00,1180.0,5.7237567567567575,34.92562162162162
7,14.616666666666667,85.38333333333334,2020-01-04 04:29:13+00:00,1190.0,5.67119512195122,34.92367479674797
7,14.616666666666667,85.38333333333334,2020-01-04 04:29:13+00:00,1200.0,5.622414634146342,34.921642276422766
7,14.616666666666667,85.38333333333334,2020-01-04 04:29:13+00:00,1210.0,5.573634146341464,34.91960975609756
7,14.616666666666667,85.38333333333334,2020-01-04 04:29:13+00:00,1220.0,5.531168674698796,34.91787550200803
7,14.616666666666667,85.38333333333334,2020-01-04 04:29:13+00:00,1230.0,5.4914096385542175,34.91626907630522
7,14.616666666666667,85.38333333333334,2020-01-04 04:29:13+00:00,1240.0,5.452692,34.914747999999996
7,14.616666666666667,85.38333333333334,2020-01-04 04:29:13+00:00,1250.0,5.417892,34.913548
7,14.616666666666667,85.38333333333334,2020-01-04 04:29:13+00:00,1260.0,5.383092,34.912348
7,14.616666666666667,85.38333333333334,2020-01-04 04:29:13+00:00,1270.0,5.348192771084338,34.910859437751
7,14.616666666666667,85.38333333333334,2020-01-04 04:29:13+00:00,1280.0,5.313253012048192,34.9092530120482
7,14.616666666666667,85.38333333333334,2020-01-04 04:29:13+00:00,1290.0,5.276508064516128,34.907645161290326
7,14.616666666666667,85.38333333333334,2020-01-04 04:29:13+00:00,1300.0,5.233362903225806,34.90603225806452
7,14.616666666666667,85.38333333333334,2020-01-04 04:29:13+00:00,1310.0,5.190217741935483,34.904419354838716
7,14.616666666666667,85.38333333333334,2020-01-04 04:29:13+00:00,1320.0,5.1521171875,34.903132812500004
7,14.616666666666667,85.38333333333334,2020-01-04 04:29:13+00:00,1330.0,5.1157890625,34.9019609375
7,14.616666666666667,85.38333333333334,2020-01-04 04:29:13+00:00,1340.0,5.079341463414635,34.90070731707318
7,14.616666666666667,85.38333333333334,2020-01-04 04:29:13+00:00,1350.0,5.042349593495935,34.89908130081301
7,14.616666666666667,85.38333333333334,2020-01-04 04:29:13+00:00,1360.0,5.0053577235772355,34.89745528455285
7,14.616666666666667,85.38333333333334,2020-01-04 04:29:13+00:00,1370.0,4.960451612903226,34.89583870967742
7,14.616666666666667,85.38333333333334,2020-01-04 04:29:13+00:00,1380.0,4.912467741935484,34.894225806451615
7,14.616666666666667,85.38333333333334,2020-01-04 04:29:13+00:00,1390.0,4.866304,34.892616000000004
7,14.616666666666667,85.38333333333334,2020-01-04 04:29:13+00:00,1400.0,4.8259039999999995,34.891016
7,14.616666666666667,85.38333333333334,2020-01-04 04:29:13+00:00,1410.0,4.7855039999999995,34.889416000000004
7,14.616666666666667,85.38333333333334,2020-01-04 04:29:13+00:00,1420.0,4.750039682539683,34.8878253968254
7,14.616666666666667,85.38333333333334,2020-01-04 04:29:13+00:00,1430.0,4.716309523809524,34.88623809523809
7,14.616666666666667,85.38333333333334,2020-01-04 04:29:13+00:00,1440.0,4.6817280000000006,34.884736
7,14.616666666666667,85.38333333333334,2020-01-04 04:29:13+00:00,1450.0,4.644128,34.883536
7,14.616666666666667,85.38333333333334,2020-01-04 04:29:13+00:00,1460.0,4.606528,34.882335999999995
7,14.616666666666667,85.38333333333334,2020-01-04 04:29:13+00:00,1470.0,4.563325301204819,34.880554216867466
7,14.616666666666667,85.38333333333334,2020-01-04 04:29:13+00:00,1480.0,4.5179437751004015,34.87854618473896
7,14.616666666666667,85.38333333333334,2020-01-04 04:29:13+00:00,1490.0,4.4722301587301585,34.87654365079365
7,14.616666666666667,85.38333333333334,2020-01-04 04:29:13+00:00,1500.0,4.425404761904762,34.87455952380952
7,14.616666666666667,85.38333333333334,2020-01-04 04:29:13+00:00,1510.0,4.378579365079366,34.8725753968254
7,14.616666666666667,85.38333333333334,2020-01-04 04:29:13+00:00,1520.0,4.326791164658635,34.87057429718875
7,14.616666666666667,85.38333333333334,2020-01-04 04:29:13+00:00,1530.0,4.272975903614458,34.86856626506024
7,14.616666666666667,85.38333333333334,2020-01-04 04:29:13+00:00,1540.0,4.22,34.86655284552845
7,14.616666666666667,85.38333333333334,2020-01-04 04:29:13+00:00,1550.0,4.17,34.86452032520325
7,14.616666666666667,85.38333333333334,2020-01-04 04:29:13+00:00,1560.0,4.12,34.86248780487805
7,14.616666666666667,85.38333333333334,2020-01-04 04:29:13+00:00,1570.0,4.075261538461539,34.860830769230766
7,14.616666666666667,85.38333333333334,2020-01-04 04:29:13+00:00,1580.0,4.032184615384615,34.85929230769231
7,14.616666666666667,85.38333333333334,2020-01-04 04:29:13+00:00,1590.0,3.9887510204081638,34.857673469387755
7,14.616666666666667,85.38333333333334,2020-01-04 04:29:13+00:00,1600.0,3.943444897959184,34.85563265306122
7,14.616666666666667,85.38333333333334,2020-01-04 04:29:13+00:00,1610.0,3.8981387755102044,34.853591836734694
7,14.616666666666667,85.38333333333334,2020-01-04 04:29:13+00:00,1620.0,3.8545714285714285,34.85187301587302
7,14.616666666666667,85.38333333333334,2020-01-04 04:29:13+00:00,1630.0,3.8117142857142854,34.85028571428571
7,14.616666666666667,85.38333333333334,2020-01-04 04:29:13+00:00,1640.0,3.768597609561753,34.84862151394422
7,14.616666666666667,85.38333333333334,2020-01-04 04:29:13+00:00,1650.0,3.724374501992032,34.84662948207171
7,14.616666666666667,85.38333333333334,2020-01-04 04:29:13+00:00,1660.0,3.6801513944223108,34.8446374501992
7,14.616666666666667,85.38333333333334,2020-01-04 04:29:13+00:00,1670.0,3.6404,34.842933333333335
7,14.616666666666667,85.38333333333334,2020-01-04 04:29:13+00:00,1680.0,3.6027529411764707,34.841364705882356
7,14.616666666666667,85.38333333333334,2020-01-04 04:29:13+00:00,1690.0,3.5651652892561985,34.83978512396695
7,14.616666666666667,85.38333333333334,2020-01-04 04:29:13+00:00,1700.0,3.5279752066115706,34.83813223140496
7,14.616666666666667,85.38333333333334,2020-01-04 04:29:13+00:00,1710.0,3.4907851239669423,34.83647933884298
7,14.616666666666667,85.38333333333334,2020-01-04 04:29:13+00:00,1720.0,3.451147410358566,34.83486852589641
7,14.616666666666667,85.38333333333334,2020-01-04 04:29:13+00:00,1730.0,3.410509960159363,34.83327490039841
7,14.616666666666667,85.38333333333334,2020-01-04 04:29:13+00:00,1740.0,3.370741935483871,34.83167741935484
7,14.616666666666667,85.38333333333334,2020-01-04 04:29:13+00:00,1750.0,3.3344516129032256,34.830064516129035
7,14.616666666666667,85.38333333333334,2020-01-04 04:29:13+00:00,1760.0,3.2981612903225805,34.82845161290323
7,14.616666666666667,85.38333333333334,2020-01-04 04:29:13+00:00,1770.0,3.2706506024096385,34.82713253012049
7,14.616666666666667,85.38333333333334,2020-01-04 04:29:13+00:00,1780.0,3.24655421686747,34.825927710843374
7,14.616666666666667,85.38333333333334,2020-01-04 04:29:13+00:00,1790.0,3.221600806451613,34.82481451612904
7,14.616666666666667,85.38333333333334,2020-01-04 04:29:13+00:00,1800.0,3.1937782258064518,34.82400806451613
7,14.616666666666667,85.38333333333334,2020-01-04 04:29:13+00:00,1810.0,3.16595564516129,34.823201612903226
7,14.616666666666667,85.38333333333334,2020-01-04 04:29:13+00:00,1820.0,3.141,34.8221
7,14.616666666666667,85.38333333333334,2020-01-04 04:29:13+00:00,1830.0,3.117,34.8209
7,14.616666666666667,85.38333333333334,2020-01-04 04:29:13+00:00,1840.0,3.0930239043824703,34.819701195219125
7,14.616666666666667,85.38333333333334,2020-01-04 04:29:13+00:00,1850.0,3.069119521912351,34.818505976095615
7,14.616666666666667,85.38333333333334,2020-01-04 04:29:13+00:00,1860.0,3.045215139442231,34.81731075697211
7,14.616666666666667,85.38333333333334,2020-01-04 04:29:13+00:00,1870.0,3.0202109375,34.8161328125
7,14.616666666666667,85.38333333333334,2020-01-04 04:29:13+00:00,1880.0,2.9948203125000004,34.8149609375
7,14.616666666666667,85.38333333333334,2020-01-04 04:29:13+00:00,1890.0,2.9698857142857147,34.81385306122449
7,14.616666666666667,85.38333333333334,2020-01-04 04:29:13+00:00,1900.0,2.9470285714285716,34.813036734693874
7,14.616666666666667,85.38333333333334,2020-01-04 04:29:13+00:00,1910.0,2.924171428571429,34.81222040816326
7,14.616666666666667,85.38333333333334,2020-01-04 04:29:13+00:00,1920.0,2.90070281124498,34.81112048192771
7,14.616666666666667,85.38333333333334,2020-01-04 04:29:13+00:00,1930.0,2.877008032128514,34.8099156626506
7,14.616666666666667,85.38333333333334,2020-01-04 04:29:13+00:00,1940.0,2.854104,34.808808
7,14.616666666666667,85.38333333333334,2020-01-04 04:29:13+00:00,1950.0,2.8337039999999996,34.808008
7,14.616666666666667,85.38333333333334,2020-01-04 04:29:13+00:00,1960.0,2.8133039999999996,34.807208
7,14.616666666666667,85.38333333333334,2020-01-04 04:29:13+00:00,1970.0,2.7951811023622044,34.80641732283465
7,14.616666666666667,85.38333333333334,2020-01-04 04:29:13+00:00,1980.0,2.7778582677165353,34.80562992125984
8,14.574,84.878,2020-01-04 14:10:57+00:00,10.0,26.488,32.251
8,14.574,84.878,2020-01-04 14:10:57+00:00,20.0,27.00588888888889,32.89688888888889
8,14.574,84.878,2020-01-04 14:10:57+00:00,30.0,27.488,33.625
8,14.574,84.878,2020-01-04 14:10:57+00:00,40.0,27.3155,33.7115
8,14.574,84.878,2020-01-04 14:10:57+00:00,50.0,27.055999999999997,33.7755
8,14.574,84.878,2020-01-04 14:10:57+00:00,60.0,26.278,34.167
8,14.574,84.878,2020-01-04 14:10:57+00:00,70.0,24.7755,34.6325
8,14.574,84.878,2020-01-04 14:10:57+00:00,80.0,23.1495,34.782
8,14.574,84.878,2020-01-04 14:10:57+00:00,90.0,21.724454545454545,34.80390909090909
8,14.574,84.878,2020-01-04 14:10:57+00:00,100.0,20.305888888888887,34.82811111111111
8,14.574,84.878,2020-01-04 14:10:57+00:00,110.0,18.939500000000002,34.848
8,14.574,84.878,2020-01-04 14:10:57+00:00,120.0,17.806090909090912,34.86536363636363
8,14.574,84.878,2020-01-04 14:10:57+00:00,130.0,16.798333333333336,34.89144444444444
8,14.574,84.878,2020-01-04 14:10:57+00:00,140.0,16.0065,34.915
8,14.574,84.878,2020-01-04 14:10:57+00:00,150.0,15.417,34.9315
8,14.574,84.878,2020-01-04 14:10:57+00:00,160.0,14.8795,34.9465
8,14.574,84.878,2020-01-04 14:10:57+00:00,170.0,14.329363636363636,34.963
8,14.574,84.878,2020-01-04 14:10:57+00:00,180.0,13.8402,34.9802
8,14.574,84.878,2020-01-04 14:10:57+00:00,190.0,13.410888888888888,34.99288888888889
8,14.574,84.878,2020-01-04 14:10:57+00:00,200.0,13.029222222222222,35.0015
8,14.574,84.878,2020-01-04 14:10:57+00:00,210.0,12.803666666666667,35.0065
8,14.574,84.878,2020-01-04 14:10:57+00:00,220.0,12.600666666666667,35.010625000000005
8,14.574,84.878,2020-01-04 14:10:57+00:00,230.0,12.407333333333334,35.014375
8,14.574,84.878,2020-01-04 14:10:57+00:00,240.0,12.2195,35.01815384615385
8,14.574,84.878,2020-01-04 14:10:57+00:00,250.0,12.0445,35.022000000000006
8,14.574,84.878,2020-01-04 14:10:57+00:00,260.0,11.8695,35.02584615384615
8,14.574,84.878,2020-01-04 14:10:57+00:00,270.0,11.70976,35.02728
8,14.574,84.878,2020-01-04 14:10:57+00:00,280.0,11.55656,35.02768
8,14.574,84.878,2020-01-04 14:10:57+00:00,290.0,11.4088,35.02736
8,14.574,84.878,2020-01-04 14:10:57+00:00,300.0,11.2828,35.02416
8,14.574,84.878,2020-01-04 14:10:57+00:00,310.0,11.1568,35.02096
8,14.574,84.878,2020-01-04 14:10:57+00:00,320.0,11.05908,35.02112
8,14.574,84.878,2020-01-04 14:10:57+00:00,330.0,10.97348,35.02272
8,14.574,84.878,2020-01-04 14:10:57+00:00,340.0,10.888679999999999,35.02416
8,14.574,84.878,2020-01-04 14:10:57+00:00,350.0,10.80708,35.02496
8,14.574,84.878,2020-01-04 14:10:57+00:00,360.0,10.725480000000001,35.025760000000005
8,14.574,84.878,2020-01-04 14:10:57+00:00,370.0,10.64668,35.026
8,14.574,84.878,2020-01-04 14:10:57+00:00,380.0,10.56908,35.026
8,14.574,84.878,2020-01-04 14:10:57+00:00,390.0,10.49292,35.025760000000005
8,14.574,84.878,2020-01-04 14:10:57+00:00,400.0,10.42252,35.02456
8,14.574,84.878,2020-01-04 14:10:57+00:00,410.0,10.35212,35.023360000000004
8,14.574,84.878,2020-01-04 14:10:57+00:00,420.0,10.277961538461538,35.023
8,14.574,84.878,2020-01-04 14:10:57+00:00,430.0,10.202192307692307,35.023
8,14.574,84.878,2020-01-04 14:10:57+00:00,440.0,10.125708333333334,35.022875000000006
8,14.574,84.878,2020-01-04 14:10:57+00:00,450.0,10.042791666666668,35.021625
8,14.574,84.878,2020-01-04 14:10:57+00:00,460.0,9.959875,35.020375
8,14.574,84.878,2020-01-04 14:10:57+00:00,470.0,9.89328,35.01972
8,14.574,84.878,2020-01-04 14:10:57+00:00,480.0,9.83368,35.01932
8,14.574,84.878,2020-01-04 14:10:57+00:00,490.0,9.77168,35.018679999999996
8,14.574,84.878,2020-01-04 14:10:57+00:00,500.0,9.70008,35.01708
8,14.574,84.878,2020-01-04 14:10:57+00:00,510.0,9.62848,35.015480000000004
8,14.574,84.878,2020-01-04 14:10:57+00:00,520.0,9.55128,35.01388
8,14.574,84.878,2020-01-04 14:10:57+00:00,530.0,9.47168,35.012280000000004
8,14.574,84.878,2020-01-04 14:10:57+00:00,540.0,9.391119999999999,35.01068
8,14.574,84.878,2020-01-04 14:10:57+00:00,550.0,9.306719999999999,35.00908
8,14.574,84.878,2020-01-04 14:10:57+00:00,560.0,9.22232,35.00748
8,14.574,84.878,2020-01-04 14:10:57+00:00,570.0,9.134839999999999,35.00532
8,14.574,84.878,2020-01-04 14:10:57+00:00,580.0,9.04604,35.002919999999996
8,14.574,84.878,2020-01-04 14:10:57+00:00,590.0,8.96284,35.00076
8,14.574,84.878,2020-01-04 14:10:57+00:00,600.0,8.90204,34.999559999999995
8,14.574,84.878,2020-01-04 14:10:57+00:00,610.0,8.84124,34.99836
8,14.574,84.878,2020-01-04 14:10:57+00:00,620.0,8.78632,34.99688
8,14.574,84.878,2020-01-04 14:10:57+00:00,630.0,8.73392,34.99528
8,14.574,84.878,2020-01-04 14:10:57+00:00,640.0,8.67936,34.9936
8,14.574,84.878,2020-01-04 14:10:57+00:00,650.0,8.61616,34.9916
8,14.574,84.878,2020-01-04 14:10:57+00:00,660.0,8.55296,34.989599999999996
8,14.574,84.878,2020-01-04 14:10:57+00:00,670.0,8.48332,34.9876
8,14.574,84.878,2020-01-04 14:10:57+00:00,680.0,8.41092,34.9856
8,14.574,84.878,2020-01-04 14:10:57+00:00,690.0,8.33812,34.9836
8,14.574,84.878,2020-01-04 14:10:57+00:00,700.0,8.26372,34.9816
8,14.574,84.878,2020-01-04 14:10:57+00:00,710.0,8.18932,34.9796
8,14.574,84.878,2020-01-04 14:10:57+00:00,720.0,8.12976,34.97788
8,14.574,84.878,2020-01-04 14:10:57+00:00,730.0,8.07656,34.97628
8,14.574,84.878,2020-01-04 14:10:57+00:00,740.0,8.02232,34.97468
8,14.574,84.878,2020-01-04 14:10:57+00:00,750.0,7.96392,34.973079999999996
8,14.574,84.878,2020-01-04 14:10:57+00:00,760.0,7.90552,34.97148
8,14.574,84.878,2020-01-04 14:10:57+00:00,770.0,7.84488,34.9696
8,14.574,84.878,2020-01-04 14:10:57+00:00,780.0,7.7832799999999995,34.9676
8,14.574,84.878,2020-01-04 14:10:57+00:00,790.0,7.72144,34.96552
8,14.574,84.878,2020-01-04 14:10:57+00:00,800.0,7.65864,34.96312
8,14.574,84.878,2020-01-04 14:10:57+00:00,810.0,7.59584,34.96072
8,14.574,84.878,2020-01-04 14:10:57+00:00,820.0,7.53696,34.95888
8,14.574,84.878,2020-01-04 14:10:57+00:00,830.0,7.47976,34.957280000000004
8,14.574,84.878,2020-01-04 14:10:57+00:00,840.0,7.4232000000000005,34.955600000000004
8,14.574,84.878,2020-01-04 14:10:57+00:00,850.0,7.3692,34.9536
8,14.574,84.878,2020-01-04 14:10:57+00:00,860.0,7.3152,34.9516
8,14.574,84.878,2020-01-04 14:10:57+00:00,870.0,7.24692,34.94932
8,14.574,84.878,2020-01-04 14:10:57+00:00,880.0,7.1725200000000005,34.94692
8,14.574,84.878,2020-01-04 14:10:57+00:00,890.0,7.10092,34.94452
8,14.574,84.878,2020-01-04 14:10:57+00:00,900.0,7.04052,34.94212
8,14.574,84.878,2020-01-04 14:10:57+00:00,910.0,6.980119999999999,34.93972
8,14.574,84.878,2020-01-04 14:10:57+00:00,920.0,6.9177599999999995,34.93732
8,14.574,84.878,2020-01-04 14:10:57+00:00,930.0,6.85456,34.93492
8,14.574,84.878,2020-01-04 14:10:57+00:00,940.0,6.79288,34.93268
8,14.574,84.878,2020-01-04 14:10:57+00:00,950.0,6.73728,34.93108
8,14.574,84.878,2020-01-04 14:10:57+00:00,960.0,6.68168,34.929480000000005
8,14.574,84.878,2020-01-04 14:10:57+00:00,970.0,6.629192307692308,34.92792307692308
8,14.574,84.878,2020-01-04 14:10:57+00:00,980.0,6.578038461538462,34.92638461538461
8,14.574,84.878,2020-01-04 14:10:57+00:00,990.0,6.526958333333333,34.924791666666664
8,14.574,84.878,2020-01-04 14:10:57+00:00,1000.0,6.476541666666667,34.92270833333333
8,14.574,84.878,2020-01-04 14:10:57+00:00,1010.0,6.426125,34.920625
8,14.574,84.878,2020-01-04 14:10:57+00:00,1020.0,6.3807599999999995,34.9186
8,14.574,84.878,2020-01-04 14:10:57+00:00,1030.0,6.33756,34.9166
8,14.574,84.878,2020-01-04 14:10:57+00:00,1040.0,6.29308,34.9146
8,14.574,84.878,2020-01-04 14:10:57+00:00,1050.0,6.24348,34.9126
8,14.574,84.878,2020-01-04 14:10:57+00:00,1060.0,6.19388,34.910599999999995
8,14.574,84.878,2020-01-04 14:10:57+00:00,1070.0,6.14428,34.9086
8,14.574,84.878,2020-01-04 14:10:57+00:00,1080.0,6.09468,34.9066
8,14.574,84.878,2020-01-04 14:10:57+00:00,1090.0,6.047,34.90476
8,14.574,84.878,2020-01-04 14:10:57+00:00,1100.0,6.007,34.90356
8,14.574,84.878,2020-01-04 14:10:57+00:00,1110.0,5.967,34.90236
8,14.574,84.878,2020-01-04 14:10:57+00:00,1120.0,5.922625,34.90083333333334
8,14.574,84.878,2020-01-04 14:10:57+00:00,1130.0,5.876375,34.899166666666666
8,14.574,84.878,2020-01-04 14:10:57+00:00,1140.0,5.831653846153847,34.89753846153847
8,14.574,84.878,2020-01-04 14:10:57+00:00,1150.0,5.7905,34.896
8,14.574,84.878,2020-01-04 14:10:57+00:00,1160.0,5.749346153846154,34.894461538461535
8,14.574,84.878,2020-01-04 14:10:57+00:00,1170.0,5.70704,34.89288
8,14.574,84.878,2020-01-04 14:10:57+00:00,1180.0,5.66424,34.89128
8,14.574,84.878,2020-01-04 14:10:57+00:00,1190.0,5.6234399999999996,34.88968
8,14.574,84.878,2020-01-04 14:10:57+00:00,1200.0,5.59064,34.88808
8,14.574,84.878,2020-01-04 14:10:57+00:00,1210.0,5.55784,34.886480000000006
8,14.574,84.878,2020-01-04 14:10:57+00:00,1220.0,5.5244800000000005,34.885160000000006
8,14.574,84.878,2020-01-04 14:10:57+00:00,1230.0,5.490880000000001,34.88396
8,14.574,84.878,2020-01-04 14:10:57+00:00,1240.0,5.45608,34.882760000000005
8,14.574,84.878,2020-01-04 14:10:57+00:00,1250.0,5.41648,34.88156
8,14.574,84.878,2020-01-04 14:10:57+00:00,1260.0,5.37688,34.88036
8,14.574,84.878,2020-01-04 14:10:57+00:00,1270.0,5.343192307692307,34.87919230769231
8,14.574,84.878,2020-01-04 14:10:57+00:00,1280.0,5.312038461538462,34.878038461538466
8,14.574,84.878,2020-01-04 14:10:57+00:00,1290.0,5.280083333333333,34.87683333333334
8,14.574,84.878,2020-01-04 14:10:57+00:00,1300.0,5.240916666666667,34.875166666666665
8,14.574,84.878,2020-01-04 14:10:57+00:00,1310.0,5.2017500000000005,34.8735
8,14.574,84.878,2020-01-04 14:10:57+00:00,1320.0,5.166200000000001,34.87188
8,14.574,84.878,2020-01-04 14:10:57+00:00,1330.0,5.1322,34.87028
8,14.574,84.878,2020-01-04 14:10:57+00:00,1340.0,5.09668,34.86876
8,14.574,84.878,2020-01-04 14:10:57+00:00,1350.0,5.05508,34.86756
8,14.574,84.878,2020-01-04 14:10:57+00:00,1360.0,5.01348,34.86636
8,14.574,84.878,2020-01-04 14:10:57+00:00,1370.0,4.976920000000001,34.86488
8,14.574,84.878,2020-01-04 14:10:57+00:00,1380.0,4.94252,34.86328
8,14.574,84.878,2020-01-04 14:10:57+00:00,1390.0,4.90812,34.861760000000004
8,14.574,84.878,2020-01-04 14:10:57+00:00,1400.0,4.87372,34.86056
8,14.574,84.878,2020-01-04 14:10:57+00:00,1410.0,4.83932,34.85936
8,14.574,84.878,2020-01-04 14:10:57+00:00,1420.0,4.801,34.85788
8,14.574,84.878,2020-01-04 14:10:57+00:00,1430.0,4.761,34.85628
8,14.574,84.878,2020-01-04 14:10:57+00:00,1440.0,4.71996,34.854679999999995
8,14.574,84.878,2020-01-04 14:10:57+00:00,1450.0,4.67476,34.85308
8,14.574,84.878,2020-01-04 14:10:57+00:00,1460.0,4.62956,34.85148
8,14.574,84.878,2020-01-04 14:10:57+00:00,1470.0,4.58268,34.84988
8,14.574,84.878,2020-01-04 14:10:57+00:00,1480.0,4.53508,34.84828
8,14.574,84.878,2020-01-04 14:10:57+00:00,1490.0,4.48684,34.8466
8,14.574,84.878,2020-01-04 14:10:57+00:00,1500.0,4.43604,34.8446
8,14.574,84.878,2020-01-04 14:10:57+00:00,1510.0,4.3852400000000005,34.8426
8,14.574,84.878,2020-01-04 14:10:57+00:00,1520.0,4.33108,34.84032
8,14.574,84.878,2020-01-04 14:10:57+00:00,1530.0,4.27548,34.83792
8,14.574,84.878,2020-01-04 14:10:57+00:00,1540.0,4.22188,34.8356
8,14.574,84.878,2020-01-04 14:10:57+00:00,1550.0,4.17628,34.833600000000004
8,14.574,84.878,2020-01-04 14:10:57+00:00,1560.0,4.13068,34.8316
8,14.574,84.878,2020-01-04 14:10:57+00:00,1570.0,4.08536,34.82988
8,14.574,84.878,2020-01-04 14:10:57+00:00,1580.0,4.040159999999999,34.82828
8,14.574,84.878,2020-01-04 14:10:57+00:00,1590.0,3.9948461538461535,34.82661538461538
8,14.574,84.878,2020-01-04 14:10:57+00:00,1600.0,3.9490769230769227,34.82469230769231
8,14.574,84.878,2020-01-04 14:10:57+00:00,1610.0,3.903307692307692,34.82276923076923
8,14.574,84.878,2020-01-04 14:10:57+00:00,1620.0,3.8605,34.821
8,14.574,84.878,2020-01-04 14:10:57+00:00,1630.0,3.8196666666666665,34.81933333333333
8,14.574,84.878,2020-01-04 14:10:57+00:00,1640.0,3.779,34.817679999999996
8,14.574,84.878,2020-01-04 14:10:57+00:00,1650.0,3.739,34.81608
8,14.574,84.878,2020-01-04 14:10:57+00:00,1660.0,3.699,34.81448
8,14.574,84.878,2020-01-04 14:10:57+00:00,1670.0,3.6480799999999998,34.81232
8,14.574,84.878,2020-01-04 14:10:57+00:00,1680.0,3.59248,34.80992
8,14.574,84.878,2020-01-04 14:10:57+00:00,1690.0,3.53968,34.80768
8,14.574,84.878,2020-01-04 14:10:57+00:00,1700.0,3.49808,34.80608
8,14.574,84.878,2020-01-04 14:10:57+00:00,1710.0,3.45648,34.804480000000005
8,14.574,84.878,2020-01-04 14:10:57+00:00,1720.0,3.41684,34.80288
8,14.574,84.878,2020-01-04 14:10:57+00:00,1730.0,3.37804,34.80128
8,14.574,84.878,2020-01-04 14:10:57+00:00,1740.0,3.34044,34.799679999999995
8,14.574,84.878,2020-01-04 14:10:57+00:00,1750.0,3.30764,34.79808
8,14.574,84.878,2020-01-04 14:10:57+00:00,1760.0,3.27484,34.79648
8,14.574,84.878,2020-01-04 14:10:57+00:00,1770.0,3.242541666666667,34.795125
8,14.574,84.878,2020-01-04 14:10:57+00:00,1780.0,3.2104583333333334,34.793875
8,14.574,84.878,2020-01-04 14:10:57+00:00,1790.0,3.1801538461538463,34.79265384615385
8,14.574,84.878,2020-01-04 14:10:57+00:00,1800.0,3.154,34.7915
8,14.574,84.878,2020-01-04 14:10:57+00:00,1810.0,3.127846153846154,34.79034615384615
8,14.574,84.878,2020-01-04 14:10:57+00:00,1820.0,3.10404,34.78944
8,14.574,84.878,2020-01-04 14:10:57+00:00,1830.0,3.08124,34.78864
8,14.574,84.878,2020-01-04 14:10:57+00:00,1840.0,3.05836,34.78776
8,14.574,84.878,2020-01-04 14:10:57+00:00,1850.0,3.03516,34.786559999999994
8,14.574,84.878,2020-01-04 14:10:57+00:00,1860.0,3.0119599999999997,34.78536
8,14.574,84.878,2020-01-04 14:10:57+00:00,1870.0,2.98764,34.78416
8,14.574,84.878,2020-01-04 14:10:57+00:00,1880.0,2.96284,34.782959999999996
8,14.574,84.878,2020-01-04 14:10:57+00:00,1890.0,2.9382800000000002,34.781839999999995
8,14.574,84.878,2020-01-04 14:10:57+00:00,1900.0,2.91468,34.78104
8,14.574,84.878,2020-01-04 14:10:57+00:00,1910.0,2.89108,34.78024
8,14.574,84.878,2020-01-04 14:10:57+00:00,1920.0,2.8680399999999997,34.779160000000005
8,14.574,84.878,2020-01-04 14:10:57+00:00,1930.0,2.84524,34.77796
8,14.574,84.878,2020-01-04 14:10:57+00:00,1940.0,2.82292,34.77684
8,14.574,84.878,2020-01-04 14:10:57+00:00,1950.0,2.80252,34.77604
8,14.574,84.878,2020-01-04 14:10:57+00:00,1960.0,2.78212,34.77524
8,14.574,84.878,2020-01-04 14:10:57+00:00,1970.0,2.761066666666667,34.77453333333333
9,16.816666666666666,85.4,2020-01-05 01:06:00+00:00,10.0,26.75114814814815,33.5
9,16.816666666666666,85.4,2020-01-05 01:06:00+00:00,20.0,26.817446601941747,33.564776699029125
9,16.816666666666666,85.4,2020-01-05 01:06:00+00:00,30.0,26.861038834951454,33.64031067961165
9,16.816666666666666,85.4,2020-01-05 01:06:00+00:00,40.0,26.82325,33.644625000000005
9,16.816666666666666,85.4,2020-01-05 01:06:00+00:00,50.0,26.81924761904762,33.66902857142857
9,16.816666666666666,85.4,2020-01-05 01:06:00+00:00,60.0,26.4184623655914,34.13421505376344
9,16.816666666666666,85.4,2020-01-05 01:06:00+00:00,70.0,25.070176470588237,34.75682352941176
9,16.816666666666666,85.4,2020-01-05 01:06:00+00:00,80.0,23.313903846153845,34.8381923076923
9,16.816666666666666,85.4,2020-01-05 01:06:00+00:00,90.0,21.66545652173913,34.83823913043478
9,16.816666666666666,85.4,2020-01-05 01:06:00+00:00,100.0,20.4025,34.835
9,16.816666666666666,85.4,2020-01-05 01:06:00+00:00,110.0,19.456924528301887,34.851849056603776
9,16.816666666666666,85.4,2020-01-05 01:06:00+00:00,120.0,18.524020408163263,34.87477551020408
9,16.816666666666666,85.4,2020-01-05 01:06:00+00:00,130.0,17.55046391752577,34.89843298969072
9,16.816666666666666,85.4,2020-01-05 01:06:00+00:00,140.0,16.67869230769231,34.92130769230769
9,16.816666666666666,85.4,2020-01-05 01:06:00+00:00,150.0,15.8444,34.9448
9,16.816666666666666,85.4,2020-01-05 01:06:00+00:00,160.0,15.08341237113402,34.967278350515464
9,16.816666666666666,85.4,2020-01-05 01:06:00+00:00,170.0,14.56177551020408,34.982897959183674
9,16.816666666666666,85.4,2020-01-05 01:06:00+00:00,180.0,14.245330097087377,34.99091262135922
9,16.816666666666666,85.4,2020-01-05 01:06:00+00:00,190.0,13.965836538461538,34.997615384615386
9,16.816666666666666,85.4,2020-01-05 01:06:00+00:00,200.0,13.649820809248554,35.00871098265896
9,16.816666666666666,85.4,2020-01-05 01:06:00+00:00,210.0,13.32149710982659,35.024317919075145
9,16.816666666666666,85.4,2020-01-05 01:06:00+00:00,220.0,13.097112903225806,35.03323387096774
9,16.816666666666666,85.4,2020-01-05 01:06:00+00:00,230.0,12.917274193548387,35.03928225806452
9,16.816666666666666,85.4,2020-01-05 01:06:00+00:00,240.0,12.740704280155642,35.04417120622568
9,16.816666666666666,85.4,2020-01-05 01:06:00+00:00,250.0,12.57572373540856,35.04494941634241
9,16.816666666666666,85.4,2020-01-05 01:06:00+00:00,260.0,12.410743190661478,35.04572762645914
9,16.816666666666666,85.4,2020-01-05 01:06:00+00:00,270.0,12.252448979591836,35.046795918367344
9,16.816666666666666,85.4,2020-01-05 01:06:00+00:00,280.0,12.097755102040816,35.04802040816327
9,16.816666666666666,85.4,2020-01-05 01:06:00+00:00,290.0,11.946690763052208,35.049321285140564
9,16.816666666666666,85.4,2020-01-05 01:06:00+00:00,300.0,11.810144578313253,35.050927710843375
9,16.816666666666666,85.4,2020-01-05 01:06:00+00:00,310.0,11.673598393574297,35.052534136546186
9,16.816666666666666,85.4,2020-01-05 01:06:00+00:00,320.0,11.546548780487806,35.05357723577236
9,16.816666666666666,85.4,2020-01-05 01:06:00+00:00,330.0,11.423378048780487,35.05439024390244
9,16.816666666666666,85.4,2020-01-05 01:06:00+00:00,340.0,11.305212598425197,35.05509842519685
9,16.816666666666666,85.4,2020-01-05 01:06:00+00:00,350.0,11.202062992125985,35.05549212598425
9,16.816666666666666,85.4,2020-01-05 01:06:00+00:00,360.0,11.098913385826773,35.05588582677165
9,16.816666666666666,85.4,2020-01-05 01:06:00+00:00,370.0,11.017363636363637,35.05571936758893
9,16.816666666666666,85.4,2020-01-05 01:06:00+00:00,380.0,10.944636363636363,35.05532411067193
9,16.816666666666666,85.4,2020-01-05 01:06:00+00:00,390.0,10.872516129032258,35.05478225806451
9,16.816666666666666,85.4,2020-01-05 01:06:00+00:00,400.0,10.80316129032258,35.05357258064516
9,16.816666666666666,85.4,2020-01-05 01:06:00+00:00,410.0,10.733806451612903,35.052362903225806
9,16.816666666666666,85.4,2020-01-05 01:06:00+00:00,420.0,10.671674698795181,35.05171887550201
9,16.816666666666666,85.4,2020-01-05 01:06:00+00:00,430.0,10.612638554216868,35.05131726907631
9,16.816666666666666,85.4,2020-01-05 01:06:00+00:00,440.0,10.55006324110672,35.050916996047434
9,16.816666666666666,85.4,2020-01-05 01:06:00+00:00,450.0,10.47417391304348,35.05052173913043
9,16.816666666666666,85.4,2020-01-05 01:06:00+00:00,460.0,10.398284584980237,35.050126482213436
9,16.816666666666666,85.4,2020-01-05 01:06:00+00:00,470.0,10.326,35.05
9,16.816666666666666,85.4,2020-01-05 01:06:00+00:00,480.0,10.255411764705883,35.05
9,16.816666666666666,85.4,2020-01-05 01:06:00+00:00,490.0,10.187390756302522,35.04994537815126
9,16.816666666666666,85.4,2020-01-05 01:06:00+00:00,500.0,10.136550420168067,35.049525210084035
9,16.816666666666666,85.4,2020-01-05 01:06:00+00:00,510.0,10.085710084033614,35.049105042016805
9,16.816666666666666,85.4,2020-01-05 01:06:00+00:00,520.0,10.021904382470119,35.0478047808765
9,16.816666666666666,85.4,2020-01-05 01:06:00+00:00,530.0,9.953776892430279,35.04621115537849
9,16.816666666666666,85.4,2020-01-05 01:06:00+00:00,540.0,9.88603187250996,35.04480876494024
9,16.816666666666666,85.4,2020-01-05 01:06:00+00:00,550.0,9.819498007968127,35.044011952191234
9,16.816666666666666,85.4,2020-01-05 01:06:00+00:00,560.0,9.752964143426295,35.04321513944223
9,16.816666666666666,85.4,2020-01-05 01:06:00+00:00,570.0,9.691492,35.042124
9,16.816666666666666,85.4,2020-01-05 01:06:00+00:00,580.0,9.631892,35.040924
9,16.816666666666666,85.4,2020-01-05 01:06:00+00:00,590.0,9.569770161290323,35.039721774193545
9,16.816666666666666,85.4,2020-01-05 01:06:00+00:00,600.0,9.49920564516129,35.03851209677419
9,16.816666666666666,85.4,2020-01-05 01:06:00+00:00,610.0,9.428641129032258,35.03730241935484
9,16.816666666666666,85.4,2020-01-05 01:06:00+00:00,620.0,9.355721115537849,35.03520717131474
9,16.816666666666666,85.4,2020-01-05 01:06:00+00:00,630.0,9.28201593625498,35.032816733067726
9,16.816666666666666,85.4,2020-01-05 01:06:00+00:00,640.0,9.208952380952383,35.03061904761905
9,16.816666666666666,85.4,2020-01-05 01:06:00+00:00,650.0,9.137920634920636,35.02903174603175
9,16.816666666666666,85.4,2020-01-05 01:06:00+00:00,660.0,9.06688888888889,35.02744444444445
9,16.816666666666666,85.4,2020-01-05 01:06:00+00:00,670.0,8.993857142857143,35.025285714285715
9,16.816666666666666,85.4,2020-01-05 01:06:00+00:00,680.0,8.920047619047619,35.02290476190476
9,16.816666666666666,85.4,2020-01-05 01:06:00+00:00,690.0,8.845400000000001,35.0206
9,16.816666666666666,85.4,2020-01-05 01:06:00+00:00,700.0,8.7674,35.0186
9,16.816666666666666,85.4,2020-01-05 01:06:00+00:00,710.0,8.689400000000001,35.0166
9,16.816666666666666,85.4,2020-01-05 01:06:00+00:00,720.0,8.62017670682731,35.014594377510036
9,16.816666666666666,85.4,2020-01-05 01:06:00+00:00,730.0,8.554714859437752,35.01258634538153
9,16.816666666666666,85.4,2020-01-05 01:06:00+00:00,740.0,8.490842105263157,35.010744939271255
9,16.816666666666666,85.4,2020-01-05 01:06:00+00:00,750.0,8.432947368421052,35.00953036437247
9,16.816666666666666,85.4,2020-01-05 01:06:00+00:00,760.0,8.375052631578948,35.008315789473684
9,16.816666666666666,85.4,2020-01-05 01:06:00+00:00,770.0,8.309785714285715,35.006238095238096
9,16.816666666666666,85.4,2020-01-05 01:06:00+00:00,780.0,8.241928571428572,35.00385714285714
9,16.816666666666666,85.4,2020-01-05 01:06:00+00:00,790.0,8.17389156626506,35.00155823293173
9,16.816666666666666,85.4,2020-01-05 01:06:00+00:00,800.0,8.10521686746988,34.99955020080321
9,16.816666666666666,85.4,2020-01-05 01:06:00+00:00,810.0,8.0365421686747,34.9975421686747
9,16.816666666666666,85.4,2020-01-05 01:06:00+00:00,820.0,7.974141129032259,34.99552822580645
9,16.816666666666666,85.4,2020-01-05 01:06:00+00:00,830.0,7.914060483870968,34.99351209677419
9,16.816666666666666,85.4,2020-01-05 01:06:00+00:00,840.0,7.856647058823529,34.99160784313725
9,16.816666666666666,85.4,2020-01-05 01:06:00+00:00,850.0,7.807235294117647,34.990039215686274
9,16.816666666666666,85.4,2020-01-05 01:06:00+00:00,860.0,7.757823529411765,34.988470588235295
9,16.816666666666666,85.4,2020-01-05 01:06:00+00:00,870.0,7.706172690763053,34.98687550200803
9,16.816666666666666,85.4,2020-01-05 01:06:00+00:00,880.0,7.653562248995984,34.98526907630522
9,16.816666666666666,85.4,2020-01-05 01:06:00+00:00,890.0,7.601123505976096,34.98358167330677
9,16.816666666666666,85.4,2020-01-05 01:06:00+00:00,900.0,7.549330677290837,34.98158964143426
9,16.816666666666666,85.4,2020-01-05 01:06:00+00:00,910.0,7.497537848605578,34.97959760956175
9,16.816666666666666,85.4,2020-01-05 01:06:00+00:00,920.0,7.437555555555556,34.97761111111111
9,16.816666666666666,85.4,2020-01-05 01:06:00+00:00,930.0,7.374063492063493,34.97562698412698
9,16.816666666666666,85.4,2020-01-05 01:06:00+00:00,940.0,7.309111111111111,34.97355555555555
9,16.816666666666666,85.4,2020-01-05 01:06:00+00:00,950.0,7.237506172839506,34.971086419753085
9,16.816666666666666,85.4,2020-01-05 01:06:00+00:00,960.0,7.165901234567901,34.96861728395062
9,16.816666666666666,85.4,2020-01-05 01:06:00+00:00,970.0,7.103588235294118,34.96652941176471
9,16.816666666666666,85.4,2020-01-05 01:06:00+00:00,980.0,7.044372549019608,34.96456862745098
9,16.816666666666666,85.4,2020-01-05 01:06:00+00:00,990.0,6.985605577689243,34.9626015936255
9,16.816666666666666,85.4,2020-01-05 01:06:00+00:00,1000.0,6.928633466135458,34.96060956175299
9,16.816666666666666,85.4,2020-01-05 01:06:00+00:00,1010.0,6.871661354581674,34.95861752988048
9,16.816666666666666,85.4,2020-01-05 01:06:00+00:00,1020.0,6.8185301204819275,34.95661445783133
9,16.816666666666666,85.4,2020-01-05 01:06:00+00:00,1030.0,6.767124497991968,34.95460642570281
9,16.816666666666666,85.4,2020-01-05 01:06:00+00:00,1040.0,6.716483870967742,34.95259677419355
9,16.816666666666666,85.4,2020-01-05 01:06:00+00:00,1050.0,6.668903225806451,34.950580645161295
9,16.816666666666666,85.4,2020-01-05 01:06:00+00:00,1060.0,6.6213225806451605,34.94856451612903
9,16.816666666666666,85.4,2020-01-05 01:06:00+00:00,1070.0,6.569984,34.94656
9,16.816666666666666,85.4,2020-01-05 01:06:00+00:00,1080.0,6.517183999999999,34.944559999999996
9,16.816666666666666,85.4,2020-01-05 01:06:00+00:00,1090.0,6.461333333333333,34.942476190476185
9,16.816666666666666,85.4,2020-01-05 01:06:00+00:00,1100.0,6.394666666666667,34.94009523809524
9,16.816666666666666,85.4,2020-01-05 01:06:00+00:00,1110.0,6.327999999999999,34.937714285714286
9,16.816666666666666,85.4,2020-01-05 01:06:00+00:00,1120.0,6.272581673306773,34.935605577689245
9,16.816666666666666,85.4,2020-01-05 01:06:00+00:00,1130.0,6.22198406374502,34.93361354581673
9,16.816666666666666,85.4,2020-01-05 01:06:00+00:00,1140.0,6.171271999999999,34.93162
9,16.816666666666666,85.4,2020-01-05 01:06:00+00:00,1150.0,6.1200719999999995,34.92962
9,16.816666666666666,85.4,2020-01-05 01:06:00+00:00,1160.0,6.068872,34.92762
9,16.816666666666666,85.4,2020-01-05 01:06:00+00:00,1170.0,6.026951807228915,34.92589156626506
9,16.816666666666666,85.4,2020-01-05 01:06:00+00:00,1180.0,5.989200803212851,34.92428514056225
9,16.816666666666666,85.4,2020-01-05 01:06:00+00:00,1190.0,5.949307692307692,34.92261538461538
9,16.816666666666666,85.4,2020-01-05 01:06:00+00:00,1200.0,5.900846153846154,34.920692307692306
9,16.816666666666666,85.4,2020-01-05 01:06:00+00:00,1210.0,5.852384615384615,34.91876923076923
9,16.816666666666666,85.4,2020-01-05 01:06:00+00:00,1220.0,5.800226890756303,34.91699159663865
9,16.816666666666666,85.4,2020-01-05 01:06:00+00:00,1230.0,5.745605042016807,34.91531092436975
9,16.816666666666666,85.4,2020-01-05 01:06:00+00:00,1240.0,5.690935483870968,34.913556451612905
9,16.816666666666666,85.4,2020-01-05 01:06:00+00:00,1250.0,5.636096774193549,34.91154032258065
9,16.816666666666666,85.4,2020-01-05 01:06:00+00:00,1260.0,5.5812580645161285,34.909524193548386
9,16.816666666666666,85.4,2020-01-05 01:06:00+00:00,1270.0,5.535285714285714,34.907825396825395
9,16.816666666666666,85.4,2020-01-05 01:06:00+00:00,1280.0,5.4924285714285705,34.906238095238095
9,16.816666666666666,85.4,2020-01-05 01:06:00+00:00,1290.0,5.450043478260869,34.90465217391304
9,16.816666666666666,85.4,2020-01-05 01:06:00+00:00,1300.0,5.409332015810276,34.90307114624506
9,16.816666666666666,85.4,2020-01-05 01:06:00+00:00,1310.0,5.368620553359683,34.90149011857708
9,16.816666666666666,85.4,2020-01-05 01:06:00+00:00,1320.0,5.327019999999999,34.899620000000006
9,16.816666666666666,85.4,2020-01-05 01:06:00+00:00,1330.0,5.285019999999999,34.89762
9,16.816666666666666,85.4,2020-01-05 01:06:00+00:00,1340.0,5.24378,34.895772
9,16.816666666666666,85.4,2020-01-05 01:06:00+00:00,1350.0,5.20578,34.894572000000004
9,16.816666666666666,85.4,2020-01-05 01:06:00+00:00,1360.0,5.16778,34.893372
9,16.816666666666666,85.4,2020-01-05 01:06:00+00:00,1370.0,5.131258964143425,34.89190039840638
9,16.816666666666666,85.4,2020-01-05 01:06:00+00:00,1380.0,5.095402390438247,34.89030677290837
9,16.816666666666666,85.4,2020-01-05 01:06:00+00:00,1390.0,5.059467741935483,34.888782258064516
9,16.816666666666666,85.4,2020-01-05 01:06:00+00:00,1400.0,5.023177419354838,34.88757258064516
9,16.816666666666666,85.4,2020-01-05 01:06:00+00:00,1410.0,4.986887096774193,34.88636290322581
9,16.816666666666666,85.4,2020-01-05 01:06:00+00:00,1420.0,4.9472601626016255,34.88486178861789
9,16.816666666666666,85.4,2020-01-05 01:06:00+00:00,1430.0,4.90620325203252,34.88323577235772
9,16.816666666666666,85.4,2020-01-05 01:06:00+00:00,1440.0,4.860791999999999,34.881423999999996
9,16.816666666666666,85.4,2020-01-05 01:06:00+00:00,1450.0,4.801591999999999,34.879024
9,16.816666666666666,85.4,2020-01-05 01:06:00+00:00,1460.0,4.742392,34.876624
9,16.816666666666666,85.4,2020-01-05 01:06:00+00:00,1470.0,4.688224,34.87452
9,16.816666666666666,85.4,2020-01-05 01:06:00+00:00,1480.0,4.6358239999999995,34.87252
9,16.816666666666666,85.4,2020-01-05 01:06:00+00:00,1490.0,4.587744,34.870616
9,16.816666666666666,85.4,2020-01-05 01:06:00+00:00,1500.0,4.553344,34.869016
9,16.816666666666666,85.4,2020-01-05 01:06:00+00:00,1510.0,4.518943999999999,34.867416
9,16.816666666666666,85.4,2020-01-05 01:06:00+00:00,1520.0,4.470944444444444,34.86553174603174
9,16.816666666666666,85.4,2020-01-05 01:06:00+00:00,1530.0,4.418166666666666,34.86354761904762
9,16.816666666666666,85.4,2020-01-05 01:06:00+00:00,1540.0,4.367782608695652,34.86165217391304
9,16.816666666666666,85.4,2020-01-05 01:06:00+00:00,1550.0,4.325885375494071,34.86007114624506
9,16.816666666666666,85.4,2020-01-05 01:06:00+00:00,1560.0,4.28398814229249,34.85849011857707
9,16.816666666666666,85.4,2020-01-05 01:06:00+00:00,1570.0,4.2433441295546555,34.85688259109312
9,16.816666666666666,85.4,2020-01-05 01:06:00+00:00,1580.0,4.203263157894736,34.85526315789473
9,16.816666666666666,85.4,2020-01-05 01:06:00+00:00,1590.0,4.164725806451613,34.85364516129032
9,16.816666666666666,85.4,2020-01-05 01:06:00+00:00,1600.0,4.1316612903225804,34.85203225806452
9,16.816666666666666,85.4,2020-01-05 01:06:00+00:00,1610.0,4.098596774193548,34.850419354838714
9,16.816666666666666,85.4,2020-01-05 01:06:00+00:00,1620.0,4.061697211155378,34.849115537848604
9,16.816666666666666,85.4,2020-01-05 01:06:00+00:00,1630.0,4.023450199203188,34.8479203187251
9,16.816666666666666,85.4,2020-01-05 01:06:00+00:00,1640.0,3.9839375000000006,34.84655078125
9,16.816666666666666,85.4,2020-01-05 01:06:00+00:00,1650.0,3.9401875000000004,34.84459765625
9,16.816666666666666,85.4,2020-01-05 01:06:00+00:00,1660.0,3.8964374999999998,34.84264453125
9,16.816666666666666,85.4,2020-01-05 01:06:00+00:00,1670.0,3.858659836065574,34.84090163934426
9,16.816666666666666,85.4,2020-01-05 01:06:00+00:00,1680.0,3.8238237704918037,34.839262295081966
9,16.816666666666666,85.4,2020-01-05 01:06:00+00:00,1690.0,3.7880401606425704,34.837630522088354
9,16.816666666666666,85.4,2020-01-05 01:06:00+00:00,1700.0,3.7490843373493976,34.83602409638554
9,16.816666666666666,85.4,2020-01-05 01:06:00+00:00,1710.0,3.710128514056225,34.83441767068273
9,16.816666666666666,85.4,2020-01-05 01:06:00+00:00,1720.0,3.668703557312253,34.832830039525696
9,16.816666666666666,85.4,2020-01-05 01:06:00+00:00,1730.0,3.626411067193676,34.83124901185771
9,16.816666666666666,85.4,2020-01-05 01:06:00+00:00,1740.0,3.5834314516129036,34.829576612903224
9,16.816666666666666,85.4,2020-01-05 01:06:00+00:00,1750.0,3.5378669354838714,34.82756048387097
9,16.816666666666666,85.4,2020-01-05 01:06:00+00:00,1760.0,3.492302419354839,34.82554435483871
9,16.816666666666666,85.4,2020-01-05 01:06:00+00:00,1770.0,3.4541155378486055,34.82412749003984
9,16.816666666666666,85.4,2020-01-05 01:06:00+00:00,1780.0,3.4186573705179284,34.82293227091634
9,16.816666666666666,85.4,2020-01-05 01:06:00+00:00,1790.0,3.383291338582677,34.821653543307086
9,16.816666666666666,85.4,2020-01-05 01:06:00+00:00,1800.0,3.348251968503937,34.82007874015748
9,16.816666666666666,85.4,2020-01-05 01:06:00+00:00,1810.0,3.313212598425197,34.818503937007875
9,16.816666666666666,85.4,2020-01-05 01:06:00+00:00,1820.0,3.278874493927126,34.81717408906882
9,16.816666666666666,85.4,2020-01-05 01:06:00+00:00,1830.0,3.2448663967611338,34.81595951417004
9,16.816666666666666,85.4,2020-01-05 01:06:00+00:00,1840.0,3.2135120967741937,34.814745967741935
9,16.816666666666666,85.4,2020-01-05 01:06:00+00:00,1850.0,3.192141129032258,34.81353629032258
9,16.816666666666666,85.4,2020-01-05 01:06:00+00:00,1860.0,3.1707701612903225,34.81232661290322
9,16.816666666666666,85.4,2020-01-05 01:06:00+00:00,1870.0,3.141874045801527,34.8111641221374
9,16.816666666666666,85.4,2020-01-05 01:06:00+00:00,1880.0,3.1101946564885496,34.810019083969465
9,16.816666666666666,85.4,2020-01-05 01:06:00+00:00,1890.0,3.0787,34.808816666666665
9,16.816666666666666,85.4,2020-01-05 01:06:00+00:00,1900.0,3.0487,34.80715
9,16.816666666666666,85.4,2020-01-05 01:06:00+00:00,1910.0,3.0187,34.805483333333335
9,16.816666666666666,85.4,2020-01-05 01:06:00+00:00,1920.0,2.991256,34.804432
9,16.816666666666666,85.4,2020-01-05 01:06:00+00:00,1930.0,2.964856,34.803632
9,16.816666666666666,85.4,2020-01-05 01:06:00+00:00,1940.0,2.9396144578313255,34.80274698795181
9,16.816666666666666,85.4,2020-01-05 01:06:00+00:00,1950.0,2.918730923694779,34.80154216867469
9,16.816666666666666,85.4,2020-01-05 01:06:00+00:00,1960.0,2.897847389558233,34.80033734939759
9,16.816666666666666,85.4,2020-01-05 01:06:00+00:00,1970.0,2.8785714285714286,34.79942857142857
9,16.816666666666666,85.4,2020-01-05 01:06:00+00:00,1980.0,2.859920634920635,34.79863492063492
10,13.119488333333331,88.57512666666666,2020-01-05 17:29:00+00:00,10.0,28.197499999999998,32.713
10,13.119488333333331,88.57512666666666,2020-01-05 17:29:00+00:00,20.0,28.061500000000002,33.5715
10,13.119488333333331,88.57512666666666,2020-01-05 17:29:00+00:00,30.0,28.017,33.598
10,13.119488333333331,88.57512666666666,2020-01-05 17:29:00+00:00,40.0,27.982181818181818,33.619727272727275
10,13.119488333333331,88.57512666666666,2020-01-05 17:29:00+00:00,50.0,27.973727272727274,33.67690909090909
10,13.119488333333331,88.57512666666666,2020-01-05 17:29:00+00:00,60.0,27.9755,33.694
10,13.119488333333331,88.57512666666666,2020-01-05 17:29:00+00:00,70.0,26.516000000000002,34.56590909090909
10,13.119488333333331,88.57512666666666,2020-01-05 17:29:00+00:00,80.0,23.994555555555557,34.599222222222224
10,13.119488333333331,88.57512666666666,2020-01-05 17:29:00+00:00,90.0,22.2115,34.4845
10,13.119488333333331,88.57512666666666,2020-01-05 17:29:00+00:00,100.0,21.442,34.7595
10,13.119488333333331,88.57512666666666,2020-01-05 17:29:00+00:00,110.0,20.466454545454546,34.80690909090909
10,13.119488333333331,88.57512666666666,2020-01-05 17:29:00+00:00,120.0,19.2286,34.839
10,13.119488333333331,88.57512666666666,2020-01-05 17:29:00+00:00,130.0,18.158,34.8634
10,13.119488333333331,88.57512666666666,2020-01-05 17:29:00+00:00,140.0,17.363,34.882
10,13.119488333333331,88.57512666666666,2020-01-05 17:29:00+00:00,150.0,16.577363636363636,34.90109090909091
10,13.119488333333331,88.57512666666666,2020-01-05 17:29:00+00:00,160.0,15.932333333333334,34.922
10,13.119488333333331,88.57512666666666,2020-01-05 17:29:00+00:00,170.0,15.543,34.935
10,13.119488333333331,88.57512666666666,2020-01-05 17:29:00+00:00,180.0,15.0725,34.941
10,13.119488333333331,88.57512666666666,2020-01-05 17:29:00+00:00,190.0,14.5222,34.955400000000004
10,13.119488333333331,88.57512666666666,2020-01-05 17:29:00+00:00,200.0,14.0795,34.9795
10,13.119488333333331,88.57512666666666,2020-01-05 17:29:00+00:00,210.0,13.629000000000001,34.9955
10,13.119488333333331,88.57512666666666,2020-01-05 17:29:00+00:00,220.0,13.277272727272727,35.00845454545455
10,13.119488333333331,88.57512666666666,2020-01-05 17:29:00+00:00,230.0,12.9335,35.02
10,13.119488333333331,88.57512666666666,2020-01-05 17:29:00+00:00,240.0,12.738499999999998,35.0225
10,13.119488333333331,88.57512666666666,2020-01-05 17:29:00+00:00,250.0,12.538124999999999,35.02791071428571
10,13.119488333333331,88.57512666666666,2020-01-05 17:29:00+00:00,260.0,12.387774509803922,35.02844117647059
10,13.119488333333331,88.57512666666666,2020-01-05 17:29:00+00:00,270.0,12.210357142857143,35.029520408163265
10,13.119488333333331,88.57512666666666,2020-01-05 17:29:00+00:00,280.0,12.029,35.03
10,13.119488333333331,88.57512666666666,2020-01-05 17:29:00+00:00,290.0,11.869499999999999,35.03151
10,13.119488333333331,88.57512666666666,2020-01-05 17:29:00+00:00,300.0,11.73123,35.032
10,13.119488333333331,88.57512666666666,2020-01-05 17:29:00+00:00,310.0,11.58944,35.034549999999996
10,13.119488333333331,88.57512666666666,2020-01-05 17:29:00+00:00,320.0,11.4695,35.039
10,13.119488333333331,88.57512666666666,2020-01-05 17:29:00+00:00,330.0,11.38043,35.04002
10,13.119488333333331,88.57512666666666,2020-01-05 17:29:00+00:00,340.0,11.270141414141413,35.03850505050505
10,13.119488333333331,88.57512666666666,2020-01-05 17:29:00+00:00,350.0,11.154989898989898,35.0390101010101
10,13.119488333333331,88.57512666666666,2020-01-05 17:29:00+00:00,360.0,11.07236,35.04
10,13.119488333333331,88.57512666666666,2020-01-05 17:29:00+00:00,370.0,10.990515151515151,35.04
10,13.119488333333331,88.57512666666666,2020-01-05 17:29:00+00:00,380.0,10.909019801980198,35.03948514851485
10,13.119488333333331,88.57512666666666,2020-01-05 17:29:00+00:00,390.0,10.859,35.038
10,13.119488333333331,88.57512666666666,2020-01-05 17:29:00+00:00,400.0,10.800247524752475,35.037
10,13.119488333333331,88.57512666666666,2020-01-05 17:29:00+00:00,410.0,10.720755102040815,35.03651020408163
10,13.119488333333331,88.57512666666666,2020-01-05 17:29:00+00:00,420.0,10.65421212121212,35.03549494949495
10,13.119488333333331,88.57512666666666,2020-01-05 17:29:00+00:00,430.0,10.590349514563107,35.035
10,13.119488333333331,88.57512666666666,2020-01-05 17:29:00+00:00,440.0,10.519575757575758,35.03451515151515
10,13.119488333333331,88.57512666666666,2020-01-05 17:29:00+00:00,450.0,10.46732,35.03449
10,13.119488333333331,88.57512666666666,2020-01-05 17:29:00+00:00,460.0,10.419323232323233,35.03450505050505
10,13.119488333333331,88.57512666666666,2020-01-05 17:29:00+00:00,470.0,10.353000000000002,35.033500000000004
10,13.119488333333331,88.57512666666666,2020-01-05 17:29:00+00:00,480.0,10.297217821782178,35.032504950495046
10,13.119488333333331,88.57512666666666,2020-01-05 17:29:00+00:00,490.0,10.24119,35.03151
10,13.119488333333331,88.57512666666666,2020-01-05 17:29:00+00:00,500.0,10.160499999999999,35.0305
10,13.119488333333331,88.57512666666666,2020-01-05 17:29:00+00:00,510.0,10.080158415841584,35.0289900990099
10,13.119488333333331,88.57512666666666,2020-01-05 17:29:00+00:00,520.0,10.021728155339806,35.028
10,13.119488333333331,88.57512666666666,2020-01-05 17:29:00+00:00,530.0,9.980173469387754,35.02752040816326
10,13.119488333333331,88.57512666666666,2020-01-05 17:29:00+00:00,540.0,9.94438,35.02749
10,13.119488333333331,88.57512666666666,2020-01-05 17:29:00+00:00,550.0,9.90470707070707,35.02750505050505
10,13.119488333333331,88.57512666666666,2020-01-05 17:29:00+00:00,560.0,9.844824742268042,35.025453608247425
10,13.119488333333331,88.57512666666666,2020-01-05 17:29:00+00:00,570.0,9.77249514563107,35.024
10,13.119488333333331,88.57512666666666,2020-01-05 17:29:00+00:00,580.0,9.714,35.0235
10,13.119488333333331,88.57512666666666,2020-01-05 17:29:00+00:00,590.0,9.657686868686868,35.02249494949495
10,13.119488333333331,88.57512666666666,2020-01-05 17:29:00+00:00,600.0,9.574,35.0205
10,13.119488333333331,88.57512666666666,2020-01-05 17:29:00+00:00,610.0,9.481127450980393,35.017078431372546
10,13.119488333333331,88.57512666666666,2020-01-05 17:29:00+00:00,620.0,9.410939393939394,35.014050505050506
10,13.119488333333331,88.57512666666666,2020-01-05 17:29:00+00:00,630.0,9.34164,35.01204
10,13.119488333333331,88.57512666666666,2020-01-05 17:29:00+00:00,640.0,9.271848484848485,35.010030303030305
10,13.119488333333331,88.57512666666666,2020-01-05 17:29:00+00:00,650.0,9.21,35.0085
10,13.119488333333331,88.57512666666666,2020-01-05 17:29:00+00:00,660.0,9.131151515151513,35.0069696969697
10,13.119488333333331,88.57512666666666,2020-01-05 17:29:00+00:00,670.0,9.045879999999999,35.00548
10,13.119488333333331,88.57512666666666,2020-01-05 17:29:00+00:00,680.0,8.97035238095238,35.005
10,13.119488333333331,88.57512666666666,2020-01-05 17:29:00+00:00,690.0,8.903049019607844,35.00453921568627
10,13.119488333333331,88.57512666666666,2020-01-05 17:29:00+00:00,700.0,8.839237113402062,35.003072164948456
10,13.119488333333331,88.57512666666666,2020-01-05 17:29:00+00:00,710.0,8.77581443298969,35.00101030927835
10,13.119488333333331,88.57512666666666,2020-01-05 17:29:00+00:00,720.0,8.712178217821782,34.99949504950495
10,13.119488333333331,88.57512666666666,2020-01-05 17:29:00+00:00,730.0,8.65020202020202,34.99748484848485
10,13.119488333333331,88.57512666666666,2020-01-05 17:29:00+00:00,740.0,8.577,34.995000000000005
10,13.119488333333331,88.57512666666666,2020-01-05 17:29:00+00:00,750.0,8.498,34.992999999999995
10,13.119488333333331,88.57512666666666,2020-01-05 17:29:00+00:00,760.0,8.433336734693878,34.99095918367347
10,13.119488333333331,88.57512666666666,2020-01-05 17:29:00+00:00,770.0,8.365740384615385,34.98949038461539
10,13.119488333333331,88.57512666666666,2020-01-05 17:29:00+00:00,780.0,8.29858,34.98851
10,13.119488333333331,88.57512666666666,2020-01-05 17:29:00+00:00,790.0,8.22441,34.98702
10,13.119488333333331,88.57512666666666,2020-01-05 17:29:00+00:00,800.0,8.14293137254902,34.98503921568627
10,13.119488333333331,88.57512666666666,2020-01-05 17:29:00+00:00,810.0,8.06693,34.98259
10,13.119488333333331,88.57512666666666,2020-01-05 17:29:00+00:00,820.0,7.9962947368421045,34.980505263157895
10,13.119488333333331,88.57512666666666,2020-01-05 17:29:00+00:00,830.0,7.933165048543689,34.9784854368932
10,13.119488333333331,88.57512666666666,2020-01-05 17:29:00+00:00,840.0,7.878623762376238,34.97651485148515
10,13.119488333333331,88.57512666666666,2020-01-05 17:29:00+00:00,850.0,7.834469387755102,34.97551020408163
10,13.119488333333331,88.57512666666666,2020-01-05 17:29:00+00:00,860.0,7.793,34.9745
10,13.119488333333331,88.57512666666666,2020-01-05 17:29:00+00:00,870.0,7.753,34.973
10,13.119488333333331,88.57512666666666,2020-01-05 17:29:00+00:00,880.0,7.71079797979798,34.97149494949495
10,13.119488333333331,88.57512666666666,2020-01-05 17:29:00+00:00,890.0,7.6767199999999995,34.97049
10,13.119488333333331,88.57512666666666,2020-01-05 17:29:00+00:00,900.0,7.642,34.9695
10,13.119488333333331,88.57512666666666,2020-01-05 17:29:00+00:00,910.0,7.596010000000001,34.96802
10,13.119488333333331,88.57512666666666,2020-01-05 17:29:00+00:00,920.0,7.537333333333334,34.9660101010101
10,13.119488333333331,88.57512666666666,2020-01-05 17:29:00+00:00,930.0,7.4755,34.964
10,13.119488333333331,88.57512666666666,2020-01-05 17:29:00+00:00,940.0,7.414,34.962
10,13.119488333333331,88.57512666666666,2020-01-05 17:29:00+00:00,950.0,7.3545,34.9595
10,13.119488333333331,88.57512666666666,2020-01-05 17:29:00+00:00,960.0,7.291131313131313,34.95648484848485
10,13.119488333333331,88.57512666666666,2020-01-05 17:29:00+00:00,970.0,7.212336538461538,34.954019230769234
10,13.119488333333331,88.57512666666666,2020-01-05 17:29:00+00:00,980.0,7.128673469387755,34.9515612244898
10,13.119488333333331,88.57512666666666,2020-01-05 17:29:00+00:00,990.0,7.057787878787879,34.94851515151515
10,13.119488333333331,88.57512666666666,2020-01-05 17:29:00+00:00,1000.0,6.995787003610109,34.94573646209386
10,13.119488333333331,88.57512666666666,2020-01-05 17:29:00+00:00,1010.0,6.929361010830325,34.94320938628159
10,13.119488333333331,88.57512666666666,2020-01-05 17:29:00+00:00,1020.0,6.862935018050542,34.94068231046931
10,13.119488333333331,88.57512666666666,2020-01-05 17:29:00+00:00,1030.0,6.802617475728155,34.938582524271844
10,13.119488333333331,88.57512666666666,2020-01-05 17:29:00+00:00,1040.0,6.744559223300971,34.93664077669903
10,13.119488333333331,88.57512666666666,2020-01-05 17:29:00+00:00,1050.0,6.686500970873786,34.934699029126214
10,13.119488333333331,88.57512666666666,2020-01-05 17:29:00+00:00,1060.0,6.628442718446602,34.9327572815534
10,13.119488333333331,88.57512666666666,2020-01-05 17:29:00+00:00,1070.0,6.5703844660194175,34.930815533980585
10,13.119488333333331,88.57512666666666,2020-01-05 17:29:00+00:00,1080.0,6.516213178294574,34.92887596899225
10,13.119488333333331,88.57512666666666,2020-01-05 17:29:00+00:00,1090.0,6.464856589147287,34.92693798449613
10,13.119488333333331,88.57512666666666,2020-01-05 17:29:00+00:00,1100.0,6.4135,34.925
10,13.119488333333331,88.57512666666666,2020-01-05 17:29:00+00:00,1110.0,6.362143410852713,34.923062015503874
10,13.119488333333331,88.57512666666666,2020-01-05 17:29:00+00:00,1120.0,6.310786821705426,34.92112403100775
10,13.119488333333331,88.57512666666666,2020-01-05 17:29:00+00:00,1130.0,6.263398340248962,34.91930290456432
10,13.119488333333331,88.57512666666666,2020-01-05 17:29:00+00:00,1140.0,6.221489626556016,34.917643153526974
10,13.119488333333331,88.57512666666666,2020-01-05 17:29:00+00:00,1150.0,6.17958091286307,34.91598340248963
10,13.119488333333331,88.57512666666666,2020-01-05 17:29:00+00:00,1160.0,6.137672199170124,34.914323651452285
10,13.119488333333331,88.57512666666666,2020-01-05 17:29:00+00:00,1170.0,6.095763485477178,34.912663900414934
10,13.119488333333331,88.57512666666666,2020-01-05 17:29:00+00:00,1180.0,6.056367387033399,34.911056974459726
10,13.119488333333331,88.57512666666666,2020-01-05 17:29:00+00:00,1190.0,6.018646365422397,34.90948526522593
10,13.119488333333331,88.57512666666666,2020-01-05 17:29:00+00:00,1200.0,5.9809253438113945,34.907913555992145
10,13.119488333333331,88.57512666666666,2020-01-05 17:29:00+00:00,1210.0,5.943204322200393,34.90634184675835
10,13.119488333333331,88.57512666666666,2020-01-05 17:29:00+00:00,1220.0,5.905483300589391,34.90477013752456
10,13.119488333333331,88.57512666666666,2020-01-05 17:29:00+00:00,1230.0,5.864839916839917,34.90315176715177
10,13.119488333333331,88.57512666666666,2020-01-05 17:29:00+00:00,1240.0,5.821388773388773,34.90148856548857
10,13.119488333333331,88.57512666666666,2020-01-05 17:29:00+00:00,1250.0,5.77793762993763,34.899825363825364
10,13.119488333333331,88.57512666666666,2020-01-05 17:29:00+00:00,1260.0,5.734486486486486,34.898162162162166
10,13.119488333333331,88.57512666666666,2020-01-05 17:29:00+00:00,1270.0,5.691035343035343,34.89649896049896
10,13.119488333333331,88.57512666666666,2020-01-05 17:29:00+00:00,1280.0,5.647216867469879,34.89473493975904
10,13.119488333333331,88.57512666666666,2020-01-05 17:29:00+00:00,1290.0,5.603240963855422,34.892927710843374
10,13.119488333333331,88.57512666666666,2020-01-05 17:29:00+00:00,1300.0,5.559265060240963,34.891120481927715
10,13.119488333333331,88.57512666666666,2020-01-05 17:29:00+00:00,1310.0,5.515289156626506,34.88931325301205
10,13.119488333333331,88.57512666666666,2020-01-05 17:29:00+00:00,1320.0,5.471313253012048,34.88750602409639
10,13.119488333333331,88.57512666666666,2020-01-05 17:29:00+00:00,1330.0,5.423566929133858,34.88572440944882
10,13.119488333333331,88.57512666666666,2020-01-05 17:29:00+00:00,1340.0,5.374354330708661,34.88395275590551
10,13.119488333333331,88.57512666666666,2020-01-05 17:29:00+00:00,1350.0,5.3251417322834635,34.8821811023622
10,13.119488333333331,88.57512666666666,2020-01-05 17:29:00+00:00,1360.0,5.275929133858267,34.880409448818895
10,13.119488333333331,88.57512666666666,2020-01-05 17:29:00+00:00,1370.0,5.22671653543307,34.878637795275594
10,13.119488333333331,88.57512666666666,2020-01-05 17:29:00+00:00,1380.0,5.180869481765835,34.87689443378119
10,13.119488333333331,88.57512666666666,2020-01-05 17:29:00+00:00,1390.0,5.136915547024952,34.8751669865643
10,13.119488333333331,88.57512666666666,2020-01-05 17:29:00+00:00,1400.0,5.092961612284069,34.87343953934741
10,13.119488333333331,88.57512666666666,2020-01-05 17:29:00+00:00,1410.0,5.0490076775431865,34.871712092130515
10,13.119488333333331,88.57512666666666,2020-01-05 17:29:00+00:00,1420.0,5.005053742802303,34.86998464491363
10,13.119488333333331,88.57512666666666,2020-01-05 17:29:00+00:00,1430.0,4.964598343685301,34.868465838509316
10,13.119488333333331,88.57512666666666,2020-01-05 17:29:00+00:00,1440.0,4.928780538302278,34.86722360248447
10,13.119488333333331,88.57512666666666,2020-01-05 17:29:00+00:00,1450.0,4.892962732919255,34.86598136645963
10,13.119488333333331,88.57512666666666,2020-01-05 17:29:00+00:00,1460.0,4.857144927536233,34.864739130434785
10,13.119488333333331,88.57512666666666,2020-01-05 17:29:00+00:00,1470.0,4.8213271221532095,34.863496894409934
10,13.119488333333331,88.57512666666666,2020-01-05 17:29:00+00:00,1480.0,4.781531548757171,34.861967495219886
10,13.119488333333331,88.57512666666666,2020-01-05 17:29:00+00:00,1490.0,4.739084130019121,34.860246653919695
10,13.119488333333331,88.57512666666666,2020-01-05 17:29:00+00:00,1500.0,4.696636711281071,34.858525812619504
10,13.119488333333331,88.57512666666666,2020-01-05 17:29:00+00:00,1510.0,4.654189292543021,34.85680497131931
10,13.119488333333331,88.57512666666666,2020-01-05 17:29:00+00:00,1520.0,4.611741873804971,34.85508413001912
10,13.119488333333331,88.57512666666666,2020-01-05 17:29:00+00:00,1530.0,4.568761523046092,34.85340681362725
10,13.119488333333331,88.57512666666666,2020-01-05 17:29:00+00:00,1540.0,4.52487374749499,34.85180360721443
10,13.119488333333331,88.57512666666666,2020-01-05 17:29:00+00:00,1550.0,4.480985971943888,34.850200400801604
10,13.119488333333331,88.57512666666666,2020-01-05 17:29:00+00:00,1560.0,4.437098196392785,34.84859719438877
10,13.119488333333331,88.57512666666666,2020-01-05 17:29:00+00:00,1570.0,4.393210420841683,34.84699398797595
10,13.119488333333331,88.57512666666666,2020-01-05 17:29:00+00:00,1580.0,4.352103305785124,34.84545041322314
10,13.119488333333331,88.57512666666666,2020-01-05 17:29:00+00:00,1590.0,4.31553305785124,34.844004132231404
10,13.119488333333331,88.57512666666666,2020-01-05 17:29:00+00:00,1600.0,4.278962809917355,34.84255785123967
10,13.119488333333331,88.57512666666666,2020-01-05 17:29:00+00:00,1610.0,4.242392561983471,34.84111157024793
10,13.119488333333331,88.57512666666666,2020-01-05 17:29:00+00:00,1620.0,4.205822314049587,34.839665289256196
10,13.119488333333331,88.57512666666666,2020-01-05 17:29:00+00:00,1630.0,4.161194831013916,34.83781908548708
10,13.119488333333331,88.57512666666666,2020-01-05 17:29:00+00:00,1640.0,4.109703777335984,34.83563220675944
10,13.119488333333331,88.57512666666666,2020-01-05 17:29:00+00:00,1650.0,4.058212723658052,34.83344532803181
10,13.119488333333331,88.57512666666666,2020-01-05 17:29:00+00:00,1660.0,4.00672166998012,34.83125844930418
10,13.119488333333331,88.57512666666666,2020-01-05 17:29:00+00:00,1670.0,3.9552306163021873,34.829071570576545
10,13.119488333333331,88.57512666666666,2020-01-05 17:29:00+00:00,1680.0,3.9062000000000006,34.827000000000005
10,13.119488333333331,88.57512666666666,2020-01-05 17:29:00+00:00,1690.0,3.859533333333334,34.825039215686274
10,13.119488333333331,88.57512666666666,2020-01-05 17:29:00+00:00,1700.0,3.8128666666666673,34.82307843137255
10,13.119488333333331,88.57512666666666,2020-01-05 17:29:00+00:00,1710.0,3.7662000000000004,34.82111764705882
10,13.119488333333331,88.57512666666666,2020-01-05 17:29:00+00:00,1720.0,3.719533333333334,34.819156862745096
10,13.119488333333331,88.57512666666666,2020-01-05 17:29:00+00:00,1730.0,3.6706049896049904,34.817147609147604
10,13.119488333333331,88.57512666666666,2020-01-05 17:29:00+00:00,1740.0,3.6184220374220377,34.8150686070686
10,13.119488333333331,88.57512666666666,2020-01-05 17:29:00+00:00,1750.0,3.5662390852390855,34.8129896049896
10,13.119488333333331,88.57512666666666,2020-01-05 17:29:00+00:00,1760.0,3.5140561330561333,34.8109106029106
10,13.119488333333331,88.57512666666666,2020-01-05 17:29:00+00:00,1770.0,3.4618731808731806,34.8088316008316
10,13.119488333333331,88.57512666666666,2020-01-05 17:29:00+00:00,1780.0,3.41796,34.80704
10,13.119488333333331,88.57512666666666,2020-01-05 17:29:00+00:00,1790.0,3.37956,34.80544
10,13.119488333333331,88.57512666666666,2020-01-05 17:29:00+00:00,1800.0,3.34116,34.80384
10,13.119488333333331,88.57512666666666,2020-01-05 17:29:00+00:00,1810.0,3.30276,34.80224
10,13.119488333333331,88.57512666666666,2020-01-05 17:29:00+00:00,1820.0,3.26436,34.800639999999994
10,13.119488333333331,88.57512666666666,2020-01-05 17:29:00+00:00,1830.0,3.2311428571428573,34.79928571428571
10,13.119488333333331,88.57512666666666,2020-01-05 17:29:00+00:00,1840.0,3.2013809523809527,34.798095238095236
10,13.119488333333331,88.57512666666666,2020-01-05 17:29:00+00:00,1850.0,3.171619047619048,34.796904761904756
10,13.119488333333331,88.57512666666666,2020-01-05 17:29:00+00:00,1860.0,3.1418571428571433,34.79571428571428
10,13.119488333333331,88.57512666666666,2020-01-05 17:29:00+00:00,1870.0,3.1120952380952387,34.79452380952381
10,13.119488333333331,88.57512666666666,2020-01-05 17:29:00+00:00,1880.0,3.0877317073170736,34.79343089430894
10,13.119488333333331,88.57512666666666,2020-01-05 17:29:00+00:00,1890.0,3.067609756097561,34.79241463414634
10,13.119488333333331,88.57512666666666,2020-01-05 17:29:00+00:00,1900.0,3.047487804878049,34.79139837398374
10,13.119488333333331,88.57512666666666,2020-01-05 17:29:00+00:00,1910.0,3.0273658536585364,34.79038211382114
10,13.119488333333331,88.57512666666666,2020-01-05 17:29:00+00:00,1920.0,3.0072439024390243,34.78936585365854
10,13.119488333333331,88.57512666666666,2020-01-05 17:29:00+00:00,1930.0,2.986654708520179,34.788426008968614
10,13.119488333333331,88.57512666666666,2020-01-05 17:29:00+00:00,1940.0,2.9658026905829598,34.78752914798206
10,13.119488333333331,88.57512666666666,2020-01-05 17:29:00+00:00,1950.0,2.94495067264574,34.78663228699551
10,13.119488333333331,88.57512666666666,2020-01-05 17:29:00+00:00,1960.0,2.92409865470852,34.78573542600897
