N_POINTS,PRES,TEMP,PSAL,LATITUDE,LONGITUDE,TIME
0,0.0,25.641,30.165,16.832,89.402,2020-01-01 14:03:00
1,1.0,25.642,30.163,16.832,89.402,2020-01-01 14:03:00
2,2.0,25.644,30.164,16.832,89.402,2020-01-01 14:03:00
3,3.0,25.645,30.164,16.832,89.402,2020-01-01 14:03:00
4,4.0,25.646,30.163,16.832,89.402,2020-01-01 14:03:00
5,5.0,25.645,30.161,16.832,89.402,2020-01-01 14:03:00
6,6.0,25.646,30.165,16.832,89.402,2020-01-01 14:03:00
7,7.0,25.65,30.178,16.832,89.402,2020-01-01 14:03:00
8,8.0,25.654,30.181,16.832,89.402,2020-01-01 14:03:00
9,9.0,25.654,30.181,16.832,89.402,2020-01-01 14:03:00
10,15.0,25.895,30.723,16.832,89.402,2020-01-01 14:03:00
11,26.0,26.571,31.467,16.832,89.402,2020-01-01 14:03:00
12,35.0,27.69,32.246,16.832,89.402,2020-01-01 14:03:00
13,45.0,28.307,32.72,16.832,89.402,2020-01-01 14:03:00
14,55.0,28.518,33.078,16.832,89.402,2020-01-01 14:03:00
15,66.0,28.415,33.531,16.832,89.402,2020-01-01 14:03:00
16,76.0,27.65,33.88,16.832,89.402,2020-01-01 14:03:00
17,86.0,26.565,34.35,16.832,89.402,2020-01-01 14:03:00
18,96.0,25.111,34.552,16.832,89.402,2020-01-01 14:03:00
19,105.0,23.708,34.678,16.832,89.402,2020-01-01 14:03:00
20,115.0,22.101,34.763,16.832,89.402,2020-01-01 14:03:00
21,125.0,20.287,34.814,16.832,89.402,2020-01-01 14:03:00
22,135.0,19.214,34.835,16.832,89.402,2020-01-01 14:03:00
23,146.0,18.217,34.858,16.832,89.402,2020-01-01 14:03:00
24,155.0,17.291,34.882,16.832,89.402,2020-01-01 14:03:00
25,165.0,16.315,34.903,16.832,89.402,2020-01-01 14:03:00
26,175.0,15.541,34.928,16.832,89.402,2020-01-01 14:03:00
27,186.0,14.94,34.938,16.832,89.402,2020-01-01 14:03:00
28,195.0,14.4,34.948,16.832,89.402,2020-01-01 14:03:00
29,213.0,13.789,34.973,16.832,89.402,2020-01-01 14:03:00
30,238.0,13.086,34.992,16.832,89.402,2020-01-01 14:03:00
31,263.0,12.355,35.011,16.832,89.402,2020-01-01 14:03:00
32,288.0,11.871,35.019,16.832,89.402,2020-01-01 14:03:00
33,314.0,11.522,35.025,16.832,89.402,2020-01-01 14:03:00
34,338.0,11.266,35.027,16.832,89.402,2020-01-01 14:03:00
35,363.0,11.042,35.028,16.832,89.402,2020-01-01 14:03:00
36,388.0,10.855,35.028,16.832,89.402,2020-01-01 14:03:00
37,413.0,10.675,35.027,16.832,89.402,2020-01-01 14:03:00
38,438.0,10.478,35.026,16.832,89.402,2020-01-01 14:03:00
39,463.0,10.309,35.025,16.832,89.402,2020-01-01 14:03:00
40,488.0,10.131,35.024,16.832,89.402,2020-01-01 14:03:00
41,513.0,9.926,35.021,16.832,89.402,2020-01-01 14:03:00
42,538.0,9.739,35.018,16.832,89.402,2020-01-01 14:03:00
43,563.0,9.588,35.015,16.832,89.402,2020-01-01 14:03:00
44,588.0,9.415,35.012,16.832,89.402,2020-01-01 14:03:00
45,613.0,9.252,35.008,16.832,89.402,2020-01-01 14:03:00
46,638.0,9.076,35.004,16.832,89.402,2020-01-01 14:03:00
47,663.0,8.916,35.0,16.832,89.402,2020-01-01 14:03:00
48,688.0,8.755,34.996,16.832,89.402,2020-01-01 14:03:00
49,713.0,8.6,34.992,16.832,89.402,2020-01-01 14:03:00
50,738.0,8.427,34.987,16.832,89.402,2020-01-01 14:03:00
51,763.0,8.257,34.982,16.832,89.402,2020-01-01 14:03:00
52,788.0,8.081,34.977,16.832,89.402,2020-01-01 14:03:00
53,813.0,7.908,34.972,16.832,89.402,2020-01-01 14:03:00
54,839.0,7.738,34.967,16.832,89.402,2020-01-01 14:03:00
55,863.0,7.589,34.962,16.832,89.402,2020-01-01 14:03:00
56,888.0,7.415,34.956,16.832,89.402,2020-01-01 14:03:00
57,913.0,7.274,34.951,16.832,89.402,2020-01-01 14:03:00
58,938.0,7.15,34.947,16.832,89.402,2020-01-01 14:03:00
59,963.0,7.018,34.942,16.832,89.402,2020-01-01 14:03:00
60,988.0,6.869,34.937,16.832,89.402,2020-01-01 14:03:00
61,1013.0,6.719,34.931,16.832,89.402,2020-01-01 14:03:00
62,1038.0,6.567,34.926,16.832,89.402,2020-01-01 14:03:00
63,1063.0,6.422,34.92,16.832,89.402,2020-01-01 14:03:00
64,1088.0,6.301,34.916,16.832,89.402,2020-01-01 14:03:00
65,1113.0,6.197,34.912,16.832,89.402,2020-01-01 14:03:00
66,1139.0,6.059,34.907,16.832,89.402,2020-01-01 14:03:00
67,1163.0,5.931,34.902,16.832,89.402,2020-01-01 14:03:00
68,1188.0,5.775,34.896,16.832,89.402,2020-01-01 14:03:00
69,1213.0,5.658,34.892,16.832,89.402,2020-01-01 14:03:00
70,1238.0,5.554,34.888,16.832,89.402,2020-01-01 14:03:00
71,1263.0,5.45,34.884,16.832,89.402,2020-01-01 14:03:00
72,1288.0,5.339,34.879,16.832,89.402,2020-01-01 14:03:00
73,1313.0,5.234,34.875,16.832,89.402,2020-01-01 14:03:00
74,1338.0,5.124,34.871,16.832,89.402,2020-01-01 14:03:00
75,1363.0,5.032,34.867,16.832,89.402,2020-01-01 14:03:00
76,1388.0,4.943,34.864,16.832,89.402,2020-01-01 14:03:00
77,1413.0,4.822,34.859,16.832,89.402,2020-01-01 14:03:00
78,1438.0,4.693,34.854,16.832,89.402,2020-01-01 14:03:00
79,1463.0,4.576,34.85,16.832,89.402,2020-01-01 14:03:00
80,1488.0,4.45,34.845,16.832,89.402,2020-01-01 14:03:00
81,1513.0,4.339,34.84,16.832,89.402,2020-01-01 14:03:00
82,1538.0,4.246,34.837,16.832,89.402,2020-01-01 14:03:00
83,1563.0,4.149,34.833,16.832,89.402,2020-01-01 14:03:00
84,1588.0,4.037,34.828,16.832,89.402,2020-01-01 14:03:00
85,1613.0,3.921,34.823,16.832,89.402,2020-01-01 14:03:00
86,1638.0,3.814,34.819,16.832,89.402,2020-01-01 14:03:00
87,1663.0,3.705,34.815,16.832,89.402,2020-01-01 14:03:00
88,1688.0,3.589,34.81,16.832,89.402,2020-01-01 14:03:00
89,1713.0,3.48,34.805,16.832,89.402,2020-01-01 14:03:00
90,1738.0,3.369,34.801,16.832,89.402,2020-01-01 14:03:00
91,1763.0,3.266,34.796,16.832,89.402,2020-01-01 14:03:00
92,1788.0,3.18,34.793,16.832,89.402,2020-01-01 14:03:00
93,1813.0,3.098,34.789,16.832,89.402,2020-01-01 14:03:00
94,1838.0,3.024,34.786,16.832,89.402,2020-01-01 14:03:00
95,1863.0,2.95,34.783,16.832,89.402,2020-01-01 14:03:00
96,1888.0,2.888,34.78,16.832,89.402,2020-01-01 14:03:00
97,1913.0,2.829,34.778,16.832,89.402,2020-01-01 14:03:00
98,1938.0,2.768,34.775,16.832,89.402,2020-01-01 14:03:00
99,1963.0,2.719,34.773,16.832,89.402,2020-01-01 14:03:00
100,1988.0,2.683,34.771,16.832,89.402,2020-01-01 14:03:00
101,1.0,28.203,33.702,13.823,87.733,2020-01-02 14:08:00
102,2.0,28.204,33.702,13.823,87.733,2020-01-02 14:08:00
103,3.0,28.208,33.7,13.823,87.733,2020-01-02 14:08:00
104,4.0,28.205,33.703,13.823,87.733,2020-01-02 14:08:00
105,5.0,28.21,33.701,13.823,87.733,2020-01-02 14:08:00
106,6.0,28.211,33.7,13.823,87.733,2020-01-02 14:08:00
107,7.0,28.212,33.7,13.823,87.733,2020-01-02 14:08:00
108,8.0,28.211,33.7,13.823,87.733,2020-01-02 14:08:00
109,9.0,28.211,33.699,13.823,87.733,2020-01-02 14:08:00
110,10.0,28.211,33.701,13.823,87.733,2020-01-02 14:08:00
111,15.0,28.211,33.7,13.823,87.733,2020-01-02 14:08:00
112,25.0,28.191,33.699,13.823,87.733,2020-01-02 14:08:00
113,35.0,28.152,33.697,13.823,87.733,2020-01-02 14:08:00
114,45.0,28.15,33.698,13.823,87.733,2020-01-02 14:08:00
115,55.0,28.148,33.699,13.823,87.733,2020-01-02 14:08:00
116,65.0,27.986,33.988,13.823,87.733,2020-01-02 14:08:00
117,76.0,26.165,34.648,13.823,87.733,2020-01-02 14:08:00
118,85.0,24.839,34.8,13.823,87.733,2020-01-02 14:08:00
119,95.0,23.744,34.885,13.823,87.733,2020-01-02 14:08:00
120,105.0,22.975,34.96,13.823,87.733,2020-01-02 14:08:00
121,115.0,21.651,34.872,13.823,87.733,2020-01-02 14:08:00
122,125.0,20.206,34.822,13.823,87.733,2020-01-02 14:08:00
123,135.0,19.281,34.838,13.823,87.733,2020-01-02 14:08:00
124,145.0,18.209,34.86,13.823,87.733,2020-01-02 14:08:00
125,155.0,17.273,34.883,13.823,87.733,2020-01-02 14:08:00
126,166.0,16.71,34.896,13.823,87.733,2020-01-02 14:08:00
127,176.0,15.784,34.917,13.823,87.733,2020-01-02 14:08:00
128,186.0,15.089,34.938,13.823,87.733,2020-01-02 14:08:00
129,196.0,14.499,34.953,13.823,87.733,2020-01-02 14:08:00
130,214.0,13.463,34.97,13.823,87.733,2020-01-02 14:08:00
131,238.0,12.736,34.995,13.823,87.733,2020-01-02 14:08:00
132,263.0,12.201,35.015,13.823,87.733,2020-01-02 14:08:00
133,287.0,11.773,35.024,13.823,87.733,2020-01-02 14:08:00
134,313.0,11.419,35.025,13.823,87.733,2020-01-02 14:08:00
135,338.0,11.125,35.025,13.823,87.733,2020-01-02 14:08:00
136,363.0,10.915,35.026,13.823,87.733,2020-01-02 14:08:00
137,388.0,10.681,35.026,13.823,87.733,2020-01-02 14:08:00
138,414.0,10.467,35.031,13.823,87.733,2020-01-02 14:08:00
139,438.0,10.266,35.026,13.823,87.733,2020-01-02 14:08:00
140,463.0,10.073,35.021,13.823,87.733,2020-01-02 14:08:00
141,488.0,9.902,35.019,13.823,87.733,2020-01-02 14:08:00
142,513.0,9.727,35.016,13.823,87.733,2020-01-02 14:08:00
143,538.0,9.581,35.013,13.823,87.733,2020-01-02 14:08:00
144,563.0,9.442,35.011,13.823,87.733,2020-01-02 14:08:00
145,588.0,9.304,35.007,13.823,87.733,2020-01-02 14:08:00
146,613.0,9.179,35.004,13.823,87.733,2020-01-02 14:08:00
147,638.0,9.039,35.001,13.823,87.733,2020-01-02 14:08:00
148,663.0,8.896,34.997,13.823,87.733,2020-01-02 14:08:00
149,688.0,8.727,34.996,13.823,87.733,2020-01-02 14:08:00
150,714.0,8.536,34.992,13.823,87.733,2020-01-02 14:08:00
151,738.0,8.382,34.986,13.823,87.733,2020-01-02 14:08:00
152,763.0,8.203,34.981,13.823,87.733,2020-01-02 14:08:00
153,788.0,8.031,34.976,13.823,87.733,2020-01-02 14:08:00
154,813.0,7.845,34.972,13.823,87.733,2020-01-02 14:08:00
155,838.0,7.688,34.966,13.823,87.733,2020-01-02 14:08:00
156,863.0,7.542,34.962,13.823,87.733,2020-01-02 14:08:00
157,888.0,7.409,34.958,13.823,87.733,2020-01-02 14:08:00
158,913.0,7.279,34.953,13.823,87.733,2020-01-02 14:08:00
159,937.0,7.133,34.948,13.823,87.733,2020-01-02 14:08:00
160,963.0,6.977,34.942,13.823,87.733,2020-01-02 14:08:00
161,988.0,6.834,34.937,13.823,87.733,2020-01-02 14:08:00
162,1013.0,6.692,34.932,13.823,87.733,2020-01-02 14:08:00
163,1038.0,6.557,34.926,13.823,87.733,2020-01-02 14:08:00
164,1063.0,6.443,34.921,13.823,87.733,2020-01-02 14:08:00
165,1088.0,6.322,34.915,13.823,87.733,2020-01-02 14:08:00
166,1113.0,6.189,34.911,13.823,87.733,2020-01-02 14:08:00
167,1138.0,6.078,34.906,13.823,87.733,2020-01-02 14:08:00
168,1163.0,5.978,34.902,13.823,87.733,2020-01-02 14:08:00
169,1189.0,5.879,34.899,13.823,87.733,2020-01-02 14:08:00
170,1213.0,5.787,34.895,13.823,87.733,2020-01-02 14:08:00
171,1238.0,5.668,34.891,13.823,87.733,2020-01-02 14:08:00
172,1263.0,5.56,34.887,13.823,87.733,2020-01-02 14:08:00
173,1288.0,5.45,34.883,13.823,87.733,2020-01-02 14:08:00
174,1313.0,5.347,34.878,13.823,87.733,2020-01-02 14:08:00
175,1338.0,5.253,34.875,13.823,87.733,2020-01-02 14:08:00
176,1363.0,5.154,34.871,13.823,87.733,2020-01-02 14:08:00
177,1388.0,5.041,34.867,13.823,87.733,2020-01-02 14:08:00
178,1413.0,4.929,34.862,13.823,87.733,2020-01-02 14:08:00
179,1438.0,4.822,34.858,13.823,87.733,2020-01-02 14:08:00
180,1463.0,4.711,34.854,13.823,87.733,2020-01-02 14:08:00
181,1488.0,4.609,34.85,13.823,87.733,2020-01-02 14:08:00
182,1513.0,4.502,34.846,13.823,87.733,2020-01-02 14:08:00
183,1538.0,4.373,34.841,13.823,87.733,2020-01-02 14:08:00
184,1563.0,4.267,34.837,13.823,87.733,2020-01-02 14:08:00
185,1588.0,4.166,34.833,13.823,87.733,2020-01-02 14:08:00
186,1613.0,4.031,34.828,13.823,87.733,2020-01-02 14:08:00
187,1638.0,3.899,34.822,13.823,87.733,2020-01-02 14:08:00
188,1663.0,3.793,34.818,13.823,87.733,2020-01-02 14:08:00
189,1688.0,3.691,34.814,13.823,87.733,2020-01-02 14:08:00
190,1713.0,3.57,34.809,13.823,87.733,2020-01-02 14:08:00
191,1738.0,3.463,34.805,13.823,87.733,2020-01-02 14:08:00
192,1763.0,3.367,34.8,13.823,87.733,2020-01-02 14:08:00
193,1788.0,3.282,34.797,13.823,87.733,2020-01-02 14:08:00
194,1813.0,3.212,34.794,13.823,87.733,2020-01-02 14:08:00
195,1838.0,3.137,34.791,13.823,87.733,2020-01-02 14:08:00
196,1863.0,3.064,34.787,13.823,87.733,2020-01-02 14:08:00
197,1888.0,2.988,34.784,13.823,87.733,2020-01-02 14:08:00
198,1913.0,2.916,34.781,13.823,87.733,2020-01-02 14:08:00
199,1938.0,2.856,34.779,13.823,87.733,2020-01-02 14:08:00
200,1963.0,2.806,34.777,13.823,87.733,2020-01-02 14:08:00
201,1988.0,2.756,34.774,13.823,87.733,2020-01-02 14:08:00
202,1.0,27.743,32.404,13.506,89.154,2020-01-03 00:04:44
203,2.0,27.744,32.403,13.506,89.154,2020-01-03 00:04:44
204,3.0,27.749,32.415,13.506,89.154,2020-01-03 00:04:44
205,4.0,27.751,32.414,13.506,89.154,2020-01-03 00:04:44
206,5.0,27.753,32.415,13.506,89.154,2020-01-03 00:04:44
207,6.0,27.753,32.413,13.506,89.154,2020-01-03 00:04:44
208,9.0,27.752,32.418,13.506,89.154,2020-01-03 00:04:44
209,10.0,27.752,32.418,13.506,89.154,2020-01-03 00:04:44
210,15.0,27.794,32.545,13.506,89.154,2020-01-03 00:04:44
211,25.0,27.885,32.783,13.506,89.154,2020-01-03 00:04:44
212,36.0,28.109,33.088,13.506,89.154,2020-01-03 00:04:44
213,45.0,27.891,33.83,13.506,89.154,2020-01-03 00:04:44
214,55.0,26.066,34.28,13.506,89.154,2020-01-03 00:04:44
215,65.0,24.864,34.649,13.506,89.154,2020-01-03 00:04:44
216,76.0,23.28,34.738,13.506,89.154,2020-01-03 00:04:44
217,85.0,21.572,34.77,13.506,89.154,2020-01-03 00:04:44
218,95.0,20.511,34.802,13.506,89.154,2020-01-03 00:04:44
219,105.0,19.516,34.822,13.506,89.154,2020-01-03 00:04:44
220,116.0,18.67,34.844,13.506,89.154,2020-01-03 00:04:44
221,125.0,17.892,34.872,13.506,89.154,2020-01-03 00:04:44
222,135.0,16.786,34.9,13.506,89.154,2020-01-03 00:04:44
223,145.0,15.923,34.931,13.506,89.154,2020-01-03 00:04:44
224,155.0,15.257,34.947,13.506,89.154,2020-01-03 00:04:44
225,166.0,14.678,34.963,13.506,89.154,2020-01-03 00:04:44
226,175.0,14.282,34.973,13.506,89.154,2020-01-03 00:04:44
227,185.0,13.844,34.987,13.506,89.154,2020-01-03 00:04:44
228,196.0,13.357,34.998,13.506,89.154,2020-01-03 00:04:44
229,213.0,12.83,35.012,13.506,89.154,2020-01-03 00:04:44
230,238.0,12.277,35.038,13.506,89.154,2020-01-03 00:04:44
231,263.0,11.949,35.046,13.506,89.154,2020-01-03 00:04:44
232,288.0,11.681,35.05,13.506,89.154,2020-01-03 00:04:44
233,313.0,11.397,35.05,13.506,89.154,2020-01-03 00:04:44
234,339.0,11.136,35.052,13.506,89.154,2020-01-03 00:04:44
235,363.0,10.935,35.051,13.506,89.154,2020-01-03 00:04:44
236,388.0,10.771,35.051,13.506,89.154,2020-01-03 00:04:44
237,413.0,10.619,35.051,13.506,89.154,2020-01-03 00:04:44
238,438.0,10.5,35.049,13.506,89.154,2020-01-03 00:04:44
239,463.0,10.362,35.049,13.506,89.154,2020-01-03 00:04:44
240,488.0,10.229,35.048,13.506,89.154,2020-01-03 00:04:44
241,513.0,10.065,35.047,13.506,89.154,2020-01-03 00:04:44
242,538.0,9.891,35.044,13.506,89.154,2020-01-03 00:04:44
243,563.0,9.702,35.04,13.506,89.154,2020-01-03 00:04:44
244,588.0,9.515,35.036,13.506,89.154,2020-01-03 00:04:44
245,614.0,9.292,35.032,13.506,89.154,2020-01-03 00:04:44
246,638.0,9.118,35.028,13.506,89.154,2020-01-03 00:04:44
247,663.0,8.946,35.023,13.506,89.154,2020-01-03 00:04:44
248,688.0,8.828,35.02,13.506,89.154,2020-01-03 00:04:44
249,713.0,8.675,35.016,13.506,89.154,2020-01-03 00:04:44
250,738.0,8.53,35.012,13.506,89.154,2020-01-03 00:04:44
251,763.0,8.37,35.008,13.506,89.154,2020-01-03 00:04:44
252,788.0,8.223,35.004,13.506,89.154,2020-01-03 00:04:44
253,813.0,8.07,34.999,13.506,89.154,2020-01-03 00:04:44
254,838.0,7.889,34.993,13.506,89.154,2020-01-03 00:04:44
255,864.0,7.749,34.989,13.506,89.154,2020-01-03 00:04:44
256,888.0,7.61,34.983,13.506,89.154,2020-01-03 00:04:44
257,913.0,7.432,34.977,13.506,89.154,2020-01-03 00:04:44
258,938.0,7.288,34.972,13.506,89.154,2020-01-03 00:04:44
259,963.0,7.137,34.967,13.506,89.154,2020-01-03 00:04:44
260,988.0,6.989,34.963,13.506,89.154,2020-01-03 00:04:44
261,1013.0,6.856,34.959,13.506,89.154,2020-01-03 00:04:44
262,1038.0,6.712,34.953,13.506,89.154,2020-01-03 00:04:44
263,1063.0,6.554,34.946,13.506,89.154,2020-01-03 00:04:44
264,1088.0,6.414,34.94,13.506,89.154,2020-01-03 00:04:44
265,1114.0,6.29,34.936,13.506,89.154,2020-01-03 00:04:44
266,1138.0,6.183,34.931,13.506,89.154,2020-01-03 00:04:44
267,1162.0,6.088,34.927,13.506,89.154,2020-01-03 00:04:44
268,1187.0,6.006,34.924,13.506,89.154,2020-01-03 00:04:44
269,1213.0,5.9,34.92,13.506,89.154,2020-01-03 00:04:44
270,1238.0,5.758,34.915,13.506,89.154,2020-01-03 00:04:44
271,1263.0,5.641,34.91,13.506,89.154,2020-01-03 00:04:44
272,1288.0,5.533,34.906,13.506,89.154,2020-01-03 00:04:44
273,1313.0,5.4,34.901,13.506,89.154,2020-01-03 00:04:44
274,1338.0,5.27,34.896,13.506,89.154,2020-01-03 00:04:44
275,1363.0,5.149,34.891,13.506,89.154,2020-01-03 00:04:44
276,1388.0,5.045,34.888,13.506,89.154,2020-01-03 00:04:44
277,1415.0,4.957,34.884,13.506,89.154,2020-01-03 00:04:44
278,1438.0,4.838,34.88,13.506,89.154,2020-01-03 00:04:44
279,1463.0,4.724,34.876,13.506,89.154,2020-01-03 00:04:44
280,1488.0,4.617,34.872,13.506,89.154,2020-01-03 00:04:44
281,1513.0,4.513,34.868,13.506,89.154,2020-01-03 00:04:44
282,1538.0,4.404,34.863,13.506,89.154,2020-01-03 00:04:44
283,1563.0,4.287,34.859,13.506,89.154,2020-01-03 00:04:44
284,1588.0,4.113,34.851,13.506,89.154,2020-01-03 00:04:44
285,1613.0,3.983,34.846,13.506,89.154,2020-01-03 00:04:44
286,1638.0,3.865,34.841,13.506,89.154,2020-01-03 00:04:44
287,1663.0,3.778,34.838,13.506,89.154,2020-01-03 00:04:44
288,1688.0,3.682,34.834,13.506,89.154,2020-01-03 00:04:44
289,1713.0,3.599,34.831,13.506,89.154,2020-01-03 00:04:44
290,1738.0,3.516,34.827,13.506,89.154,2020-01-03 00:04:44
291,1763.0,3.433,34.824,13.506,89.154,2020-01-03 00:04:44
292,1788.0,3.351,34.821,13.506,89.154,2020-01-03 00:04:44
293,1813.0,3.278,34.817,13.506,89.154,2020-01-03 00:04:44
294,1838.0,3.205,34.814,13.506,89.154,2020-01-03 00:04:44
295,1863.0,3.137,34.812,13.506,89.154,2020-01-03 00:04:44
296,1888.0,3.072,34.809,13.506,89.154,2020-01-03 00:04:44
297,1913.0,3.013,34.806,13.506,89.154,2020-01-03 00:04:44
298,1938.0,2.951,34.804,13.506,89.154,2020-01-03 00:04:44
299,1964.0,2.891,34.801,13.506,89.154,2020-01-03 00:04:44
300,0.2,27.829,33.549,12.783333333333331,85.23333333333333,2020-01-03 04:11:58
301,0.9,27.829,33.547,12.783333333333331,85.23333333333333,2020-01-03 04:11:58
302,1.9,27.825,33.548,12.783333333333331,85.23333333333333,2020-01-03 04:11:58
303,2.8,27.822,33.549,12.783333333333331,85.23333333333333,2020-01-03 04:11:58
304,3.7,27.819,33.551,12.783333333333331,85.23333333333333,2020-01-03 04:11:58
305,4.9,27.82,33.552,12.783333333333331,85.23333333333333,2020-01-03 04:11:58
306,6.3,27.82,33.553,12.783333333333331,85.23333333333333,2020-01-03 04:11:58
307,7.3,27.818,33.553,12.783333333333331,85.23333333333333,2020-01-03 04:11:58
308,8.3,27.811,33.552,12.783333333333331,85.23333333333333,2020-01-03 04:11:58
309,9.4,27.81,33.552,12.783333333333331,85.23333333333333,2020-01-03 04:11:58
310,10.4,27.814,33.551,12.783333333333331,85.23333333333333,2020-01-03 04:11:58
311,11.4,27.807,33.552,12.783333333333331,85.23333333333333,2020-01-03 04:11:58
312,12.5,27.807,33.552,12.783333333333331,85.23333333333333,2020-01-03 04:11:58
313,13.5,27.807,33.554,12.783333333333331,85.23333333333333,2020-01-03 04:11:58
314,14.5,27.808,33.559,12.783333333333331,85.23333333333333,2020-01-03 04:11:58
315,15.6,27.811,33.559,12.783333333333331,85.23333333333333,2020-01-03 04:11:58
316,16.7,27.808,33.561,12.783333333333331,85.23333333333333,2020-01-03 04:11:58
317,17.8,27.81,33.558,12.783333333333331,85.23333333333333,2020-01-03 04:11:58
318,18.8,27.818,33.566,12.783333333333331,85.23333333333333,2020-01-03 04:11:58
319,19.9,27.834,33.576,12.783333333333331,85.23333333333333,2020-01-03 04:11:58
320,20.9,27.85,33.583,12.783333333333331,85.23333333333333,2020-01-03 04:11:58
321,23.0,27.904,33.626,12.783333333333331,85.23333333333333,2020-01-03 04:11:58
322,24.1,27.931,33.648,12.783333333333331,85.23333333333333,2020-01-03 04:11:58
323,24.8,27.951,33.659,12.783333333333331,85.23333333333333,2020-01-03 04:11:58
324,25.9,27.957,33.671,12.783333333333331,85.23333333333333,2020-01-03 04:11:58
325,27.0,27.96,33.676,12.783333333333331,85.23333333333333,2020-01-03 04:11:58
326,27.8,27.969,33.685,12.783333333333331,85.23333333333333,2020-01-03 04:11:58
327,29.0,27.969,33.7,12.783333333333331,85.23333333333333,2020-01-03 04:11:58
328,30.3,27.969,33.713,12.783333333333331,85.23333333333333,2020-01-03 04:11:58
329,31.1,27.958,33.716,12.783333333333331,85.23333333333333,2020-01-03 04:11:58
330,32.0,27.952,33.718,12.783333333333331,85.23333333333333,2020-01-03 04:11:58
331,32.8,27.949,33.722,12.783333333333331,85.23333333333333,2020-01-03 04:11:58
332,33.7,27.952,33.721,12.783333333333331,85.23333333333333,2020-01-03 04:11:58
333,34.9,27.95,33.725,12.783333333333331,85.23333333333333,2020-01-03 04:11:58
334,36.3,27.946,33.723,12.783333333333331,85.23333333333333,2020-01-03 04:11:58
335,37.1,27.943,33.725,12.783333333333331,85.23333333333333,2020-01-03 04:11:58
336,38.0,27.942,33.727,12.783333333333331,85.23333333333333,2020-01-03 04:11:58
337,38.8,27.941,33.729,12.783333333333331,85.23333333333333,2020-01-03 04:11:58
338,39.7,27.938,33.732,12.783333333333331,85.23333333333333,2020-01-03 04:11:58
339,40.6,27.938,33.733,12.783333333333331,85.23333333333333,2020-01-03 04:11:58
340,41.9,27.935,33.736,12.783333333333331,85.23333333333333,2020-01-03 04:11:58
341,43.2,27.936,33.737,12.783333333333331,85.23333333333333,2020-01-03 04:11:58
342,44.1,27.937,33.738,12.783333333333331,85.23333333333333,2020-01-03 04:11:58
343,44.9,27.939,33.739,12.783333333333331,85.23333333333333,2020-01-03 04:11:58
344,45.7,27.938,33.741,12.783333333333331,85.23333333333333,2020-01-03 04:11:58
345,47.0,27.938,33.742,12.783333333333331,85.23333333333333,2020-01-03 04:11:58
346,48.2,27.94,33.743,12.783333333333331,85.23333333333333,2020-01-03 04:11:58
347,49.0,27.938,33.747,12.783333333333331,85.23333333333333,2020-01-03 04:11:58
348,49.8,27.94,33.749,12.783333333333331,85.23333333333333,2020-01-03 04:11:58
349,51.0,27.94,33.753,12.783333333333331,85.23333333333333,2020-01-03 04:11:58
350,52.1,27.941,33.755,12.783333333333331,85.23333333333333,2020-01-03 04:11:58
351,52.9,27.943,33.755,12.783333333333331,85.23333333333333,2020-01-03 04:11:58
352,53.7,27.943,33.757,12.783333333333331,85.23333333333333,2020-01-03 04:11:58
353,55.0,27.944,33.756,12.783333333333331,85.23333333333333,2020-01-03 04:11:58
354,56.2,27.947,33.757,12.783333333333331,85.23333333333333,2020-01-03 04:11:58
355,56.9,27.946,33.758,12.783333333333331,85.23333333333333,2020-01-03 04:11:58
356,57.7,27.946,33.757,12.783333333333331,85.23333333333333,2020-01-03 04:11:58
357,58.9,27.948,33.758,12.783333333333331,85.23333333333333,2020-01-03 04:11:58
358,60.1,27.948,33.759,12.783333333333331,85.23333333333333,2020-01-03 04:11:58
359,60.9,27.948,33.759,12.783333333333331,85.23333333333333,2020-01-03 04:11:58
360,61.7,27.947,33.759,12.783333333333331,85.23333333333333,2020-01-03 04:11:58
361,62.9,27.957,33.764,12.783333333333331,85.23333333333333,2020-01-03 04:11:58
362,64.2,27.97,33.771,12.783333333333331,85.23333333333333,2020-01-03 04:11:58
363,65.0,27.976,33.78,12.783333333333331,85.23333333333333,2020-01-03 04:11:58
364,65.8,27.982,33.785,12.783333333333331,85.23333333333333,2020-01-03 04:11:58
365,67.0,27.99,33.801,12.783333333333331,85.23333333333333,2020-01-03 04:11:58
366,68.1,28.011,33.826,12.783333333333331,85.23333333333333,2020-01-03 04:11:58
367,68.9,28.0,33.833,12.783333333333331,85.23333333333333,2020-01-03 04:11:58
368,69.7,27.978,33.881,12.783333333333331,85.23333333333333,2020-01-03 04:11:58
369,71.6,28.087,34.706,12.783333333333331,85.23333333333333,2020-01-03 04:11:58
370,72.9,27.902,34.729,12.783333333333331,85.23333333333333,2020-01-03 04:11:58
371,74.1,27.932,34.755,12.783333333333331,85.23333333333333,2020-01-03 04:11:58
372,75.0,27.88,34.762,12.783333333333331,85.23333333333333,2020-01-03 04:11:58
373,75.8,27.81,34.798,12.783333333333331,85.23333333333333,2020-01-03 04:11:58
374,76.6,27.627,34.781,12.783333333333331,85.23333333333333,2020-01-03 04:11:58
375,77.9,27.497,34.819,12.783333333333331,85.23333333333333,2020-01-03 04:11:58
376,79.2,27.21,34.849,12.783333333333331,85.23333333333333,2020-01-03 04:11:58
377,80.0,27.017,34.823,12.783333333333331,85.23333333333333,2020-01-03 04:11:58
378,81.4,26.646,34.806,12.783333333333331,85.23333333333333,2020-01-03 04:11:58
379,82.0,26.435,34.813,12.783333333333331,85.23333333333333,2020-01-03 04:11:58
380,83.1,26.113,34.801,12.783333333333331,85.23333333333333,2020-01-03 04:11:58
381,83.9,25.99,34.794,12.783333333333331,85.23333333333333,2020-01-03 04:11:58
382,84.7,25.755,34.769,12.783333333333331,85.23333333333333,2020-01-03 04:11:58
383,86.0,25.101,34.732,12.783333333333331,85.23333333333333,2020-01-03 04:11:58
384,87.1,24.802,34.706,12.783333333333331,85.23333333333333,2020-01-03 04:11:58
385,88.4,24.481,34.754,12.783333333333331,85.23333333333333,2020-01-03 04:11:58
386,88.9,24.518,34.839,12.783333333333331,85.23333333333333,2020-01-03 04:11:58
387,89.7,24.434,34.853,12.783333333333331,85.23333333333333,2020-01-03 04:11:58
388,91.0,24.271,34.836,12.783333333333331,85.23333333333333,2020-01-03 04:11:58
389,91.9,24.071,34.818,12.783333333333331,85.23333333333333,2020-01-03 04:11:58
390,92.8,23.886,34.796,12.783333333333331,85.23333333333333,2020-01-03 04:11:58
391,93.9,23.721,34.78,12.783333333333331,85.23333333333333,2020-01-03 04:11:58
392,95.0,23.559,34.774,12.783333333333331,85.23333333333333,2020-01-03 04:11:58
393,96.1,23.523,34.768,12.783333333333331,85.23333333333333,2020-01-03 04:11:58
394,96.8,23.391,34.767,12.783333333333331,85.23333333333333,2020-01-03 04:11:58
395,97.8,23.273,34.761,12.783333333333331,85.23333333333333,2020-01-03 04:11:58
396,98.9,23.148,34.766,12.783333333333331,85.23333333333333,2020-01-03 04:11:58
397,99.7,23.017,34.77,12.783333333333331,85.23333333333333,2020-01-03 04:11:58
398,100.9,22.834,34.783,12.783333333333331,85.23333333333333,2020-01-03 04:11:58
399,102.1,22.591,34.8,12.783333333333331,85.23333333333333,2020-01-03 04:11:58
400,102.9,22.525,34.807,12.783333333333331,85.23333333333333,2020-01-03 04:11:58
401,103.8,22.448,34.835,12.783333333333331,85.23333333333333,2020-01-03 04:11:58
402,104.7,22.456,34.879,12.783333333333331,85.23333333333333,2020-01-03 04:11:58
403,105.9,22.297,34.91,12.783333333333331,85.23333333333333,2020-01-03 04:11:58
404,107.1,22.151,34.914,12.783333333333331,85.23333333333333,2020-01-03 04:11:58
405,107.9,22.048,34.932,12.783333333333331,85.23333333333333,2020-01-03 04:11:58
406,108.7,21.835,34.928,12.783333333333331,85.23333333333333,2020-01-03 04:11:58
407,109.6,21.761,34.927,12.783333333333331,85.23333333333333,2020-01-03 04:11:58
408,110.6,21.587,34.915,12.783333333333331,85.23333333333333,2020-01-03 04:11:58
409,111.5,21.39,34.895,12.783333333333331,85.23333333333333,2020-01-03 04:11:58
410,112.9,21.24,34.9,12.783333333333331,85.23333333333333,2020-01-03 04:11:58
411,114.3,21.147,34.9,12.783333333333331,85.23333333333333,2020-01-03 04:11:58
412,116.0,20.957,34.901,12.783333333333331,85.23333333333333,2020-01-03 04:11:58
413,116.9,20.909,34.9,12.783333333333331,85.23333333333333,2020-01-03 04:11:58
414,117.9,20.852,34.907,12.783333333333331,85.23333333333333,2020-01-03 04:11:58
415,118.9,20.589,34.896,12.783333333333331,85.23333333333333,2020-01-03 04:11:58
416,120.0,20.503,34.914,12.783333333333331,85.23333333333333,2020-01-03 04:11:58
417,121.0,20.359,34.92,12.783333333333331,85.23333333333333,2020-01-03 04:11:58
418,122.2,20.082,34.921,12.783333333333331,85.23333333333333,2020-01-03 04:11:58
419,122.9,19.999,34.919,12.783333333333331,85.23333333333333,2020-01-03 04:11:58
420,124.0,19.958,34.916,12.783333333333331,85.23333333333333,2020-01-03 04:11:58
421,125.2,19.906,34.918,12.783333333333331,85.23333333333333,2020-01-03 04:11:58
422,126.0,19.775,34.907,12.783333333333331,85.23333333333333,2020-01-03 04:11:58
423,126.8,19.754,34.904,12.783333333333331,85.23333333333333,2020-01-03 04:11:58
424,127.7,19.67,34.908,12.783333333333331,85.23333333333333,2020-01-03 04:11:58
425,128.9,19.58,34.901,12.783333333333331,85.23333333333333,2020-01-03 04:11:58
426,130.2,19.535,34.905,12.783333333333331,85.23333333333333,2020-01-03 04:11:58
427,131.0,19.436,34.91,12.783333333333331,85.23333333333333,2020-01-03 04:11:58
428,131.9,19.382,34.907,12.783333333333331,85.23333333333333,2020-01-03 04:11:58
429,132.7,19.316,34.907,12.783333333333331,85.23333333333333,2020-01-03 04:11:58
430,133.9,19.266,34.898,12.783333333333331,85.23333333333333,2020-01-03 04:11:58
431,135.2,19.156,34.896,12.783333333333331,85.23333333333333,2020-01-03 04:11:58
432,136.1,18.928,34.899,12.783333333333331,85.23333333333333,2020-01-03 04:11:58
433,137.1,18.65,34.911,12.783333333333331,85.23333333333333,2020-01-03 04:11:58
434,138.0,18.431,34.908,12.783333333333331,85.23333333333333,2020-01-03 04:11:58
435,139.0,18.232,34.92,12.783333333333331,85.23333333333333,2020-01-03 04:11:58
436,140.0,18.141,34.901,12.783333333333331,85.23333333333333,2020-01-03 04:11:58
437,141.0,18.119,34.9,12.783333333333331,85.23333333333333,2020-01-03 04:11:58
438,142.0,17.969,34.911,12.783333333333331,85.23333333333333,2020-01-03 04:11:58
439,143.0,17.818,34.909,12.783333333333331,85.23333333333333,2020-01-03 04:11:58
440,143.9,17.761,34.907,12.783333333333331,85.23333333333333,2020-01-03 04:11:58
441,146.0,17.694,34.906,12.783333333333331,85.23333333333333,2020-01-03 04:11:58
442,147.0,17.604,34.906,12.783333333333331,85.23333333333333,2020-01-03 04:11:58
443,148.0,17.532,34.907,12.783333333333331,85.23333333333333,2020-01-03 04:11:58
444,149.2,17.388,34.906,12.783333333333331,85.23333333333333,2020-01-03 04:11:58
445,150.0,17.239,34.915,12.783333333333331,85.23333333333333,2020-01-03 04:11:58
446,150.8,17.234,34.907,12.783333333333331,85.23333333333333,2020-01-03 04:11:58
447,152.0,17.23,34.907,12.783333333333331,85.23333333333333,2020-01-03 04:11:58
448,153.1,17.231,34.905,12.783333333333331,85.23333333333333,2020-01-03 04:11:58
449,153.9,17.229,34.905,12.783333333333331,85.23333333333333,2020-01-03 04:11:58
450,154.7,17.22,34.901,12.783333333333331,85.23333333333333,2020-01-03 04:11:58
451,155.6,17.103,34.917,12.783333333333331,85.23333333333333,2020-01-03 04:11:58
452,156.9,16.98,34.915,12.783333333333331,85.23333333333333,2020-01-03 04:11:58
453,158.3,16.888,34.916,12.783333333333331,85.23333333333333,2020-01-03 04:11:58
454,159.2,16.766,34.922,12.783333333333331,85.23333333333333,2020-01-03 04:11:58
455,160.2,16.595,34.921,12.783333333333331,85.23333333333333,2020-01-03 04:11:58
456,161.1,16.548,34.919,12.783333333333331,85.23333333333333,2020-01-03 04:11:58
457,162.1,16.536,34.921,12.783333333333331,85.23333333333333,2020-01-03 04:11:58
458,163.1,16.522,34.924,12.783333333333331,85.23333333333333,2020-01-03 04:11:58
459,164.1,16.478,34.933,12.783333333333331,85.23333333333333,2020-01-03 04:11:58
460,165.0,16.359,34.938,12.783333333333331,85.23333333333333,2020-01-03 04:11:58
461,166.0,16.294,34.935,12.783333333333331,85.23333333333333,2020-01-03 04:11:58
462,167.0,16.215,34.94,12.783333333333331,85.23333333333333,2020-01-03 04:11:58
463,168.0,16.172,34.935,12.783333333333331,85.23333333333333,2020-01-03 04:11:58
464,169.0,16.129,34.939,12.783333333333331,85.23333333333333,2020-01-03 04:11:58
465,170.0,16.017,34.939,12.783333333333331,85.23333333333333,2020-01-03 04:11:58
466,171.1,15.914,34.941,12.783333333333331,85.23333333333333,2020-01-03 04:11:58
467,172.2,15.824,34.942,12.783333333333331,85.23333333333333,2020-01-03 04:11:58
468,173.3,15.692,34.951,12.783333333333331,85.23333333333333,2020-01-03 04:11:58
469,174.3,15.662,34.948,12.783333333333331,85.23333333333333,2020-01-03 04:11:58
470,175.4,15.633,34.952,12.783333333333331,85.23333333333333,2020-01-03 04:11:58
471,176.5,15.593,34.954,12.783333333333331,85.23333333333333,2020-01-03 04:11:58
472,177.5,15.55,34.955,12.783333333333331,85.23333333333333,2020-01-03 04:11:58
473,178.6,15.53,34.959,12.783333333333331,85.23333333333333,2020-01-03 04:11:58
474,179.7,15.525,34.959,12.783333333333331,85.23333333333333,2020-01-03 04:11:58
475,180.8,15.502,34.961,12.783333333333331,85.23333333333333,2020-01-03 04:11:58
476,181.8,15.464,34.959,12.783333333333331,85.23333333333333,2020-01-03 04:11:58
477,182.9,15.438,34.955,12.783333333333331,85.23333333333333,2020-01-03 04:11:58
478,183.9,15.428,34.952,12.783333333333331,85.23333333333333,2020-01-03 04:11:58
479,184.9,15.396,34.954,12.783333333333331,85.23333333333333,2020-01-03 04:11:58
480,186.0,15.29,34.958,12.783333333333331,85.23333333333333,2020-01-03 04:11:58
481,187.0,15.185,34.961,12.783333333333331,85.23333333333333,2020-01-03 04:11:58
482,188.0,15.141,34.958,12.783333333333331,85.23333333333333,2020-01-03 04:11:58
483,189.0,15.117,34.958,12.783333333333331,85.23333333333333,2020-01-03 04:11:58
484,190.9,15.011,34.963,12.783333333333331,85.23333333333333,2020-01-03 04:11:58
485,191.9,14.925,34.967,12.783333333333331,85.23333333333333,2020-01-03 04:11:58
486,193.1,14.892,34.968,12.783333333333331,85.23333333333333,2020-01-03 04:11:58
487,193.8,14.833,34.97,12.783333333333331,85.23333333333333,2020-01-03 04:11:58
488,194.9,14.791,34.97,12.783333333333331,85.23333333333333,2020-01-03 04:11:58
489,196.1,14.68,34.985,12.783333333333331,85.23333333333333,2020-01-03 04:11:58
490,196.9,14.645,34.982,12.783333333333331,85.23333333333333,2020-01-03 04:11:58
491,197.7,14.6,34.982,12.783333333333331,85.23333333333333,2020-01-03 04:11:58
492,198.9,14.523,34.981,12.783333333333331,85.23333333333333,2020-01-03 04:11:58
493,200.1,14.499,34.98,12.783333333333331,85.23333333333333,2020-01-03 04:11:58
494,212.6,13.947,34.996,12.783333333333331,85.23333333333333,2020-01-03 04:11:58
495,237.5,13.065,35.015,12.783333333333331,85.23333333333333,2020-01-03 04:11:58
496,263.1,12.45,35.028,12.783333333333331,85.23333333333333,2020-01-03 04:11:58
497,288.1,12.008,35.041,12.783333333333331,85.23333333333333,2020-01-03 04:11:58
498,313.1,11.574,35.045,12.783333333333331,85.23333333333333,2020-01-03 04:11:58
499,338.7,11.23,35.048,12.783333333333331,85.23333333333333,2020-01-03 04:11:58
500,362.9,10.981,35.048,12.783333333333331,85.23333333333333,2020-01-03 04:11:58
501,387.7,10.737,35.048,12.783333333333331,85.23333333333333,2020-01-03 04:11:58
502,412.5,10.499,35.047,12.783333333333331,85.23333333333333,2020-01-03 04:11:58
503,437.9,10.273,35.047,12.783333333333331,85.23333333333333,2020-01-03 04:11:58
504,463.1,10.037,35.043,12.783333333333331,85.23333333333333,2020-01-03 04:11:58
505,488.7,9.845,35.043,12.783333333333331,85.23333333333333,2020-01-03 04:11:58
506,512.6,9.682,35.044,12.783333333333331,85.23333333333333,2020-01-03 04:11:58
507,537.9,9.466,35.033,12.783333333333331,85.23333333333333,2020-01-03 04:11:58
508,563.3,9.294,35.029,12.783333333333331,85.23333333333333,2020-01-03 04:11:58
509,587.9,9.121,35.024,12.783333333333331,85.23333333333333,2020-01-03 04:11:58
510,612.8,8.909,35.018,12.783333333333331,85.23333333333333,2020-01-03 04:11:58
511,637.8,8.728,35.014,12.783333333333331,85.23333333333333,2020-01-03 04:11:58
512,662.8,8.576,35.01,12.783333333333331,85.23333333333333,2020-01-03 04:11:58
513,688.0,8.398,35.003,12.783333333333331,85.23333333333333,2020-01-03 04:11:58
514,713.2,8.252,34.999,12.783333333333331,85.23333333333333,2020-01-03 04:11:58
515,737.8,8.066,34.991,12.783333333333331,85.23333333333333,2020-01-03 04:11:58
516,763.3,7.883,34.986,12.783333333333331,85.23333333333333,2020-01-03 04:11:58
517,788.0,7.738,34.981,12.783333333333331,85.23333333333333,2020-01-03 04:11:58
518,812.9,7.594,34.976,12.783333333333331,85.23333333333333,2020-01-03 04:11:58
519,837.7,7.477,34.973,12.783333333333331,85.23333333333333,2020-01-03 04:11:58
520,862.7,7.351,34.969,12.783333333333331,85.23333333333333,2020-01-03 04:11:58
521,887.9,7.211,34.965,12.783333333333331,85.23333333333333,2020-01-03 04:11:58
522,913.1,7.082,34.961,12.783333333333331,85.23333333333333,2020-01-03 04:11:58
523,937.7,6.921,34.955,12.783333333333331,85.23333333333333,2020-01-03 04:11:58
524,962.7,6.785,34.951,12.783333333333331,85.23333333333333,2020-01-03 04:11:58
525,987.5,6.642,34.946,12.783333333333331,85.23333333333333,2020-01-03 04:11:58
526,1012.8,6.499,34.939,12.783333333333331,85.23333333333333,2020-01-03 04:11:58
527,1037.9,6.361,34.935,12.783333333333331,85.23333333333333,2020-01-03 04:11:58
528,1062.5,6.228,34.929,12.783333333333331,85.23333333333333,2020-01-03 04:11:58
529,1087.9,6.097,34.924,12.783333333333331,85.23333333333333,2020-01-03 04:11:58
530,1113.3,5.979,34.919,12.783333333333331,85.23333333333333,2020-01-03 04:11:58
531,1138.2,5.869,34.914,12.783333333333331,85.23333333333333,2020-01-03 04:11:58
532,1162.7,5.759,34.91,12.783333333333331,85.23333333333333,2020-01-03 04:11:58
533,1187.5,5.655,34.906,12.783333333333331,85.23333333333333,2020-01-03 04:11:58
534,1212.7,5.552,34.902,12.783333333333331,85.23333333333333,2020-01-03 04:11:58
535,1237.2,5.447,34.899,12.783333333333331,85.23333333333333,2020-01-03 04:11:58
536,1262.6,5.372,34.895,12.783333333333331,85.23333333333333,2020-01-03 04:11:58
537,1288.0,5.269,34.89,12.783333333333331,85.23333333333333,2020-01-03 04:11:58
538,1313.0,5.194,34.888,12.783333333333331,85.23333333333333,2020-01-03 04:11:58
539,1337.9,5.119,34.885,12.783333333333331,85.23333333333333,2020-01-03 04:11:58
540,1362.7,5.051,34.883,12.783333333333331,85.23333333333333,2020-01-03 04:11:58
541,1387.3,4.956,34.879,12.783333333333331,85.23333333333333,2020-01-03 04:11:58
542,1412.4,4.852,34.875,12.783333333333331,85.23333333333333,2020-01-03 04:11:58
543,1437.5,4.748,34.871,12.783333333333331,85.23333333333333,2020-01-03 04:11:58
544,1462.6,4.643,34.867,12.783333333333331,85.23333333333333,2020-01-03 04:11:58
545,1487.8,4.524,34.862,12.783333333333331,85.23333333333333,2020-01-03 04:11:58
546,1512.7,4.418,34.858,12.783333333333331,85.23333333333333,2020-01-03 04:11:58
547,1537.8,4.304,34.854,12.783333333333331,85.23333333333333,2020-01-03 04:11:58
548,1562.8,4.173,34.849,12.783333333333331,85.23333333333333,2020-01-03 04:11:58
549,1587.5,4.068,34.844,12.783333333333331,85.23333333333333,2020-01-03 04:11:58
550,1613.5,3.973,34.841,12.783333333333331,85.23333333333333,2020-01-03 04:11:58
551,1638.0,3.812,34.834,12.783333333333331,85.23333333333333,2020-01-03 04:11:58
552,1662.6,3.676,34.828,12.783333333333331,85.23333333333333,2020-01-03 04:11:58
553,1687.5,3.546,34.823,12.783333333333331,85.23333333333333,2020-01-03 04:11:58
554,1712.8,3.452,34.819,12.783333333333331,85.23333333333333,2020-01-03 04:11:58
555,1738.7,3.353,34.815,12.783333333333331,85.23333333333333,2020-01-03 04:11:58
556,1762.5,3.276,34.811,12.783333333333331,85.23333333333333,2020-01-03 04:11:58
557,1787.7,3.177,34.807,12.783333333333331,85.23333333333333,2020-01-03 04:11:58
558,1813.1,3.118,34.805,12.783333333333331,85.23333333333333,2020-01-03 04:11:58
559,1837.7,3.058,34.802,12.783333333333331,85.23333333333333,2020-01-03 04:11:58
560,1862.6,2.996,34.799,12.783333333333331,85.23333333333333,2020-01-03 04:11:58
561,1888.1,2.943,34.797,12.783333333333331,85.23333333333333,2020-01-03 04:11:58
562,1912.8,2.891,34.794,12.783333333333331,85.23333333333333,2020-01-03 04:11:58
563,1937.7,2.834,34.792,12.783333333333331,85.23333333333333,2020-01-03 04:11:58
564,1963.0,2.786,34.79,12.783333333333331,85.23333333333333,2020-01-03 04:11:58
565,1988.0,2.727,34.787,12.783333333333331,85.23333333333333,2020-01-03 04:11:58
566,0.4,28.503,38.342,10.766666666666667,85.53333333333333,2020-01-04 04:06:04
567,1.0,28.502,38.326,10.766666666666667,85.53333333333333,2020-01-04 04:06:04
568,1.9,28.497,38.337,10.766666666666667,85.53333333333333,2020-01-04 04:06:04
569,3.0,28.494,38.343,10.766666666666667,85.53333333333333,2020-01-04 04:06:04
570,3.7,28.493,38.337,10.766666666666667,85.53333333333333,2020-01-04 04:06:04
571,4.9,28.485,38.302,10.766666666666667,85.53333333333333,2020-01-04 04:06:04
572,6.2,28.479,38.308,10.766666666666667,85.53333333333333,2020-01-04 04:06:04
573,7.0,28.484,38.305,10.766666666666667,85.53333333333333,2020-01-04 04:06:04
574,7.9,28.48,38.311,10.766666666666667,85.53333333333333,2020-01-04 04:06:04
575,8.8,28.477,38.312,10.766666666666667,85.53333333333333,2020-01-04 04:06:04
576,9.8,28.479,38.311,10.766666666666667,85.53333333333333,2020-01-04 04:06:04
577,10.7,28.477,38.314,10.766666666666667,85.53333333333333,2020-01-04 04:06:04
578,11.7,28.478,38.314,10.766666666666667,85.53333333333333,2020-01-04 04:06:04
579,12.7,28.475,38.315,10.766666666666667,85.53333333333333,2020-01-04 04:06:04
580,13.7,28.476,38.314,10.766666666666667,85.53333333333333,2020-01-04 04:06:04
581,14.7,28.475,38.316,10.766666666666667,85.53333333333333,2020-01-04 04:06:04
582,15.7,28.477,38.314,10.766666666666667,85.53333333333333,2020-01-04 04:06:04
583,16.7,28.475,38.317,10.766666666666667,85.53333333333333,2020-01-04 04:06:04
584,17.8,28.477,38.316,10.766666666666667,85.53333333333333,2020-01-04 04:06:04
585,18.8,28.478,38.317,10.766666666666667,85.53333333333333,2020-01-04 04:06:04
586,19.8,28.474,38.319,10.766666666666667,85.53333333333333,2020-01-04 04:06:04
587,20.9,28.476,38.317,10.766666666666667,85.53333333333333,2020-01-04 04:06:04
588,21.9,28.476,38.32,10.766666666666667,85.53333333333333,2020-01-04 04:06:04
589,23.0,28.474,38.32,10.766666666666667,85.53333333333333,2020-01-04 04:06:04
590,24.0,28.477,38.319,10.766666666666667,85.53333333333333,2020-01-04 04:06:04
591,25.1,28.476,38.321,10.766666666666667,85.53333333333333,2020-01-04 04:06:04
592,26.1,28.478,38.319,10.766666666666667,85.53333333333333,2020-01-04 04:06:04
593,27.1,28.476,38.322,10.766666666666667,85.53333333333333,2020-01-04 04:06:04
594,28.1,28.479,38.32,10.766666666666667,85.53333333333333,2020-01-04 04:06:04
595,29.1,28.473,38.323,10.766666666666667,85.53333333333333,2020-01-04 04:06:04
596,30.1,28.475,38.322,10.766666666666667,85.53333333333333,2020-01-04 04:06:04
597,31.2,28.474,38.323,10.766666666666667,85.53333333333333,2020-01-04 04:06:04
598,32.2,28.474,38.324,10.766666666666667,85.53333333333333,2020-01-04 04:06:04
599,33.3,28.476,38.322,10.766666666666667,85.53333333333333,2020-01-04 04:06:04
600,34.3,28.475,38.324,10.766666666666667,85.53333333333333,2020-01-04 04:06:04
601,35.3,28.474,38.325,10.766666666666667,85.53333333333333,2020-01-04 04:06:04
602,36.4,28.477,38.324,10.766666666666667,85.53333333333333,2020-01-04 04:06:04
603,37.4,28.475,38.325,10.766666666666667,85.53333333333333,2020-01-04 04:06:04
604,38.3,28.478,38.324,10.766666666666667,85.53333333333333,2020-01-04 04:06:04
605,39.3,28.478,38.324,10.766666666666667,85.53333333333333,2020-01-04 04:06:04
606,40.3,28.478,38.325,10.766666666666667,85.53333333333333,2020-01-04 04:06:04
607,41.2,28.479,38.325,10.766666666666667,85.53333333333333,2020-01-04 04:06:04
608,42.2,28.479,38.326,10.766666666666667,85.53333333333333,2020-01-04 04:06:04
609,43.2,28.478,38.327,10.766666666666667,85.53333333333333,2020-01-04 04:06:04
610,44.2,28.479,38.327,10.766666666666667,85.53333333333333,2020-01-04 04:06:04
611,45.2,28.478,38.329,10.766666666666667,85.53333333333333,2020-01-04 04:06:04
612,46.2,28.479,38.328,10.766666666666667,85.53333333333333,2020-01-04 04:06:04
613,47.2,28.478,38.33,10.766666666666667,85.53333333333333,2020-01-04 04:06:04
614,48.2,28.476,38.332,10.766666666666667,85.53333333333333,2020-01-04 04:06:04
615,49.2,28.475,38.333,10.766666666666667,85.53333333333333,2020-01-04 04:06:04
616,50.3,28.474,38.333,10.766666666666667,85.53333333333333,2020-01-04 04:06:04
617,51.3,28.472,38.336,10.766666666666667,85.53333333333333,2020-01-04 04:06:04
618,52.3,28.471,38.337,10.766666666666667,85.53333333333333,2020-01-04 04:06:04
619,53.2,28.469,38.338,10.766666666666667,85.53333333333333,2020-01-04 04:06:04
620,54.1,28.465,38.341,10.766666666666667,85.53333333333333,2020-01-04 04:06:04
621,55.8,28.452,38.35,10.766666666666667,85.53333333333333,2020-01-04 04:06:04
622,56.8,28.45,38.351,10.766666666666667,85.53333333333333,2020-01-04 04:06:04
623,57.8,28.426,38.371,10.766666666666667,85.53333333333333,2020-01-04 04:06:04
624,58.7,28.421,38.376,10.766666666666667,85.53333333333333,2020-01-04 04:06:04
625,60.0,28.287,38.688,10.766666666666667,85.53333333333333,2020-01-04 04:06:04
626,61.2,27.991,39.142,10.766666666666667,85.53333333333333,2020-01-04 04:06:04
627,63.1,27.587,39.14,10.766666666666667,85.53333333333333,2020-01-04 04:06:04
628,64.0,27.486,39.144,10.766666666666667,85.53333333333333,2020-01-04 04:06:04
629,64.9,27.394,39.136,10.766666666666667,85.53333333333333,2020-01-04 04:06:04
630,65.9,27.294,39.143,10.766666666666667,85.53333333333333,2020-01-04 04:06:04
631,66.9,27.193,39.159,10.766666666666667,85.53333333333333,2020-01-04 04:06:04
632,67.9,27.031,39.192,10.766666666666667,85.53333333333333,2020-01-04 04:06:04
633,69.0,26.799,39.252,10.766666666666667,85.53333333333333,2020-01-04 04:06:04
634,71.0,26.609,39.41,10.766666666666667,85.53333333333333,2020-01-04 04:06:04
635,71.8,26.61,39.48,10.766666666666667,85.53333333333333,2020-01-04 04:06:04
636,72.9,26.391,39.565,10.766666666666667,85.53333333333333,2020-01-04 04:06:04
637,73.9,26.083,39.621,10.766666666666667,85.53333333333333,2020-01-04 04:06:04
638,74.9,25.647,39.599,10.766666666666667,85.53333333333333,2020-01-04 04:06:04
639,76.0,24.947,39.559,10.766666666666667,85.53333333333333,2020-01-04 04:06:04
640,76.8,24.673,39.57,10.766666666666667,85.53333333333333,2020-01-04 04:06:04
641,78.0,24.545,39.589,10.766666666666667,85.53333333333333,2020-01-04 04:06:04
642,79.3,24.281,39.614,10.766666666666667,85.53333333333333,2020-01-04 04:06:04
643,80.1,24.17,39.615,10.766666666666667,85.53333333333333,2020-01-04 04:06:04
644,80.9,24.107,39.625,10.766666666666667,85.53333333333333,2020-01-04 04:06:04
645,82.0,23.961,39.657,10.766666666666667,85.53333333333333,2020-01-04 04:06:04
646,83.2,23.913,39.692,10.766666666666667,85.53333333333333,2020-01-04 04:06:04
647,84.0,23.774,39.696,10.766666666666667,85.53333333333333,2020-01-04 04:06:04
648,84.8,23.493,39.676,10.766666666666667,85.53333333333333,2020-01-04 04:06:04
649,86.0,23.203,39.678,10.766666666666667,85.53333333333333,2020-01-04 04:06:04
650,88.0,22.762,39.762,10.766666666666667,85.53333333333333,2020-01-04 04:06:04
651,88.9,22.688,39.757,10.766666666666667,85.53333333333333,2020-01-04 04:06:04
652,90.0,22.621,39.759,10.766666666666667,85.53333333333333,2020-01-04 04:06:04
653,90.9,22.49,39.774,10.766666666666667,85.53333333333333,2020-01-04 04:06:04
654,92.0,22.386,39.785,10.766666666666667,85.53333333333333,2020-01-04 04:06:04
655,93.0,22.271,39.755,10.766666666666667,85.53333333333333,2020-01-04 04:06:04
656,94.1,22.189,39.761,10.766666666666667,85.53333333333333,2020-01-04 04:06:04
657,94.9,22.069,39.763,10.766666666666667,85.53333333333333,2020-01-04 04:06:04
658,95.7,21.87,39.781,10.766666666666667,85.53333333333333,2020-01-04 04:06:04
659,96.9,21.582,39.802,10.766666666666667,85.53333333333333,2020-01-04 04:06:04
660,98.3,21.397,39.824,10.766666666666667,85.53333333333333,2020-01-04 04:06:04
661,99.2,21.399,39.864,10.766666666666667,85.53333333333333,2020-01-04 04:06:04
662,100.1,21.417,39.91,10.766666666666667,85.53333333333333,2020-01-04 04:06:04
663,101.0,21.286,39.905,10.766666666666667,85.53333333333333,2020-01-04 04:06:04
664,101.9,21.136,39.899,10.766666666666667,85.53333333333333,2020-01-04 04:06:04
665,102.9,21.04,39.894,10.766666666666667,85.53333333333333,2020-01-04 04:06:04
666,103.9,20.789,39.915,10.766666666666667,85.53333333333333,2020-01-04 04:06:04
667,104.8,20.597,39.91,10.766666666666667,85.53333333333333,2020-01-04 04:06:04
668,105.8,20.383,39.913,10.766666666666667,85.53333333333333,2020-01-04 04:06:04
669,107.9,20.019,39.93,10.766666666666667,85.53333333333333,2020-01-04 04:06:04
670,109.1,19.86,39.932,10.766666666666667,85.53333333333333,2020-01-04 04:06:04
671,109.8,19.798,39.936,10.766666666666667,85.53333333333333,2020-01-04 04:06:04
672,110.9,19.633,39.951,10.766666666666667,85.53333333333333,2020-01-04 04:06:04
673,112.1,19.488,39.949,10.766666666666667,85.53333333333333,2020-01-04 04:06:04
674,112.8,19.434,39.968,10.766666666666667,85.53333333333333,2020-01-04 04:06:04
675,114.0,19.329,39.968,10.766666666666667,85.53333333333333,2020-01-04 04:06:04
676,115.2,19.218,39.973,10.766666666666667,85.53333333333333,2020-01-04 04:06:04
677,116.0,19.113,39.994,10.766666666666667,85.53333333333333,2020-01-04 04:06:04
678,116.9,19.027,40.006,10.766666666666667,85.53333333333333,2020-01-04 04:06:04
679,117.8,19.0,40.017,10.766666666666667,85.53333333333333,2020-01-04 04:06:04
680,118.7,18.995,40.014,10.766666666666667,85.53333333333333,2020-01-04 04:06:04
681,119.6,19.0,40.025,10.766666666666667,85.53333333333333,2020-01-04 04:06:04
682,120.9,18.985,40.021,10.766666666666667,85.53333333333333,2020-01-04 04:06:04
683,122.3,18.922,40.024,10.766666666666667,85.53333333333333,2020-01-04 04:06:04
684,123.2,18.807,40.031,10.766666666666667,85.53333333333333,2020-01-04 04:06:04
685,124.2,18.699,40.029,10.766666666666667,85.53333333333333,2020-01-04 04:06:04
686,125.2,18.597,40.027,10.766666666666667,85.53333333333333,2020-01-04 04:06:04
687,126.1,18.53,40.024,10.766666666666667,85.53333333333333,2020-01-04 04:06:04
688,127.1,18.488,40.022,10.766666666666667,85.53333333333333,2020-01-04 04:06:04
689,128.1,18.439,40.024,10.766666666666667,85.53333333333333,2020-01-04 04:06:04
690,129.2,18.408,40.026,10.766666666666667,85.53333333333333,2020-01-04 04:06:04
691,130.2,18.351,40.035,10.766666666666667,85.53333333333333,2020-01-04 04:06:04
692,131.2,18.269,40.061,10.766666666666667,85.53333333333333,2020-01-04 04:06:04
693,132.3,18.128,40.066,10.766666666666667,85.53333333333333,2020-01-04 04:06:04
694,133.3,18.045,40.065,10.766666666666667,85.53333333333333,2020-01-04 04:06:04
695,134.4,17.975,40.067,10.766666666666667,85.53333333333333,2020-01-04 04:06:04
696,135.4,17.913,40.064,10.766666666666667,85.53333333333333,2020-01-04 04:06:04
697,136.5,17.834,40.058,10.766666666666667,85.53333333333333,2020-01-04 04:06:04
698,137.5,17.699,40.049,10.766666666666667,85.53333333333333,2020-01-04 04:06:04
699,138.5,17.554,40.023,10.766666666666667,85.53333333333333,2020-01-04 04:06:04
700,140.3,17.473,40.031,10.766666666666667,85.53333333333333,2020-01-04 04:06:04
701,141.1,17.401,40.038,10.766666666666667,85.53333333333333,2020-01-04 04:06:04
702,141.8,17.41,40.048,10.766666666666667,85.53333333333333,2020-01-04 04:06:04
703,142.9,17.451,40.093,10.766666666666667,85.53333333333333,2020-01-04 04:06:04
704,144.0,17.357,40.097,10.766666666666667,85.53333333333333,2020-01-04 04:06:04
705,144.7,17.3,40.094,10.766666666666667,85.53333333333333,2020-01-04 04:06:04
706,145.8,17.179,40.095,10.766666666666667,85.53333333333333,2020-01-04 04:06:04
707,147.0,17.045,40.101,10.766666666666667,85.53333333333333,2020-01-04 04:06:04
708,147.8,16.952,40.1,10.766666666666667,85.53333333333333,2020-01-04 04:06:04
709,149.0,16.787,40.094,10.766666666666667,85.53333333333333,2020-01-04 04:06:04
710,150.2,16.662,40.078,10.766666666666667,85.53333333333333,2020-01-04 04:06:04
711,151.0,16.57,40.08,10.766666666666667,85.53333333333333,2020-01-04 04:06:04
712,151.8,16.485,40.078,10.766666666666667,85.53333333333333,2020-01-04 04:06:04
713,152.7,16.414,40.079,10.766666666666667,85.53333333333333,2020-01-04 04:06:04
714,153.9,16.355,40.101,10.766666666666667,85.53333333333333,2020-01-04 04:06:04
715,155.3,16.292,40.105,10.766666666666667,85.53333333333333,2020-01-04 04:06:04
716,156.2,16.264,40.103,10.766666666666667,85.53333333333333,2020-01-04 04:06:04
717,157.0,16.184,40.109,10.766666666666667,85.53333333333333,2020-01-04 04:06:04
718,157.9,16.142,40.108,10.766666666666667,85.53333333333333,2020-01-04 04:06:04
719,158.8,16.143,40.104,10.766666666666667,85.53333333333333,2020-01-04 04:06:04
720,159.7,16.135,40.099,10.766666666666667,85.53333333333333,2020-01-04 04:06:04
721,160.6,16.089,40.094,10.766666666666667,85.53333333333333,2020-01-04 04:06:04
722,161.9,16.016,40.095,10.766666666666667,85.53333333333333,2020-01-04 04:06:04
723,163.3,15.945,40.096,10.766666666666667,85.53333333333333,2020-01-04 04:06:04
724,164.2,15.866,40.1,10.766666666666667,85.53333333333333,2020-01-04 04:06:04
725,165.1,15.805,40.1,10.766666666666667,85.53333333333333,2020-01-04 04:06:04
726,166.0,15.761,40.095,10.766666666666667,85.53333333333333,2020-01-04 04:06:04
727,167.0,15.708,40.089,10.766666666666667,85.53333333333333,2020-01-04 04:06:04
728,167.9,15.684,40.076,10.766666666666667,85.53333333333333,2020-01-04 04:06:04
729,168.9,15.64,40.071,10.766666666666667,85.53333333333333,2020-01-04 04:06:04
730,169.8,15.523,40.081,10.766666666666667,85.53333333333333,2020-01-04 04:06:04
731,170.7,15.456,40.08,10.766666666666667,85.53333333333333,2020-01-04 04:06:04
732,171.7,15.411,40.074,10.766666666666667,85.53333333333333,2020-01-04 04:06:04
733,172.6,15.359,40.074,10.766666666666667,85.53333333333333,2020-01-04 04:06:04
734,173.6,15.302,40.069,10.766666666666667,85.53333333333333,2020-01-04 04:06:04
735,174.6,15.195,40.076,10.766666666666667,85.53333333333333,2020-01-04 04:06:04
736,175.6,15.086,40.08,10.766666666666667,85.53333333333333,2020-01-04 04:06:04
737,176.5,15.072,40.074,10.766666666666667,85.53333333333333,2020-01-04 04:06:04
738,177.5,15.047,40.079,10.766666666666667,85.53333333333333,2020-01-04 04:06:04
739,178.5,15.004,40.076,10.766666666666667,85.53333333333333,2020-01-04 04:06:04
740,179.5,15.007,40.067,10.766666666666667,85.53333333333333,2020-01-04 04:06:04
741,180.9,14.965,40.059,10.766666666666667,85.53333333333333,2020-01-04 04:06:04
742,182.4,14.939,40.052,10.766666666666667,85.53333333333333,2020-01-04 04:06:04
743,183.3,14.924,40.044,10.766666666666667,85.53333333333333,2020-01-04 04:06:04
744,184.3,14.866,40.041,10.766666666666667,85.53333333333333,2020-01-04 04:06:04
745,185.3,14.809,40.038,10.766666666666667,85.53333333333333,2020-01-04 04:06:04
746,186.2,14.761,40.04,10.766666666666667,85.53333333333333,2020-01-04 04:06:04
747,187.2,14.718,40.046,10.766666666666667,85.53333333333333,2020-01-04 04:06:04
748,188.1,14.689,40.045,10.766666666666667,85.53333333333333,2020-01-04 04:06:04
749,189.1,14.599,40.057,10.766666666666667,85.53333333333333,2020-01-04 04:06:04
750,190.1,14.527,39.981,10.766666666666667,85.53333333333333,2020-01-04 04:06:04
751,191.1,14.485,39.97,10.766666666666667,85.53333333333333,2020-01-04 04:06:04
752,192.0,14.479,40.062,10.766666666666667,85.53333333333333,2020-01-04 04:06:04
753,193.9,14.347,40.063,10.766666666666667,85.53333333333333,2020-01-04 04:06:04
754,195.1,14.276,40.066,10.766666666666667,85.53333333333333,2020-01-04 04:06:04
755,196.1,14.241,40.068,10.766666666666667,85.53333333333333,2020-01-04 04:06:04
756,197.0,14.219,40.062,10.766666666666667,85.53333333333333,2020-01-04 04:06:04
757,198.0,14.17,40.064,10.766666666666667,85.53333333333333,2020-01-04 04:06:04
758,199.0,14.093,40.069,10.766666666666667,85.53333333333333,2020-01-04 04:06:04
759,200.0,14.032,40.07,10.766666666666667,85.53333333333333,2020-01-04 04:06:04
760,212.4,13.495,40.116,10.766666666666667,85.53333333333333,2020-01-04 04:06:04
761,238.0,12.721,40.209,10.766666666666667,85.53333333333333,2020-01-04 04:06:04
762,262.9,12.179,40.172,10.766666666666667,85.53333333333333,2020-01-04 04:06:04
763,287.9,11.839,40.211,10.766666666666667,85.53333333333333,2020-01-04 04:06:04
764,313.1,11.514,40.287,10.766666666666667,85.53333333333333,2020-01-04 04:06:04
765,338.7,11.2,40.294,10.766666666666667,85.53333333333333,2020-01-04 04:06:04
766,363.0,10.958,40.305,10.766666666666667,85.53333333333333,2020-01-04 04:06:04
767,387.7,10.705,40.316,10.766666666666667,85.53333333333333,2020-01-04 04:06:04
768,412.6,10.505,40.36,10.766666666666667,85.53333333333333,2020-01-04 04:06:04
769,437.7,10.306,40.373,10.766666666666667,85.53333333333333,2020-01-04 04:06:04
770,462.9,10.125,40.379,10.766666666666667,85.53333333333333,2020-01-04 04:06:04
771,487.8,9.925,40.386,10.766666666666667,85.53333333333333,2020-01-04 04:06:04
772,512.6,9.711,40.394,10.766666666666667,85.53333333333333,2020-01-04 04:06:04
773,537.7,9.505,40.397,10.766666666666667,85.53333333333333,2020-01-04 04:06:04
774,563.1,9.294,40.346,10.766666666666667,85.53333333333333,2020-01-04 04:06:04
775,588.8,9.091,40.352,10.766666666666667,85.53333333333333,2020-01-04 04:06:04
776,613.0,8.903,40.351,10.766666666666667,85.53333333333333,2020-01-04 04:06:04
777,637.8,8.769,40.351,10.766666666666667,85.53333333333333,2020-01-04 04:06:04
778,662.8,8.658,40.352,10.766666666666667,85.53333333333333,2020-01-04 04:06:04
779,688.1,8.542,40.358,10.766666666666667,85.53333333333333,2020-01-04 04:06:04
780,712.9,8.406,40.364,10.766666666666667,85.53333333333333,2020-01-04 04:06:04
781,737.7,8.243,40.368,10.766666666666667,85.53333333333333,2020-01-04 04:06:04
782,762.7,8.069,40.371,10.766666666666667,85.53333333333333,2020-01-04 04:06:04
783,787.8,7.89,40.366,10.766666666666667,85.53333333333333,2020-01-04 04:06:04
784,813.2,7.731,40.334,10.766666666666667,85.53333333333333,2020-01-04 04:06:04
785,837.6,7.615,40.356,10.766666666666667,85.53333333333333,2020-01-04 04:06:04
786,862.7,7.46,40.383,10.766666666666667,85.53333333333333,2020-01-04 04:06:04
787,888.0,7.279,40.384,10.766666666666667,85.53333333333333,2020-01-04 04:06:04
788,912.9,7.091,40.387,10.766666666666667,85.53333333333333,2020-01-04 04:06:04
789,937.6,6.923,40.392,10.766666666666667,85.53333333333333,2020-01-04 04:06:04
790,962.7,6.773,40.413,10.766666666666667,85.53333333333333,2020-01-04 04:06:04
791,987.6,6.617,40.431,10.766666666666667,85.53333333333333,2020-01-04 04:06:04
792,1012.4,6.463,40.431,10.766666666666667,85.53333333333333,2020-01-04 04:06:04
793,1038.1,6.319,40.411,10.766666666666667,85.53333333333333,2020-01-04 04:06:04
794,1062.5,6.188,40.406,10.766666666666667,85.53333333333333,2020-01-04 04:06:04
795,1087.5,6.068,40.408,10.766666666666667,85.53333333333333,2020-01-04 04:06:04
796,1112.5,5.969,40.404,10.766666666666667,85.53333333333333,2020-01-04 04:06:04
797,1137.8,5.864,40.401,10.766666666666667,85.53333333333333,2020-01-04 04:06:04
798,1162.9,5.754,40.404,10.766666666666667,85.53333333333333,2020-01-04 04:06:04
799,1187.8,5.641,40.408,10.766666666666667,85.53333333333333,2020-01-04 04:06:04
800,1212.9,5.533,40.416,10.766666666666667,85.53333333333333,2020-01-04 04:06:04
801,1238.1,5.413,40.426,10.766666666666667,85.53333333333333,2020-01-04 04:06:04
802,1263.0,5.32,40.426,10.766666666666667,85.53333333333333,2020-01-04 04:06:04
803,1287.9,5.215,40.43,10.766666666666667,85.53333333333333,2020-01-04 04:06:04
804,1313.7,5.109,40.433,10.766666666666667,85.53333333333333,2020-01-04 04:06:04
805,1337.6,5.005,40.434,10.766666666666667,85.53333333333333,2020-01-04 04:06:04
806,1362.5,4.901,40.434,10.766666666666667,85.53333333333333,2020-01-04 04:06:04
807,1387.5,4.797,40.447,10.766666666666667,85.53333333333333,2020-01-04 04:06:04
808,1412.8,4.691,40.492,10.766666666666667,85.53333333333333,2020-01-04 04:06:04
809,1438.2,4.591,40.492,10.766666666666667,85.53333333333333,2020-01-04 04:06:04
810,1463.2,4.496,40.505,10.766666666666667,85.53333333333333,2020-01-04 04:06:04
811,1488.2,4.382,40.505,10.766666666666667,85.53333333333333,2020-01-04 04:06:04
812,1513.8,4.25,40.507,10.766666666666667,85.53333333333333,2020-01-04 04:06:04
813,1537.7,4.129,40.512,10.766666666666667,85.53333333333333,2020-01-04 04:06:04
814,1562.8,4.033,40.517,10.766666666666667,85.53333333333333,2020-01-04 04:06:04
815,1588.0,3.903,40.517,10.766666666666667,85.53333333333333,2020-01-04 04:06:04
816,1613.1,3.807,40.52,10.766666666666667,85.53333333333333,2020-01-04 04:06:04
817,1638.1,3.685,40.537,10.766666666666667,85.53333333333333,2020-01-04 04:06:04
818,1664.0,3.597,40.55,10.766666666666667,85.53333333333333,2020-01-04 04:06:04
819,1687.7,3.509,40.55,10.766666666666667,85.53333333333333,2020-01-04 04:06:04
820,1712.7,3.416,40.55,10.766666666666667,85.53333333333333,2020-01-04 04:06:04
821,1738.0,3.341,40.549,10.766666666666667,85.53333333333333,2020-01-04 04:06:04
822,1762.9,3.258,40.548,10.766666666666667,85.53333333333333,2020-01-04 04:06:04
823,1787.8,3.178,40.575,10.766666666666667,85.53333333333333,2020-01-04 04:06:04
824,1812.9,3.125,40.611,10.766666666666667,85.53333333333333,2020-01-04 04:06:04
825,1837.8,3.076,40.615,10.766666666666667,85.53333333333333,2020-01-04 04:06:04
826,1863.1,3.008,40.62,10.766666666666667,85.53333333333333,2020-01-04 04:06:04
827,1888.2,2.948,40.621,10.766666666666667,85.53333333333333,2020-01-04 04:06:04
828,1913.3,2.898,40.62,10.766666666666667,85.53333333333333,2020-01-04 04:06:04
829,1938.9,2.835,40.618,10.766666666666667,85.53333333333333,2020-01-04 04:06:04
830,1962.7,2.775,40.615,10.766666666666667,85.53333333333333,2020-01-04 04:06:04
831,1981.0,2.746,40.614,10.766666666666667,85.53333333333333,2020-01-04 04:06:04
832,0.3,27.563,34.257,13.283333333333331,86.63333333333334,2020-01-04 04:12:00
833,1.0,27.578,34.24,13.283333333333331,86.63333333333334,2020-01-04 04:12:00
834,1.9,27.547,34.26,13.283333333333331,86.63333333333334,2020-01-04 04:12:00
835,3.0,27.544,34.259,13.283333333333331,86.63333333333334,2020-01-04 04:12:00
836,3.8,27.528,34.266,13.283333333333331,86.63333333333334,2020-01-04 04:12:00
837,4.9,27.526,34.262,13.283333333333331,86.63333333333334,2020-01-04 04:12:00
838,6.1,27.522,34.259,13.283333333333331,86.63333333333334,2020-01-04 04:12:00
839,6.9,27.519,34.259,13.283333333333331,86.63333333333334,2020-01-04 04:12:00
840,7.7,27.514,34.255,13.283333333333331,86.63333333333334,2020-01-04 04:12:00
841,8.9,27.528,34.263,13.283333333333331,86.63333333333334,2020-01-04 04:12:00
842,10.1,27.564,34.289,13.283333333333331,86.63333333333334,2020-01-04 04:12:00
843,10.8,27.628,34.319,13.283333333333331,86.63333333333334,2020-01-04 04:12:00
844,12.0,27.769,34.402,13.283333333333331,86.63333333333334,2020-01-04 04:12:00
845,13.2,27.929,34.518,13.283333333333331,86.63333333333334,2020-01-04 04:12:00
846,14.2,27.912,34.566,13.283333333333331,86.63333333333334,2020-01-04 04:12:00
847,15.1,27.927,34.607,13.283333333333331,86.63333333333334,2020-01-04 04:12:00
848,16.0,27.927,34.608,13.283333333333331,86.63333333333334,2020-01-04 04:12:00
849,16.9,27.927,34.607,13.283333333333331,86.63333333333334,2020-01-04 04:12:00
850,17.8,27.932,34.609,13.283333333333331,86.63333333333334,2020-01-04 04:12:00
851,18.8,27.928,34.616,13.283333333333331,86.63333333333334,2020-01-04 04:12:00
852,19.8,27.923,34.619,13.283333333333331,86.63333333333334,2020-01-04 04:12:00
853,20.7,27.913,34.621,13.283333333333331,86.63333333333334,2020-01-04 04:12:00
854,21.7,27.909,34.622,13.283333333333331,86.63333333333334,2020-01-04 04:12:00
855,22.7,27.903,34.618,13.283333333333331,86.63333333333334,2020-01-04 04:12:00
856,23.7,27.906,34.622,13.283333333333331,86.63333333333334,2020-01-04 04:12:00
857,24.6,27.904,34.623,13.283333333333331,86.63333333333334,2020-01-04 04:12:00
858,25.6,27.903,34.623,13.283333333333331,86.63333333333334,2020-01-04 04:12:00
859,26.6,27.901,34.623,13.283333333333331,86.63333333333334,2020-01-04 04:12:00
860,27.6,27.893,34.624,13.283333333333331,86.63333333333334,2020-01-04 04:12:00
861,28.6,27.89,34.623,13.283333333333331,86.63333333333334,2020-01-04 04:12:00
862,29.6,27.89,34.624,13.283333333333331,86.63333333333334,2020-01-04 04:12:00
863,30.6,27.885,34.621,13.283333333333331,86.63333333333334,2020-01-04 04:12:00
864,31.6,27.886,34.623,13.283333333333331,86.63333333333334,2020-01-04 04:12:00
865,32.5,27.887,34.627,13.283333333333331,86.63333333333334,2020-01-04 04:12:00
866,33.9,27.895,34.629,13.283333333333331,86.63333333333334,2020-01-04 04:12:00
867,35.4,27.896,34.634,13.283333333333331,86.63333333333334,2020-01-04 04:12:00
868,36.4,27.894,34.632,13.283333333333331,86.63333333333334,2020-01-04 04:12:00
869,37.3,27.887,34.632,13.283333333333331,86.63333333333334,2020-01-04 04:12:00
870,38.3,27.887,34.631,13.283333333333331,86.63333333333334,2020-01-04 04:12:00
871,39.3,27.89,34.631,13.283333333333331,86.63333333333334,2020-01-04 04:12:00
872,40.2,27.894,34.637,13.283333333333331,86.63333333333334,2020-01-04 04:12:00
873,41.2,27.895,34.637,13.283333333333331,86.63333333333334,2020-01-04 04:12:00
874,42.2,27.894,34.64,13.283333333333331,86.63333333333334,2020-01-04 04:12:00
875,43.2,27.894,34.638,13.283333333333331,86.63333333333334,2020-01-04 04:12:00
876,44.1,27.892,34.636,13.283333333333331,86.63333333333334,2020-01-04 04:12:00
877,45.0,27.888,34.638,13.283333333333331,86.63333333333334,2020-01-04 04:12:00
878,45.9,27.901,34.66,13.283333333333331,86.63333333333334,2020-01-04 04:12:00
879,47.9,27.715,34.669,13.283333333333331,86.63333333333334,2020-01-04 04:12:00
880,49.0,27.689,34.663,13.283333333333331,86.63333333333334,2020-01-04 04:12:00
881,49.9,27.674,34.66,13.283333333333331,86.63333333333334,2020-01-04 04:12:00
882,51.0,27.65,34.66,13.283333333333331,86.63333333333334,2020-01-04 04:12:00
883,51.7,27.644,34.662,13.283333333333331,86.63333333333334,2020-01-04 04:12:00
884,52.8,27.706,34.68,13.283333333333331,86.63333333333334,2020-01-04 04:12:00
885,54.0,27.769,34.733,13.283333333333331,86.63333333333334,2020-01-04 04:12:00
886,54.8,27.948,34.876,13.283333333333331,86.63333333333334,2020-01-04 04:12:00
887,55.9,28.023,34.92,13.283333333333331,86.63333333333334,2020-01-04 04:12:00
888,57.1,28.223,35.047,13.283333333333331,86.63333333333334,2020-01-04 04:12:00
889,57.9,28.257,35.118,13.283333333333331,86.63333333333334,2020-01-04 04:12:00
890,58.8,28.258,35.16,13.283333333333331,86.63333333333334,2020-01-04 04:12:00
891,60.0,28.224,35.193,13.283333333333331,86.63333333333334,2020-01-04 04:12:00
892,61.2,28.199,35.228,13.283333333333331,86.63333333333334,2020-01-04 04:12:00
893,62.0,27.971,35.234,13.283333333333331,86.63333333333334,2020-01-04 04:12:00
894,62.9,27.834,35.256,13.283333333333331,86.63333333333334,2020-01-04 04:12:00
895,63.8,27.808,35.281,13.283333333333331,86.63333333333334,2020-01-04 04:12:00
896,64.6,27.869,35.307,13.283333333333331,86.63333333333334,2020-01-04 04:12:00
897,66.1,27.75,35.372,13.283333333333331,86.63333333333334,2020-01-04 04:12:00
898,67.0,27.365,35.293,13.283333333333331,86.63333333333334,2020-01-04 04:12:00
899,67.9,26.958,35.323,13.283333333333331,86.63333333333334,2020-01-04 04:12:00
900,68.9,26.809,35.41,13.283333333333331,86.63333333333334,2020-01-04 04:12:00
901,69.9,26.789,35.449,13.283333333333331,86.63333333333334,2020-01-04 04:12:00
902,71.0,26.86,35.576,13.283333333333331,86.63333333333334,2020-01-04 04:12:00
903,71.7,26.883,35.681,13.283333333333331,86.63333333333334,2020-01-04 04:12:00
904,72.5,26.873,35.685,13.283333333333331,86.63333333333334,2020-01-04 04:12:00
905,73.9,26.263,35.761,13.283333333333331,86.63333333333334,2020-01-04 04:12:00
906,75.0,26.128,35.761,13.283333333333331,86.63333333333334,2020-01-04 04:12:00
907,75.8,25.942,35.789,13.283333333333331,86.63333333333334,2020-01-04 04:12:00
908,77.0,25.512,35.818,13.283333333333331,86.63333333333334,2020-01-04 04:12:00
909,78.0,25.185,35.832,13.283333333333331,86.63333333333334,2020-01-04 04:12:00
910,78.9,25.068,35.839,13.283333333333331,86.63333333333334,2020-01-04 04:12:00
911,80.0,24.992,35.833,13.283333333333331,86.63333333333334,2020-01-04 04:12:00
912,80.7,24.88,35.824,13.283333333333331,86.63333333333334,2020-01-04 04:12:00
913,81.9,24.409,35.846,13.283333333333331,86.63333333333334,2020-01-04 04:12:00
914,83.3,24.191,35.864,13.283333333333331,86.63333333333334,2020-01-04 04:12:00
915,84.3,24.009,35.895,13.283333333333331,86.63333333333334,2020-01-04 04:12:00
916,85.3,23.862,35.908,13.283333333333331,86.63333333333334,2020-01-04 04:12:00
917,86.3,23.807,35.918,13.283333333333331,86.63333333333334,2020-01-04 04:12:00
918,87.3,23.729,35.929,13.283333333333331,86.63333333333334,2020-01-04 04:12:00
919,88.3,23.612,35.933,13.283333333333331,86.63333333333334,2020-01-04 04:12:00
920,89.3,23.397,35.981,13.283333333333331,86.63333333333334,2020-01-04 04:12:00
921,90.2,23.26,35.976,13.283333333333331,86.63333333333334,2020-01-04 04:12:00
922,92.1,23.154,36.029,13.283333333333331,86.63333333333334,2020-01-04 04:12:00
923,92.8,23.115,36.023,13.283333333333331,86.63333333333334,2020-01-04 04:12:00
924,93.9,22.995,36.016,13.283333333333331,86.63333333333334,2020-01-04 04:12:00
925,95.0,22.841,35.996,13.283333333333331,86.63333333333334,2020-01-04 04:12:00
926,95.7,22.813,35.993,13.283333333333331,86.63333333333334,2020-01-04 04:12:00
927,96.9,22.662,36.009,13.283333333333331,86.63333333333334,2020-01-04 04:12:00
928,98.1,22.538,36.026,13.283333333333331,86.63333333333334,2020-01-04 04:12:00
929,98.9,22.508,36.026,13.283333333333331,86.63333333333334,2020-01-04 04:12:00
930,99.7,22.436,36.031,13.283333333333331,86.63333333333334,2020-01-04 04:12:00
931,100.9,22.138,36.015,13.283333333333331,86.63333333333334,2020-01-04 04:12:00
932,102.1,21.973,36.006,13.283333333333331,86.63333333333334,2020-01-04 04:12:00
933,102.9,21.877,36.009,13.283333333333331,86.63333333333334,2020-01-04 04:12:00
934,103.8,21.755,36.061,13.283333333333331,86.63333333333334,2020-01-04 04:12:00
935,104.6,21.548,36.029,13.283333333333331,86.63333333333334,2020-01-04 04:12:00
936,105.9,21.434,36.036,13.283333333333331,86.63333333333334,2020-01-04 04:12:00
937,107.4,21.158,36.04,13.283333333333331,86.63333333333334,2020-01-04 04:12:00
938,108.3,21.012,36.038,13.283333333333331,86.63333333333334,2020-01-04 04:12:00
939,109.2,20.888,36.027,13.283333333333331,86.63333333333334,2020-01-04 04:12:00
940,110.1,20.817,36.018,13.283333333333331,86.63333333333334,2020-01-04 04:12:00
941,111.9,20.593,36.021,13.283333333333331,86.63333333333334,2020-01-04 04:12:00
942,112.8,20.469,36.018,13.283333333333331,86.63333333333334,2020-01-04 04:12:00
943,113.8,20.418,36.014,13.283333333333331,86.63333333333334,2020-01-04 04:12:00
944,114.8,20.322,36.017,13.283333333333331,86.63333333333334,2020-01-04 04:12:00
945,115.8,20.253,36.011,13.283333333333331,86.63333333333334,2020-01-04 04:12:00
946,116.9,20.045,36.023,13.283333333333331,86.63333333333334,2020-01-04 04:12:00
947,118.0,19.944,36.011,13.283333333333331,86.63333333333334,2020-01-04 04:12:00
948,118.8,19.827,36.014,13.283333333333331,86.63333333333334,2020-01-04 04:12:00
949,119.7,19.725,36.019,13.283333333333331,86.63333333333334,2020-01-04 04:12:00
950,120.9,19.461,36.026,13.283333333333331,86.63333333333334,2020-01-04 04:12:00
951,122.3,19.178,36.047,13.283333333333331,86.63333333333334,2020-01-04 04:12:00
952,123.1,18.991,36.044,13.283333333333331,86.63333333333334,2020-01-04 04:12:00
953,124.0,18.959,36.043,13.283333333333331,86.63333333333334,2020-01-04 04:12:00
954,124.9,18.917,36.045,13.283333333333331,86.63333333333334,2020-01-04 04:12:00
955,125.8,18.856,36.048,13.283333333333331,86.63333333333334,2020-01-04 04:12:00
956,126.7,18.751,36.045,13.283333333333331,86.63333333333334,2020-01-04 04:12:00
957,127.7,18.548,36.059,13.283333333333331,86.63333333333334,2020-01-04 04:12:00
958,128.6,18.324,36.075,13.283333333333331,86.63333333333334,2020-01-04 04:12:00
959,129.5,18.218,36.067,13.283333333333331,86.63333333333334,2020-01-04 04:12:00
960,131.2,17.995,36.073,13.283333333333331,86.63333333333334,2020-01-04 04:12:00
961,131.8,17.987,36.071,13.283333333333331,86.63333333333334,2020-01-04 04:12:00
962,132.8,17.978,36.069,13.283333333333331,86.63333333333334,2020-01-04 04:12:00
963,133.8,17.956,36.065,13.283333333333331,86.63333333333334,2020-01-04 04:12:00
964,134.8,17.863,36.068,13.283333333333331,86.63333333333334,2020-01-04 04:12:00
965,136.0,17.649,36.071,13.283333333333331,86.63333333333334,2020-01-04 04:12:00
966,136.7,17.587,36.076,13.283333333333331,86.63333333333334,2020-01-04 04:12:00
967,137.8,17.53,36.081,13.283333333333331,86.63333333333334,2020-01-04 04:12:00
968,139.0,17.439,36.089,13.283333333333331,86.63333333333334,2020-01-04 04:12:00
969,139.8,17.412,36.081,13.283333333333331,86.63333333333334,2020-01-04 04:12:00
970,140.7,17.297,36.092,13.283333333333331,86.63333333333334,2020-01-04 04:12:00
971,141.9,17.181,36.094,13.283333333333331,86.63333333333334,2020-01-04 04:12:00
972,143.2,17.121,36.093,13.283333333333331,86.63333333333334,2020-01-04 04:12:00
973,144.1,17.086,36.096,13.283333333333331,86.63333333333334,2020-01-04 04:12:00
974,145.0,17.025,36.096,13.283333333333331,86.63333333333334,2020-01-04 04:12:00
975,145.8,16.94,36.099,13.283333333333331,86.63333333333334,2020-01-04 04:12:00
976,146.7,16.83,36.099,13.283333333333331,86.63333333333334,2020-01-04 04:12:00
977,147.6,16.736,36.115,13.283333333333331,86.63333333333334,2020-01-04 04:12:00
978,148.9,16.587,36.115,13.283333333333331,86.63333333333334,2020-01-04 04:12:00
979,150.3,16.49,36.111,13.283333333333331,86.63333333333334,2020-01-04 04:12:00
980,151.2,16.478,36.111,13.283333333333331,86.63333333333334,2020-01-04 04:12:00
981,152.1,16.45,36.113,13.283333333333331,86.63333333333334,2020-01-04 04:12:00
982,153.0,16.393,36.115,13.283333333333331,86.63333333333334,2020-01-04 04:12:00
983,153.9,16.307,36.118,13.283333333333331,86.63333333333334,2020-01-04 04:12:00
984,154.8,16.228,36.129,13.283333333333331,86.63333333333334,2020-01-04 04:12:00
985,155.7,16.22,36.119,13.283333333333331,86.63333333333334,2020-01-04 04:12:00
986,156.6,16.174,36.121,13.283333333333331,86.63333333333334,2020-01-04 04:12:00
987,157.9,16.147,36.122,13.283333333333331,86.63333333333334,2020-01-04 04:12:00
988,159.3,16.057,36.13,13.283333333333331,86.63333333333334,2020-01-04 04:12:00
989,160.2,15.959,36.134,13.283333333333331,86.63333333333334,2020-01-04 04:12:00
990,161.1,15.837,36.136,13.283333333333331,86.63333333333334,2020-01-04 04:12:00
991,162.0,15.774,36.141,13.283333333333331,86.63333333333334,2020-01-04 04:12:00
992,162.9,15.71,36.143,13.283333333333331,86.63333333333334,2020-01-04 04:12:00
993,163.8,15.642,36.145,13.283333333333331,86.63333333333334,2020-01-04 04:12:00
994,164.7,15.601,36.146,13.283333333333331,86.63333333333334,2020-01-04 04:12:00
995,166.0,15.492,36.151,13.283333333333331,86.63333333333334,2020-01-04 04:12:00
996,167.3,15.442,36.15,13.283333333333331,86.63333333333334,2020-01-04 04:12:00
997,168.2,15.436,36.149,13.283333333333331,86.63333333333334,2020-01-04 04:12:00
998,169.1,15.403,36.153,13.283333333333331,86.63333333333334,2020-01-04 04:12:00
999,170.0,15.357,36.153,13.283333333333331,86.63333333333334,2020-01-04 04:12:00
1000,170.9,15.275,36.162,13.283333333333331,86.63333333333334,2020-01-04 04:12:00
1001,171.8,15.215,36.158,13.283333333333331,86.63333333333334,2020-01-04 04:12:00
1002,172.7,15.173,36.16,13.283333333333331,86.63333333333334,2020-01-04 04:12:00
1003,173.7,15.141,36.16,13.283333333333331,86.63333333333334,2020-01-04 04:12:00
1004,174.6,15.11,36.161,13.283333333333331,86.63333333333334,2020-01-04 04:12:00
1005,175.5,15.062,36.164,13.283333333333331,86.63333333333334,2020-01-04 04:12:00
1006,176.9,15.005,36.164,13.283333333333331,86.63333333333334,2020-01-04 04:12:00
1007,178.3,14.92,36.168,13.283333333333331,86.63333333333334,2020-01-04 04:12:00
1008,179.3,14.846,36.172,13.283333333333331,86.63333333333334,2020-01-04 04:12:00
1009,180.3,14.766,36.179,13.283333333333331,86.63333333333334,2020-01-04 04:12:00
1010,181.3,14.702,36.175,13.283333333333331,86.63333333333334,2020-01-04 04:12:00
1011,182.3,14.686,36.177,13.283333333333331,86.63333333333334,2020-01-04 04:12:00
1012,183.2,14.639,36.177,13.283333333333331,86.63333333333334,2020-01-04 04:12:00
1013,184.1,14.611,36.178,13.283333333333331,86.63333333333334,2020-01-04 04:12:00
1014,185.2,14.537,36.183,13.283333333333331,86.63333333333334,2020-01-04 04:12:00
1015,186.2,14.494,36.18,13.283333333333331,86.63333333333334,2020-01-04 04:12:00
1016,187.2,14.419,36.185,13.283333333333331,86.63333333333334,2020-01-04 04:12:00
1017,188.3,14.345,36.189,13.283333333333331,86.63333333333334,2020-01-04 04:12:00
1018,189.3,14.329,36.189,13.283333333333331,86.63333333333334,2020-01-04 04:12:00
1019,190.4,14.31,36.191,13.283333333333331,86.63333333333334,2020-01-04 04:12:00
1020,191.5,14.265,36.194,13.283333333333331,86.63333333333334,2020-01-04 04:12:00
1021,192.6,14.236,36.193,13.283333333333331,86.63333333333334,2020-01-04 04:12:00
1022,193.6,14.214,36.196,13.283333333333331,86.63333333333334,2020-01-04 04:12:00
1023,194.7,14.209,36.194,13.283333333333331,86.63333333333334,2020-01-04 04:12:00
1024,195.7,14.191,36.194,13.283333333333331,86.63333333333334,2020-01-04 04:12:00
1025,196.8,14.181,36.193,13.283333333333331,86.63333333333334,2020-01-04 04:12:00
1026,197.8,14.163,36.191,13.283333333333331,86.63333333333334,2020-01-04 04:12:00
1027,198.9,14.044,36.201,13.283333333333331,86.63333333333334,2020-01-04 04:12:00
1028,199.9,13.952,36.203,13.283333333333331,86.63333333333334,2020-01-04 04:12:00
1029,213.5,13.544,36.215,13.283333333333331,86.63333333333334,2020-01-04 04:12:00
1030,237.2,12.656,36.242,13.283333333333331,86.63333333333334,2020-01-04 04:12:00
1031,262.7,12.135,36.255,13.283333333333331,86.63333333333334,2020-01-04 04:12:00
1032,287.9,11.764,36.265,13.283333333333331,86.63333333333334,2020-01-04 04:12:00
1033,313.1,11.432,36.27,13.283333333333331,86.63333333333334,2020-01-04 04:12:00
1034,337.8,11.141,36.275,13.283333333333331,86.63333333333334,2020-01-04 04:12:00
1035,363.2,10.903,36.278,13.283333333333331,86.63333333333334,2020-01-04 04:12:00
1036,387.9,10.702,36.279,13.283333333333331,86.63333333333334,2020-01-04 04:12:00
1037,413.1,10.506,36.279,13.283333333333331,86.63333333333334,2020-01-04 04:12:00
1038,438.1,10.279,36.28,13.283333333333331,86.63333333333334,2020-01-04 04:12:00
1039,462.8,10.085,36.279,13.283333333333331,86.63333333333334,2020-01-04 04:12:00
1040,487.6,9.864,36.279,13.283333333333331,86.63333333333334,2020-01-04 04:12:00
1041,512.7,9.652,36.277,13.283333333333331,86.63333333333334,2020-01-04 04:12:00
1042,538.2,9.446,36.276,13.283333333333331,86.63333333333334,2020-01-04 04:12:00
1043,564.2,9.24,36.273,13.283333333333331,86.63333333333334,2020-01-04 04:12:00
1044,588.2,9.114,36.272,13.283333333333331,86.63333333333334,2020-01-04 04:12:00
1045,613.0,8.913,36.269,13.283333333333331,86.63333333333334,2020-01-04 04:12:00
1046,638.1,8.709,36.265,13.283333333333331,86.63333333333334,2020-01-04 04:12:00
1047,663.1,8.547,36.264,13.283333333333331,86.63333333333334,2020-01-04 04:12:00
1048,688.2,8.39,36.26,13.283333333333331,86.63333333333334,2020-01-04 04:12:00
1049,712.8,8.221,36.257,13.283333333333331,86.63333333333334,2020-01-04 04:12:00
1050,737.6,8.038,36.255,13.283333333333331,86.63333333333334,2020-01-04 04:12:00
1051,762.7,7.889,36.252,13.283333333333331,86.63333333333334,2020-01-04 04:12:00
1052,787.8,7.734,36.249,13.283333333333331,86.63333333333334,2020-01-04 04:12:00
1053,813.3,7.513,36.245,13.283333333333331,86.63333333333334,2020-01-04 04:12:00
1054,837.5,7.365,36.242,13.283333333333331,86.63333333333334,2020-01-04 04:12:00
1055,862.4,7.224,36.239,13.283333333333331,86.63333333333334,2020-01-04 04:12:00
1056,887.6,7.07,36.236,13.283333333333331,86.63333333333334,2020-01-04 04:12:00
1057,912.8,6.921,36.232,13.283333333333331,86.63333333333334,2020-01-04 04:12:00
1058,937.8,6.79,36.23,13.283333333333331,86.63333333333334,2020-01-04 04:12:00
1059,962.6,6.619,36.226,13.283333333333331,86.63333333333334,2020-01-04 04:12:00
1060,987.5,6.49,36.223,13.283333333333331,86.63333333333334,2020-01-04 04:12:00
1061,1012.6,6.367,36.221,13.283333333333331,86.63333333333334,2020-01-04 04:12:00
1062,1038.9,6.24,36.219,13.283333333333331,86.63333333333334,2020-01-04 04:12:00
1063,1063.2,6.123,36.216,13.283333333333331,86.63333333333334,2020-01-04 04:12:00
1064,1088.1,5.994,36.213,13.283333333333331,86.63333333333334,2020-01-04 04:12:00
1065,1113.0,5.874,36.211,13.283333333333331,86.63333333333334,2020-01-04 04:12:00
1066,1137.9,5.737,36.207,13.283333333333331,86.63333333333334,2020-01-04 04:12:00
1067,1162.5,5.62,36.205,13.283333333333331,86.63333333333334,2020-01-04 04:12:00
1068,1187.5,5.511,36.203,13.283333333333331,86.63333333333334,2020-01-04 04:12:00
1069,1212.9,5.392,36.201,13.283333333333331,86.63333333333334,2020-01-04 04:12:00
1070,1237.8,5.286,36.199,13.283333333333331,86.63333333333334,2020-01-04 04:12:00
1071,1262.7,5.175,36.197,13.283333333333331,86.63333333333334,2020-01-04 04:12:00
1072,1288.7,5.08,36.195,13.283333333333331,86.63333333333334,2020-01-04 04:12:00
1073,1312.4,4.996,36.194,13.283333333333331,86.63333333333334,2020-01-04 04:12:00
1074,1337.4,4.924,36.193,13.283333333333331,86.63333333333334,2020-01-04 04:12:00
1075,1362.8,4.831,36.191,13.283333333333331,86.63333333333334,2020-01-04 04:12:00
1076,1387.9,4.749,36.19,13.283333333333331,86.63333333333334,2020-01-04 04:12:00
1077,1412.6,4.66,36.188,13.283333333333331,86.63333333333334,2020-01-04 04:12:00
1078,1437.6,4.559,36.186,13.283333333333331,86.63333333333334,2020-01-04 04:12:00
1079,1462.8,4.449,36.183,13.283333333333331,86.63333333333334,2020-01-04 04:12:00
1080,1488.0,4.33,36.18,13.283333333333331,86.63333333333334,2020-01-04 04:12:00
1081,1513.2,4.192,36.176,13.283333333333331,86.63333333333334,2020-01-04 04:12:00
1082,1537.8,4.071,36.174,13.283333333333331,86.63333333333334,2020-01-04 04:12:00
1083,1563.5,3.958,36.171,13.283333333333331,86.63333333333334,2020-01-04 04:12:00
1084,1587.8,3.854,36.169,13.283333333333331,86.63333333333334,2020-01-04 04:12:00
1085,1612.6,3.756,36.166,13.283333333333331,86.63333333333334,2020-01-04 04:12:00
1086,1637.8,3.647,36.163,13.283333333333331,86.63333333333334,2020-01-04 04:12:00
1087,1663.1,3.562,36.161,13.283333333333331,86.63333333333334,2020-01-04 04:12:00
1088,1687.9,3.458,36.158,13.283333333333331,86.63333333333334,2020-01-04 04:12:00
1089,1712.6,3.348,36.155,13.283333333333331,86.63333333333334,2020-01-04 04:12:00
1090,1738.3,3.246,36.152,13.283333333333331,86.63333333333334,2020-01-04 04:12:00
1091,1762.6,3.175,36.15,13.283333333333331,86.63333333333334,2020-01-04 04:12:00
1092,1787.9,3.097,36.148,13.283333333333331,86.63333333333334,2020-01-04 04:12:00
1093,1813.0,3.032,36.146,13.283333333333331,86.63333333333334,2020-01-04 04:12:00
1094,1837.9,2.974,36.145,13.283333333333331,86.63333333333334,2020-01-04 04:12:00
1095,1862.8,2.921,36.143,13.283333333333331,86.63333333333334,2020-01-04 04:12:00
1096,1888.0,2.871,36.142,13.283333333333331,86.63333333333334,2020-01-04 04:12:00
1097,1913.4,2.819,36.14,13.283333333333331,86.63333333333334,2020-01-04 04:12:00
1098,1937.8,2.766,36.138,13.283333333333331,86.63333333333334,2020-01-04 04:12:00
1099,1962.8,2.716,36.136,13.283333333333331,86.63333333333334,2020-01-04 04:12:00
1100,1983.7,2.671,36.135,13.283333333333331,86.63333333333334,2020-01-04 04:12:00
1101,0.2,26.528,31.714,14.616666666666667,85.38333333333334,2020-01-04 04:29:13
1102,0.7,26.465,31.704,14.616666666666667,85.38333333333334,2020-01-04 04:29:13
1103,2.0,26.34,31.778,14.616666666666667,85.38333333333334,2020-01-04 04:29:13
1104,2.9,26.324,31.786,14.616666666666667,85.38333333333334,2020-01-04 04:29:13
1105,3.9,26.315,31.79,14.616666666666667,85.38333333333334,2020-01-04 04:29:13
1106,5.0,26.297,31.791,14.616666666666667,85.38333333333334,2020-01-04 04:29:13
1107,6.0,26.29,31.79,14.616666666666667,85.38333333333334,2020-01-04 04:29:13
1108,7.1,26.294,31.795,14.616666666666667,85.38333333333334,2020-01-04 04:29:13
1109,7.9,26.297,31.803,14.616666666666667,85.38333333333334,2020-01-04 04:29:13
1110,9.0,26.347,31.859,14.616666666666667,85.38333333333334,2020-01-04 04:29:13
1111,11.0,26.477,32.06,14.616666666666667,85.38333333333334,2020-01-04 04:29:13
1112,12.0,26.544,32.143,14.616666666666667,85.38333333333334,2020-01-04 04:29:13
1113,13.0,26.562,32.158,14.616666666666667,85.38333333333334,2020-01-04 04:29:13
1114,13.7,26.571,32.165,14.616666666666667,85.38333333333334,2020-01-04 04:29:13
1115,14.9,26.797,32.35,14.616666666666667,85.38333333333334,2020-01-04 04:29:13
1116,16.1,26.889,32.515,14.616666666666667,85.38333333333334,2020-01-04 04:29:13
1117,16.9,26.858,32.506,14.616666666666667,85.38333333333334,2020-01-04 04:29:13
1118,17.7,26.839,32.514,14.616666666666667,85.38333333333334,2020-01-04 04:29:13
1119,18.9,26.861,32.557,14.616666666666667,85.38333333333334,2020-01-04 04:29:13
1120,20.2,26.872,32.57,14.616666666666667,85.38333333333334,2020-01-04 04:29:13
1121,21.0,26.885,32.586,14.616666666666667,85.38333333333334,2020-01-04 04:29:13
1122,21.8,26.913,32.607,14.616666666666667,85.38333333333334,2020-01-04 04:29:13
1123,22.7,26.945,32.639,14.616666666666667,85.38333333333334,2020-01-04 04:29:13
1124,23.9,26.992,32.689,14.616666666666667,85.38333333333334,2020-01-04 04:29:13
1125,25.2,27.024,32.723,14.616666666666667,85.38333333333334,2020-01-04 04:29:13
1126,26.1,27.077,32.774,14.616666666666667,85.38333333333334,2020-01-04 04:29:13
1127,27.0,27.091,32.818,14.616666666666667,85.38333333333334,2020-01-04 04:29:13
1128,27.9,27.135,32.854,14.616666666666667,85.38333333333334,2020-01-04 04:29:13
1129,28.8,27.132,32.856,14.616666666666667,85.38333333333334,2020-01-04 04:29:13
1130,30.8,27.149,32.875,14.616666666666667,85.38333333333334,2020-01-04 04:29:13
1131,31.9,27.182,32.905,14.616666666666667,85.38333333333334,2020-01-04 04:29:13
1132,32.9,27.256,32.984,14.616666666666667,85.38333333333334,2020-01-04 04:29:13
1133,34.0,27.333,33.046,14.616666666666667,85.38333333333334,2020-01-04 04:29:13
1134,35.0,27.381,33.097,14.616666666666667,85.38333333333334,2020-01-04 04:29:13
1135,36.1,27.465,33.184,14.616666666666667,85.38333333333334,2020-01-04 04:29:13
1136,36.8,27.466,33.206,14.616666666666667,85.38333333333334,2020-01-04 04:29:13
1137,37.5,27.486,33.279,14.616666666666667,85.38333333333334,2020-01-04 04:29:13
1138,39.1,27.467,33.35,14.616666666666667,85.38333333333334,2020-01-04 04:29:13
1139,40.0,27.462,33.375,14.616666666666667,85.38333333333334,2020-01-04 04:29:13
1140,40.8,27.477,33.409,14.616666666666667,85.38333333333334,2020-01-04 04:29:13
1141,42.0,27.443,33.518,14.616666666666667,85.38333333333334,2020-01-04 04:29:13
1142,43.0,27.389,33.592,14.616666666666667,85.38333333333334,2020-01-04 04:29:13
1143,44.0,27.359,33.619,14.616666666666667,85.38333333333334,2020-01-04 04:29:13
1144,44.9,27.34,33.638,14.616666666666667,85.38333333333334,2020-01-04 04:29:13
1145,46.2,27.3,33.678,14.616666666666667,85.38333333333334,2020-01-04 04:29:13
1146,47.0,27.256,33.718,14.616666666666667,85.38333333333334,2020-01-04 04:29:13
1147,48.1,27.223,33.752,14.616666666666667,85.38333333333334,2020-01-04 04:29:13
1148,49.1,27.047,33.829,14.616666666666667,85.38333333333334,2020-01-04 04:29:13
1149,50.1,26.89,33.855,14.616666666666667,85.38333333333334,2020-01-04 04:29:13
1150,51.0,26.638,33.885,14.616666666666667,85.38333333333334,2020-01-04 04:29:13
1151,51.7,25.918,34.13,14.616666666666667,85.38333333333334,2020-01-04 04:29:13
1152,52.9,25.843,34.285,14.616666666666667,85.38333333333334,2020-01-04 04:29:13
1153,54.1,25.684,34.453,14.616666666666667,85.38333333333334,2020-01-04 04:29:13
1154,55.0,25.651,34.506,14.616666666666667,85.38333333333334,2020-01-04 04:29:13
1155,55.8,25.497,34.508,14.616666666666667,85.38333333333334,2020-01-04 04:29:13
1156,57.0,25.345,34.549,14.616666666666667,85.38333333333334,2020-01-04 04:29:13
1157,58.2,25.26,34.632,14.616666666666667,85.38333333333334,2020-01-04 04:29:13
1158,60.0,24.902,34.71,14.616666666666667,85.38333333333334,2020-01-04 04:29:13
1159,60.9,24.578,34.675,14.616666666666667,85.38333333333334,2020-01-04 04:29:13
1160,61.7,24.511,34.713,14.616666666666667,85.38333333333334,2020-01-04 04:29:13
1161,62.9,24.394,34.808,14.616666666666667,85.38333333333334,2020-01-04 04:29:13
1162,63.9,24.235,34.809,14.616666666666667,85.38333333333334,2020-01-04 04:29:13
1163,64.8,23.887,34.786,14.616666666666667,85.38333333333334,2020-01-04 04:29:13
1164,65.9,23.626,34.744,14.616666666666667,85.38333333333334,2020-01-04 04:29:13
1165,67.2,23.391,34.737,14.616666666666667,85.38333333333334,2020-01-04 04:29:13
1166,68.0,23.266,34.781,14.616666666666667,85.38333333333334,2020-01-04 04:29:13
1167,68.9,23.095,34.788,14.616666666666667,85.38333333333334,2020-01-04 04:29:13
1168,69.8,22.821,34.781,14.616666666666667,85.38333333333334,2020-01-04 04:29:13
1169,71.0,22.4,34.761,14.616666666666667,85.38333333333334,2020-01-04 04:29:13
1170,71.8,22.199,34.751,14.616666666666667,85.38333333333334,2020-01-04 04:29:13
1171,73.0,21.946,34.749,14.616666666666667,85.38333333333334,2020-01-04 04:29:13
1172,74.2,21.721,34.784,14.616666666666667,85.38333333333334,2020-01-04 04:29:13
1173,75.8,21.551,34.792,14.616666666666667,85.38333333333334,2020-01-04 04:29:13
1174,76.8,21.395,34.793,14.616666666666667,85.38333333333334,2020-01-04 04:29:13
1175,77.8,21.246,34.8,14.616666666666667,85.38333333333334,2020-01-04 04:29:13
1176,78.9,21.026,34.805,14.616666666666667,85.38333333333334,2020-01-04 04:29:13
1177,80.1,20.791,34.82,14.616666666666667,85.38333333333334,2020-01-04 04:29:13
1178,80.9,20.718,34.809,14.616666666666667,85.38333333333334,2020-01-04 04:29:13
1179,81.8,20.688,34.818,14.616666666666667,85.38333333333334,2020-01-04 04:29:13
1180,82.7,20.625,34.823,14.616666666666667,85.38333333333334,2020-01-04 04:29:13
1181,83.9,20.569,34.822,14.616666666666667,85.38333333333334,2020-01-04 04:29:13
1182,85.3,20.586,34.863,14.616666666666667,85.38333333333334,2020-01-04 04:29:13
1183,86.2,20.554,34.892,14.616666666666667,85.38333333333334,2020-01-04 04:29:13
1184,87.1,20.499,34.896,14.616666666666667,85.38333333333334,2020-01-04 04:29:13
1185,88.0,20.433,34.897,14.616666666666667,85.38333333333334,2020-01-04 04:29:13
1186,88.9,20.313,34.894,14.616666666666667,85.38333333333334,2020-01-04 04:29:13
1187,89.8,20.259,34.892,14.616666666666667,85.38333333333334,2020-01-04 04:29:13
1188,90.6,20.21,34.881,14.616666666666667,85.38333333333334,2020-01-04 04:29:13
1189,91.9,20.134,34.879,14.616666666666667,85.38333333333334,2020-01-04 04:29:13
1190,93.2,19.916,34.882,14.616666666666667,85.38333333333334,2020-01-04 04:29:13
1191,94.1,19.799,34.896,14.616666666666667,85.38333333333334,2020-01-04 04:29:13
1192,95.0,19.744,34.89,14.616666666666667,85.38333333333334,2020-01-04 04:29:13
1193,95.9,19.657,34.888,14.616666666666667,85.38333333333334,2020-01-04 04:29:13
1194,96.8,19.571,34.888,14.616666666666667,85.38333333333334,2020-01-04 04:29:13
1195,97.7,19.54,34.882,14.616666666666667,85.38333333333334,2020-01-04 04:29:13
1196,98.6,19.485,34.879,14.616666666666667,85.38333333333334,2020-01-04 04:29:13
1197,99.9,19.505,34.927,14.616666666666667,85.38333333333334,2020-01-04 04:29:13
1198,101.3,19.371,34.93,14.616666666666667,85.38333333333334,2020-01-04 04:29:13
1199,102.2,19.253,34.941,14.616666666666667,85.38333333333334,2020-01-04 04:29:13
1200,103.1,19.236,34.937,14.616666666666667,85.38333333333334,2020-01-04 04:29:13
1201,104.0,19.228,34.936,14.616666666666667,85.38333333333334,2020-01-04 04:29:13
1202,104.9,19.17,34.944,14.616666666666667,85.38333333333334,2020-01-04 04:29:13
1203,107.0,18.956,34.911,14.616666666666667,85.38333333333334,2020-01-04 04:29:13
1204,108.2,18.889,34.912,14.616666666666667,85.38333333333334,2020-01-04 04:29:13
1205,108.9,18.79,34.906,14.616666666666667,85.38333333333334,2020-01-04 04:29:13
1206,109.7,18.726,34.905,14.616666666666667,85.38333333333334,2020-01-04 04:29:13
1207,110.8,18.656,34.9,14.616666666666667,85.38333333333334,2020-01-04 04:29:13
1208,112.0,18.639,34.904,14.616666666666667,85.38333333333334,2020-01-04 04:29:13
1209,112.8,18.633,34.906,14.616666666666667,85.38333333333334,2020-01-04 04:29:13
1210,113.7,18.615,34.907,14.616666666666667,85.38333333333334,2020-01-04 04:29:13
1211,114.9,18.575,34.902,14.616666666666667,85.38333333333334,2020-01-04 04:29:13
1212,116.1,18.517,34.899,14.616666666666667,85.38333333333334,2020-01-04 04:29:13
1213,117.0,18.459,34.903,14.616666666666667,85.38333333333334,2020-01-04 04:29:13
1214,117.8,18.321,34.902,14.616666666666667,85.38333333333334,2020-01-04 04:29:13
1215,118.7,18.223,34.906,14.616666666666667,85.38333333333334,2020-01-04 04:29:13
1216,119.6,18.203,34.901,14.616666666666667,85.38333333333334,2020-01-04 04:29:13
1217,120.9,18.166,34.903,14.616666666666667,85.38333333333334,2020-01-04 04:29:13
1218,122.2,18.124,34.902,14.616666666666667,85.38333333333334,2020-01-04 04:29:13
1219,123.1,18.103,34.903,14.616666666666667,85.38333333333334,2020-01-04 04:29:13
1220,124.0,18.065,34.902,14.616666666666667,85.38333333333334,2020-01-04 04:29:13
1221,124.9,17.912,34.902,14.616666666666667,85.38333333333334,2020-01-04 04:29:13
1222,125.7,17.851,34.906,14.616666666666667,85.38333333333334,2020-01-04 04:29:13
1223,126.6,17.734,34.91,14.616666666666667,85.38333333333334,2020-01-04 04:29:13
1224,127.9,17.622,34.913,14.616666666666667,85.38333333333334,2020-01-04 04:29:13
1225,129.3,17.336,34.924,14.616666666666667,85.38333333333334,2020-01-04 04:29:13
1226,130.2,17.212,34.922,14.616666666666667,85.38333333333334,2020-01-04 04:29:13
1227,131.2,17.093,34.929,14.616666666666667,85.38333333333334,2020-01-04 04:29:13
1228,132.1,16.989,34.932,14.616666666666667,85.38333333333334,2020-01-04 04:29:13
1229,133.0,16.858,34.93,14.616666666666667,85.38333333333334,2020-01-04 04:29:13
1230,133.9,16.788,34.94,14.616666666666667,85.38333333333334,2020-01-04 04:29:13
1231,134.8,16.546,34.947,14.616666666666667,85.38333333333334,2020-01-04 04:29:13
1232,135.6,16.471,34.941,14.616666666666667,85.38333333333334,2020-01-04 04:29:13
1233,137.2,16.361,34.946,14.616666666666667,85.38333333333334,2020-01-04 04:29:13
1234,137.9,16.353,34.941,14.616666666666667,85.38333333333334,2020-01-04 04:29:13
1235,138.8,16.311,34.942,14.616666666666667,85.38333333333334,2020-01-04 04:29:13
1236,139.8,16.26,34.945,14.616666666666667,85.38333333333334,2020-01-04 04:29:13
1237,140.8,16.165,34.949,14.616666666666667,85.38333333333334,2020-01-04 04:29:13
1238,141.9,16.004,34.951,14.616666666666667,85.38333333333334,2020-01-04 04:29:13
1239,142.9,15.938,34.955,14.616666666666667,85.38333333333334,2020-01-04 04:29:13
1240,144.1,15.902,34.955,14.616666666666667,85.38333333333334,2020-01-04 04:29:13
1241,144.8,15.824,34.961,14.616666666666667,85.38333333333334,2020-01-04 04:29:13
1242,146.0,15.781,34.956,14.616666666666667,85.38333333333334,2020-01-04 04:29:13
1243,147.2,15.755,34.955,14.616666666666667,85.38333333333334,2020-01-04 04:29:13
1244,148.0,15.727,34.957,14.616666666666667,85.38333333333334,2020-01-04 04:29:13
1245,148.8,15.664,34.958,14.616666666666667,85.38333333333334,2020-01-04 04:29:13
1246,150.0,15.524,34.963,14.616666666666667,85.38333333333334,2020-01-04 04:29:13
1247,151.2,15.38,34.975,14.616666666666667,85.38333333333334,2020-01-04 04:29:13
1248,152.0,15.282,34.969,14.616666666666667,85.38333333333334,2020-01-04 04:29:13
1249,152.9,15.252,34.964,14.616666666666667,85.38333333333334,2020-01-04 04:29:13
1250,153.8,15.211,34.972,14.616666666666667,85.38333333333334,2020-01-04 04:29:13
1251,155.9,14.987,34.983,14.616666666666667,85.38333333333334,2020-01-04 04:29:13
1252,157.0,14.889,34.985,14.616666666666667,85.38333333333334,2020-01-04 04:29:13
1253,157.8,14.855,34.984,14.616666666666667,85.38333333333334,2020-01-04 04:29:13
1254,158.9,14.838,34.979,14.616666666666667,85.38333333333334,2020-01-04 04:29:13
1255,160.1,14.71,34.981,14.616666666666667,85.38333333333334,2020-01-04 04:29:13
1256,160.9,14.663,34.984,14.616666666666667,85.38333333333334,2020-01-04 04:29:13
1257,161.7,14.623,34.984,14.616666666666667,85.38333333333334,2020-01-04 04:29:13
1258,163.0,14.569,34.985,14.616666666666667,85.38333333333334,2020-01-04 04:29:13
1259,164.2,14.524,34.987,14.616666666666667,85.38333333333334,2020-01-04 04:29:13
1260,165.0,14.496,34.987,14.616666666666667,85.38333333333334,2020-01-04 04:29:13
1261,165.9,14.445,34.988,14.616666666666667,85.38333333333334,2020-01-04 04:29:13
1262,166.7,14.429,34.991,14.616666666666667,85.38333333333334,2020-01-04 04:29:13
1263,167.9,14.385,34.99,14.616666666666667,85.38333333333334,2020-01-04 04:29:13
1264,169.2,14.35,34.994,14.616666666666667,85.38333333333334,2020-01-04 04:29:13
1265,170.0,14.331,34.993,14.616666666666667,85.38333333333334,2020-01-04 04:29:13
1266,170.9,14.305,34.996,14.616666666666667,85.38333333333334,2020-01-04 04:29:13
1267,171.7,14.253,34.999,14.616666666666667,85.38333333333334,2020-01-04 04:29:13
1268,172.6,14.19,35.003,14.616666666666667,85.38333333333334,2020-01-04 04:29:13
1269,173.9,14.141,35.004,14.616666666666667,85.38333333333334,2020-01-04 04:29:13
1270,175.3,14.097,35.008,14.616666666666667,85.38333333333334,2020-01-04 04:29:13
1271,176.2,14.087,35.007,14.616666666666667,85.38333333333334,2020-01-04 04:29:13
1272,177.1,14.039,35.009,14.616666666666667,85.38333333333334,2020-01-04 04:29:13
1273,178.0,13.939,35.013,14.616666666666667,85.38333333333334,2020-01-04 04:29:13
1274,178.9,13.93,35.01,14.616666666666667,85.38333333333334,2020-01-04 04:29:13
1275,179.8,13.876,35.02,14.616666666666667,85.38333333333334,2020-01-04 04:29:13
1276,180.7,13.824,35.016,14.616666666666667,85.38333333333334,2020-01-04 04:29:13
1277,181.6,13.818,35.016,14.616666666666667,85.38333333333334,2020-01-04 04:29:13
1278,182.6,13.762,35.02,14.616666666666667,85.38333333333334,2020-01-04 04:29:13
1279,183.5,13.736,35.02,14.616666666666667,85.38333333333334,2020-01-04 04:29:13
1280,184.9,13.705,35.022,14.616666666666667,85.38333333333334,2020-01-04 04:29:13
1281,186.4,13.613,35.027,14.616666666666667,85.38333333333334,2020-01-04 04:29:13
1282,187.3,13.569,35.029,14.616666666666667,85.38333333333334,2020-01-04 04:29:13
1283,188.3,13.551,35.026,14.616666666666667,85.38333333333334,2020-01-04 04:29:13
1284,189.3,13.532,35.027,14.616666666666667,85.38333333333334,2020-01-04 04:29:13
1285,190.3,13.441,35.034,14.616666666666667,85.38333333333334,2020-01-04 04:29:13
1286,191.3,13.391,35.029,14.616666666666667,85.38333333333334,2020-01-04 04:29:13
1287,192.3,13.371,35.03,14.616666666666667,85.38333333333334,2020-01-04 04:29:13
1288,193.3,13.325,35.035,14.616666666666667,85.38333333333334,2020-01-04 04:29:13
1289,194.3,13.256,35.036,14.616666666666667,85.38333333333334,2020-01-04 04:29:13
1290,195.4,13.224,35.035,14.616666666666667,85.38333333333334,2020-01-04 04:29:13
1291,196.4,13.203,35.034,14.616666666666667,85.38333333333334,2020-01-04 04:29:13
1292,197.5,13.18,35.037,14.616666666666667,85.38333333333334,2020-01-04 04:29:13
1293,198.6,13.145,35.036,14.616666666666667,85.38333333333334,2020-01-04 04:29:13
1294,199.6,13.121,35.036,14.616666666666667,85.38333333333334,2020-01-04 04:29:13
1295,212.9,12.788,35.044,14.616666666666667,85.38333333333334,2020-01-04 04:29:13
1296,237.8,12.061,35.065,14.616666666666667,85.38333333333334,2020-01-04 04:29:13
1297,262.9,11.567,35.065,14.616666666666667,85.38333333333334,2020-01-04 04:29:13
1298,287.5,11.248,35.065,14.616666666666667,85.38333333333334,2020-01-04 04:29:13
1299,313.0,11.022,35.068,14.616666666666667,85.38333333333334,2020-01-04 04:29:13
1300,338.3,10.832,35.066,14.616666666666667,85.38333333333334,2020-01-04 04:29:13
1301,362.9,10.64,35.063,14.616666666666667,85.38333333333334,2020-01-04 04:29:13
1302,388.0,10.449,35.061,14.616666666666667,85.38333333333334,2020-01-04 04:29:13
1303,412.8,10.255,35.061,14.616666666666667,85.38333333333334,2020-01-04 04:29:13
1304,437.4,10.055,35.059,14.616666666666667,85.38333333333334,2020-01-04 04:29:13
1305,462.6,9.879,35.056,14.616666666666667,85.38333333333334,2020-01-04 04:29:13
1306,487.7,9.709,35.053,14.616666666666667,85.38333333333334,2020-01-04 04:29:13
1307,513.7,9.514,35.05,14.616666666666667,85.38333333333334,2020-01-04 04:29:13
1308,537.7,9.334,35.047,14.616666666666667,85.38333333333334,2020-01-04 04:29:13
1309,562.6,9.135,35.042,14.616666666666667,85.38333333333334,2020-01-04 04:29:13
1310,588.1,8.972,35.038,14.616666666666667,85.38333333333334,2020-01-04 04:29:13
1311,613.1,8.842,35.035,14.616666666666667,85.38333333333334,2020-01-04 04:29:13
1312,638.0,8.691,35.031,14.616666666666667,85.38333333333334,2020-01-04 04:29:13
1313,662.8,8.53,35.026,14.616666666666667,85.38333333333334,2020-01-04 04:29:13
1314,687.8,8.309,35.018,14.616666666666667,85.38333333333334,2020-01-04 04:29:13
1315,713.3,8.097,35.011,14.616666666666667,85.38333333333334,2020-01-04 04:29:13
1316,737.8,7.953,35.006,14.616666666666667,85.38333333333334,2020-01-04 04:29:13
1317,762.8,7.814,35.001,14.616666666666667,85.38333333333334,2020-01-04 04:29:13
1318,788.0,7.647,34.996,14.616666666666667,85.38333333333334,2020-01-04 04:29:13
1319,813.1,7.503,34.993,14.616666666666667,85.38333333333334,2020-01-04 04:29:13
1320,837.8,7.338,34.988,14.616666666666667,85.38333333333334,2020-01-04 04:29:13
1321,863.4,7.186,34.981,14.616666666666667,85.38333333333334,2020-01-04 04:29:13
1322,887.8,7.052,34.975,14.616666666666667,85.38333333333334,2020-01-04 04:29:13
1323,912.6,6.94,34.972,14.616666666666667,85.38333333333334,2020-01-04 04:29:13
1324,937.9,6.82,34.968,14.616666666666667,85.38333333333334,2020-01-04 04:29:13
1325,962.9,6.7,34.964,14.616666666666667,85.38333333333334,2020-01-04 04:29:13
1326,987.3,6.57,34.959,14.616666666666667,85.38333333333334,2020-01-04 04:29:13
1327,1012.6,6.453,34.954,14.616666666666667,85.38333333333334,2020-01-04 04:29:13
1328,1037.5,6.306,34.948,14.616666666666667,85.38333333333334,2020-01-04 04:29:13
1329,1062.8,6.186,34.944,14.616666666666667,85.38333333333334,2020-01-04 04:29:13
1330,1088.2,6.086,34.94,14.616666666666667,85.38333333333334,2020-01-04 04:29:13
1331,1113.0,5.992,34.936,14.616666666666667,85.38333333333334,2020-01-04 04:29:13
1332,1137.6,5.901,34.932,14.616666666666667,85.38333333333334,2020-01-04 04:29:13
1333,1162.5,5.817,34.929,14.616666666666667,85.38333333333334,2020-01-04 04:29:13
1334,1188.4,5.679,34.924,14.616666666666667,85.38333333333334,2020-01-04 04:29:13
1335,1213.0,5.559,34.919,14.616666666666667,85.38333333333334,2020-01-04 04:29:13
1336,1237.9,5.46,34.915,14.616666666666667,85.38333333333334,2020-01-04 04:29:13
1337,1262.9,5.373,34.912,14.616666666666667,85.38333333333334,2020-01-04 04:29:13
1338,1287.8,5.286,34.908,14.616666666666667,85.38333333333334,2020-01-04 04:29:13
1339,1312.6,5.179,34.904,14.616666666666667,85.38333333333334,2020-01-04 04:29:13
1340,1338.2,5.086,34.901,14.616666666666667,85.38333333333334,2020-01-04 04:29:13
1341,1362.8,4.995,34.897,14.616666666666667,85.38333333333334,2020-01-04 04:29:13
1342,1387.6,4.876,34.893,14.616666666666667,85.38333333333334,2020-01-04 04:29:13
1343,1412.6,4.775,34.889,14.616666666666667,85.38333333333334,2020-01-04 04:29:13
1344,1437.8,4.69,34.885,14.616666666666667,85.38333333333334,2020-01-04 04:29:13
1345,1462.8,4.596,34.882,14.616666666666667,85.38333333333334,2020-01-04 04:29:13
1346,1487.7,4.483,34.877,14.616666666666667,85.38333333333334,2020-01-04 04:29:13
1347,1512.9,4.365,34.872,14.616666666666667,85.38333333333334,2020-01-04 04:29:13
1348,1537.8,4.231,34.867,14.616666666666667,85.38333333333334,2020-01-04 04:29:13
1349,1562.4,4.108,34.862,14.616666666666667,85.38333333333334,2020-01-04 04:29:13
1350,1588.4,3.996,34.858,14.616666666666667,85.38333333333334,2020-01-04 04:29:13
1351,1612.9,3.885,34.853,14.616666666666667,85.38333333333334,2020-01-04 04:29:13
1352,1638.1,3.777,34.849,14.616666666666667,85.38333333333334,2020-01-04 04:29:13
1353,1663.2,3.666,34.844,14.616666666666667,85.38333333333334,2020-01-04 04:29:13
1354,1688.7,3.57,34.84,14.616666666666667,85.38333333333334,2020-01-04 04:29:13
1355,1712.9,3.48,34.836,14.616666666666667,85.38333333333334,2020-01-04 04:29:13
1356,1738.0,3.378,34.832,14.616666666666667,85.38333333333334,2020-01-04 04:29:13
1357,1762.8,3.288,34.828,14.616666666666667,85.38333333333334,2020-01-04 04:29:13
1358,1787.7,3.228,34.825,14.616666666666667,85.38333333333334,2020-01-04 04:29:13
1359,1812.5,3.159,34.823,14.616666666666667,85.38333333333334,2020-01-04 04:29:13
1360,1837.5,3.099,34.82,14.616666666666667,85.38333333333334,2020-01-04 04:29:13
1361,1862.6,3.039,34.817,14.616666666666667,85.38333333333334,2020-01-04 04:29:13
1362,1888.2,2.974,34.814,14.616666666666667,85.38333333333334,2020-01-04 04:29:13
1363,1912.7,2.918,34.812,14.616666666666667,85.38333333333334,2020-01-04 04:29:13
1364,1937.6,2.859,34.809,14.616666666666667,85.38333333333334,2020-01-04 04:29:13
1365,1962.6,2.808,34.807,14.616666666666667,85.38333333333334,2020-01-04 04:29:13
1366,1988.0,2.764,34.805,14.616666666666667,85.38333333333334,2020-01-04 04:29:13
1367,1.0,26.758,32.154,14.574,84.878,2020-01-04 14:10:57
1368,2.0,26.646,32.193,14.574,84.878,2020-01-04 14:10:57
1369,3.0,26.604,32.189,14.574,84.878,2020-01-04 14:10:57
1370,4.0,26.547,32.227,14.574,84.878,2020-01-04 14:10:57
1371,5.0,26.527,32.236,14.574,84.878,2020-01-04 14:10:57
1372,6.0,26.513,32.233,14.574,84.878,2020-01-04 14:10:57
1373,7.0,26.505,32.238,14.574,84.878,2020-01-04 14:10:57
1374,8.0,26.499,32.242,14.574,84.878,2020-01-04 14:10:57
1375,9.0,26.488,32.244,14.574,84.878,2020-01-04 14:10:57
1376,10.0,26.488,32.251,14.574,84.878,2020-01-04 14:10:57
1377,16.0,26.565,32.384,14.574,84.878,2020-01-04 14:10:57
1378,25.0,27.557,33.538,14.574,84.878,2020-01-04 14:10:57
1379,35.0,27.419,33.712,14.574,84.878,2020-01-04 14:10:57
1380,45.0,27.212,33.711,14.574,84.878,2020-01-04 14:10:57
1381,55.0,26.9,33.84,14.574,84.878,2020-01-04 14:10:57
1382,65.0,25.656,34.494,14.574,84.878,2020-01-04 14:10:57
1383,75.0,23.895,34.771,14.574,84.878,2020-01-04 14:10:57
1384,85.0,22.404,34.793,14.574,84.878,2020-01-04 14:10:57
1385,96.0,20.909,34.817,14.574,84.878,2020-01-04 14:10:57
1386,105.0,19.552,34.842,14.574,84.878,2020-01-04 14:10:57
1387,115.0,18.327,34.854,14.574,84.878,2020-01-04 14:10:57
1388,126.0,17.181,34.879,14.574,84.878,2020-01-04 14:10:57
1389,135.0,16.32,34.907,14.574,84.878,2020-01-04 14:10:57
1390,145.0,15.693,34.923,14.574,84.878,2020-01-04 14:10:57
1391,155.0,15.141,34.94,14.574,84.878,2020-01-04 14:10:57
1392,165.0,14.618,34.953,14.574,84.878,2020-01-04 14:10:57
1393,176.0,13.983,34.975,14.574,84.878,2020-01-04 14:10:57
1394,186.0,13.626,34.988,14.574,84.878,2020-01-04 14:10:57
1395,195.0,13.142,34.999,14.574,84.878,2020-01-04 14:10:57
1396,213.0,12.736,35.008,14.574,84.878,2020-01-04 14:10:57
1397,237.0,12.272,35.017,14.574,84.878,2020-01-04 14:10:57
1398,263.0,11.817,35.027,14.574,84.878,2020-01-04 14:10:57
1399,288.0,11.434,35.028,14.574,84.878,2020-01-04 14:10:57
1400,313.0,11.119,35.02,14.574,84.878,2020-01-04 14:10:57
1401,338.0,10.905,35.024,14.574,84.878,2020-01-04 14:10:57
1402,363.0,10.701,35.026,14.574,84.878,2020-01-04 14:10:57
1403,388.0,10.507,35.026,14.574,84.878,2020-01-04 14:10:57
1404,413.0,10.331,35.023,14.574,84.878,2020-01-04 14:10:57
1405,439.0,10.134,35.023,14.574,84.878,2020-01-04 14:10:57
1406,463.0,9.935,35.02,14.574,84.878,2020-01-04 14:10:57
1407,488.0,9.786,35.019,14.574,84.878,2020-01-04 14:10:57
1408,513.0,9.607,35.015,14.574,84.878,2020-01-04 14:10:57
1409,538.0,9.408,35.011,14.574,84.878,2020-01-04 14:10:57
1410,563.0,9.197,35.007,14.574,84.878,2020-01-04 14:10:57
1411,588.0,8.975,35.001,14.574,84.878,2020-01-04 14:10:57
1412,613.0,8.823,34.998,14.574,84.878,2020-01-04 14:10:57
1413,638.0,8.692,34.994,14.574,84.878,2020-01-04 14:10:57
1414,663.0,8.534,34.989,14.574,84.878,2020-01-04 14:10:57
1415,688.0,8.353,34.984,14.574,84.878,2020-01-04 14:10:57
1416,713.0,8.167,34.979,14.574,84.878,2020-01-04 14:10:57
1417,738.0,8.034,34.975,14.574,84.878,2020-01-04 14:10:57
1418,763.0,7.888,34.971,14.574,84.878,2020-01-04 14:10:57
1419,788.0,7.734,34.966,14.574,84.878,2020-01-04 14:10:57
1420,813.0,7.577,34.96,14.574,84.878,2020-01-04 14:10:57
1421,838.0,7.434,34.956,14.574,84.878,2020-01-04 14:10:57
1422,863.0,7.299,34.951,14.574,84.878,2020-01-04 14:10:57
1423,888.0,7.113,34.945,14.574,84.878,2020-01-04 14:10:57
1424,913.0,6.962,34.939,14.574,84.878,2020-01-04 14:10:57
1425,938.0,6.804,34.933,14.574,84.878,2020-01-04 14:10:57
1426,963.0,6.665,34.929,14.574,84.878,2020-01-04 14:10:57
1427,989.0,6.532,34.925,14.574,84.878,2020-01-04 14:10:57
1428,1013.0,6.411,34.92,14.574,84.878,2020-01-04 14:10:57
1429,1038.0,6.303,34.915,14.574,84.878,2020-01-04 14:10:57
1430,1063.0,6.179,34.91,14.574,84.878,2020-01-04 14:10:57
1431,1088.0,6.055,34.905,14.574,84.878,2020-01-04 14:10:57
1432,1113.0,5.955,34.902,14.574,84.878,2020-01-04 14:10:57
1433,1137.0,5.844,34.898,14.574,84.878,2020-01-04 14:10:57
1434,1163.0,5.737,34.894,14.574,84.878,2020-01-04 14:10:57
1435,1188.0,5.63,34.89,14.574,84.878,2020-01-04 14:10:57
1436,1213.0,5.548,34.886,14.574,84.878,2020-01-04 14:10:57
1437,1238.0,5.464,34.883,14.574,84.878,2020-01-04 14:10:57
1438,1263.0,5.365,34.88,14.574,84.878,2020-01-04 14:10:57
1439,1289.0,5.284,34.877,14.574,84.878,2020-01-04 14:10:57
1440,1313.0,5.19,34.873,14.574,84.878,2020-01-04 14:10:57
1441,1338.0,5.105,34.869,14.574,84.878,2020-01-04 14:10:57
1442,1363.0,5.001,34.866,14.574,84.878,2020-01-04 14:10:57
1443,1388.0,4.915,34.862,14.574,84.878,2020-01-04 14:10:57
1444,1413.0,4.829,34.859,14.574,84.878,2020-01-04 14:10:57
1445,1438.0,4.729,34.855,14.574,84.878,2020-01-04 14:10:57
1446,1463.0,4.616,34.851,14.574,84.878,2020-01-04 14:10:57
1447,1488.0,4.497,34.847,14.574,84.878,2020-01-04 14:10:57
1448,1513.0,4.37,34.842,14.574,84.878,2020-01-04 14:10:57
1449,1538.0,4.231,34.836,14.574,84.878,2020-01-04 14:10:57
1450,1563.0,4.117,34.831,14.574,84.878,2020-01-04 14:10:57
1451,1588.0,4.004,34.827,14.574,84.878,2020-01-04 14:10:57
1452,1614.0,3.885,34.822,14.574,84.878,2020-01-04 14:10:57
1453,1638.0,3.787,34.818,14.574,84.878,2020-01-04 14:10:57
1454,1663.0,3.687,34.814,14.574,84.878,2020-01-04 14:10:57
1455,1688.0,3.548,34.808,14.574,84.878,2020-01-04 14:10:57
1456,1713.0,3.444,34.804,14.574,84.878,2020-01-04 14:10:57
1457,1738.0,3.347,34.8,14.574,84.878,2020-01-04 14:10:57
1458,1763.0,3.265,34.796,14.574,84.878,2020-01-04 14:10:57
1459,1787.0,3.188,34.793,14.574,84.878,2020-01-04 14:10:57
1460,1813.0,3.12,34.79,14.574,84.878,2020-01-04 14:10:57
1461,1838.0,3.063,34.788,14.574,84.878,2020-01-04 14:10:57
1462,1863.0,3.005,34.785,14.574,84.878,2020-01-04 14:10:57
1463,1888.0,2.943,34.782,14.574,84.878,2020-01-04 14:10:57
1464,1913.0,2.884,34.78,14.574,84.878,2020-01-04 14:10:57
1465,1938.0,2.827,34.777,14.574,84.878,2020-01-04 14:10:57
1466,1963.0,2.776,34.775,14.574,84.878,2020-01-04 14:10:57
1467,1978.0,2.744,34.774,14.574,84.878,2020-01-04 14:10:57
1468,0.3,26.744,33.502,16.816666666666666,85.4,2020-01-05 01:06:00
1469,0.8,26.746,33.5,16.816666666666666,85.4,2020-01-05 01:06:00
1470,1.9,26.748,33.5,16.816666666666666,85.4,2020-01-05 01:06:00
1471,3.0,26.754,33.495,16.816666666666666,85.4,2020-01-05 01:06:00
1472,4.0,26.746,33.499,16.816666666666666,85.4,2020-01-05 01:06:00
1473,5.1,26.75,33.497,16.816666666666666,85.4,2020-01-05 01:06:00
1474,6.0,26.748,33.5,16.816666666666666,85.4,2020-01-05 01:06:00
1475,7.1,26.751,33.5,16.816666666666666,85.4,2020-01-05 01:06:00
1476,8.0,26.75,33.5,16.816666666666666,85.4,2020-01-05 01:06:00
1477,9.0,26.747,33.501,16.816666666666666,85.4,2020-01-05 01:06:00
1478,9.8,26.751,33.5,16.816666666666666,85.4,2020-01-05 01:06:00
1479,15.2,26.755,33.5,16.816666666666666,85.4,2020-01-05 01:06:00
1480,25.5,26.889,33.639,16.816666666666666,85.4,2020-01-05 01:06:00
1481,35.8,26.825,33.642,16.816666666666666,85.4,2020-01-05 01:06:00
1482,45.4,26.821,33.648,16.816666666666666,85.4,2020-01-05 01:06:00
1483,55.9,26.817,33.696,16.816666666666666,85.4,2020-01-05 01:06:00
1484,65.2,25.913,34.69,16.816666666666666,85.4,2020-01-05 01:06:00
1485,75.4,24.122,34.832,16.816666666666666,85.4,2020-01-05 01:06:00
1486,85.8,22.295,34.846,16.816666666666666,85.4,2020-01-05 01:06:00
1487,95.0,20.916,34.829,16.816666666666666,85.4,2020-01-05 01:06:00
1488,105.0,19.889,34.841,16.816666666666666,85.4,2020-01-05 01:06:00
1489,115.6,18.973,34.864,16.816666666666666,85.4,2020-01-05 01:06:00
1490,125.4,17.973,34.888,16.816666666666666,85.4,2020-01-05 01:06:00
1491,135.1,17.082,34.91,16.816666666666666,85.4,2020-01-05 01:06:00
1492,145.5,16.226,34.934,16.816666666666666,85.4,2020-01-05 01:06:00
1493,155.5,15.378,34.958,16.816666666666666,85.4,2020-01-05 01:06:00
1494,165.2,14.743,34.978,16.816666666666666,85.4,2020-01-05 01:06:00
1495,175.0,14.373,34.988,16.816666666666666,85.4,2020-01-05 01:06:00
1496,185.3,14.11,34.994,16.816666666666666,85.4,2020-01-05 01:06:00
1497,195.7,13.791,35.002,16.816666666666666,85.4,2020-01-05 01:06:00
1498,213.0,13.223,35.029,16.816666666666666,85.4,2020-01-05 01:06:00
1499,237.8,12.777,35.044,16.816666666666666,85.4,2020-01-05 01:06:00
1500,263.5,12.353,35.046,16.816666666666666,85.4,2020-01-05 01:06:00
1501,288.0,11.974,35.049,16.816666666666666,85.4,2020-01-05 01:06:00
1502,312.9,11.634,35.053,16.816666666666666,85.4,2020-01-05 01:06:00
1503,337.5,11.331,35.055,16.816666666666666,85.4,2020-01-05 01:06:00
1504,362.9,11.069,35.056,16.816666666666666,85.4,2020-01-05 01:06:00
1505,388.2,10.885,35.055,16.816666666666666,85.4,2020-01-05 01:06:00
1506,413.0,10.713,35.052,16.816666666666666,85.4,2020-01-05 01:06:00
1507,437.9,10.566,35.051,16.816666666666666,85.4,2020-01-05 01:06:00
1508,463.2,10.374,35.05,16.816666666666666,85.4,2020-01-05 01:06:00
1509,488.7,10.194,35.05,16.816666666666666,85.4,2020-01-05 01:06:00
1510,512.5,10.073,35.049,16.816666666666666,85.4,2020-01-05 01:06:00
1511,537.6,9.902,35.045,16.816666666666666,85.4,2020-01-05 01:06:00
1512,562.7,9.735,35.043,16.816666666666666,85.4,2020-01-05 01:06:00
1513,587.7,9.586,35.04,16.816666666666666,85.4,2020-01-05 01:06:00
1514,612.5,9.411,35.037,16.816666666666666,85.4,2020-01-05 01:06:00
1515,637.6,9.226,35.031,16.816666666666666,85.4,2020-01-05 01:06:00
1516,662.8,9.047,35.027,16.816666666666666,85.4,2020-01-05 01:06:00
1517,688.0,8.861,35.021,16.816666666666666,85.4,2020-01-05 01:06:00
1518,713.0,8.666,35.016,16.816666666666666,85.4,2020-01-05 01:06:00
1519,737.9,8.503,35.011,16.816666666666666,85.4,2020-01-05 01:06:00
1520,762.6,8.36,35.008,16.816666666666666,85.4,2020-01-05 01:06:00
1521,787.8,8.189,35.002,16.816666666666666,85.4,2020-01-05 01:06:00
1522,812.7,8.018,34.997,16.816666666666666,85.4,2020-01-05 01:06:00
1523,837.5,7.869,34.992,16.816666666666666,85.4,2020-01-05 01:06:00
1524,863.0,7.743,34.988,16.816666666666666,85.4,2020-01-05 01:06:00
1525,887.9,7.612,34.984,16.816666666666666,85.4,2020-01-05 01:06:00
1526,913.0,7.482,34.979,16.816666666666666,85.4,2020-01-05 01:06:00
1527,938.2,7.322,34.974,16.816666666666666,85.4,2020-01-05 01:06:00
1528,962.5,7.148,34.968,16.816666666666666,85.4,2020-01-05 01:06:00
1529,988.0,6.997,34.963,16.816666666666666,85.4,2020-01-05 01:06:00
1530,1013.1,6.854,34.958,16.816666666666666,85.4,2020-01-05 01:06:00
1531,1038.0,6.726,34.953,16.816666666666666,85.4,2020-01-05 01:06:00
1532,1062.8,6.608,34.948,16.816666666666666,85.4,2020-01-05 01:06:00
1533,1087.8,6.476,34.943,16.816666666666666,85.4,2020-01-05 01:06:00
1534,1113.0,6.308,34.937,16.816666666666666,85.4,2020-01-05 01:06:00
1535,1138.1,6.181,34.932,16.816666666666666,85.4,2020-01-05 01:06:00
1536,1163.1,6.053,34.927,16.816666666666666,85.4,2020-01-05 01:06:00
1537,1188.0,5.959,34.923,16.816666666666666,85.4,2020-01-05 01:06:00
1538,1214.0,5.833,34.918,16.816666666666666,85.4,2020-01-05 01:06:00
1539,1237.8,5.703,34.914,16.816666666666666,85.4,2020-01-05 01:06:00
1540,1262.6,5.567,34.909,16.816666666666666,85.4,2020-01-05 01:06:00
1541,1287.8,5.459,34.905,16.816666666666666,85.4,2020-01-05 01:06:00
1542,1313.1,5.356,34.901,16.816666666666666,85.4,2020-01-05 01:06:00
1543,1338.1,5.251,34.896,16.816666666666666,85.4,2020-01-05 01:06:00
1544,1363.1,5.156,34.893,16.816666666666666,85.4,2020-01-05 01:06:00
1545,1388.2,5.066,34.889,16.816666666666666,85.4,2020-01-05 01:06:00
1546,1413.0,4.976,34.886,16.816666666666666,85.4,2020-01-05 01:06:00
1547,1437.6,4.875,34.882,16.816666666666666,85.4,2020-01-05 01:06:00
1548,1462.6,4.727,34.876,16.816666666666666,85.4,2020-01-05 01:06:00
1549,1487.6,4.596,34.871,16.816666666666666,85.4,2020-01-05 01:06:00
1550,1512.6,4.51,34.867,16.816666666666666,85.4,2020-01-05 01:06:00
1551,1537.8,4.377,34.862,16.816666666666666,85.4,2020-01-05 01:06:00
1552,1563.1,4.271,34.858,16.816666666666666,85.4,2020-01-05 01:06:00
1553,1587.8,4.172,34.854,16.816666666666666,85.4,2020-01-05 01:06:00
1554,1612.6,4.09,34.85,16.816666666666666,85.4,2020-01-05 01:06:00
1555,1637.7,3.994,34.847,16.816666666666666,85.4,2020-01-05 01:06:00
1556,1663.3,3.882,34.842,16.816666666666666,85.4,2020-01-05 01:06:00
1557,1687.7,3.797,34.838,16.816666666666666,85.4,2020-01-05 01:06:00
1558,1712.6,3.7,34.834,16.816666666666666,85.4,2020-01-05 01:06:00
1559,1737.9,3.593,34.83,16.816666666666666,85.4,2020-01-05 01:06:00
1560,1762.7,3.48,34.825,16.816666666666666,85.4,2020-01-05 01:06:00
1561,1787.8,3.391,34.822,16.816666666666666,85.4,2020-01-05 01:06:00
1562,1813.2,3.302,34.818,16.816666666666666,85.4,2020-01-05 01:06:00
1563,1837.9,3.218,34.815,16.816666666666666,85.4,2020-01-05 01:06:00
1564,1862.7,3.165,34.812,16.816666666666666,85.4,2020-01-05 01:06:00
1565,1888.9,3.082,34.809,16.816666666666666,85.4,2020-01-05 01:06:00
1566,1912.9,3.01,34.805,16.816666666666666,85.4,2020-01-05 01:06:00
1567,1937.9,2.944,34.803,16.816666666666666,85.4,2020-01-05 01:06:00
1568,1962.8,2.892,34.8,16.816666666666666,85.4,2020-01-05 01:06:00
1569,1988.0,2.845,34.798,16.816666666666666,85.4,2020-01-05 01:06:00
1570,5.5,28.156,32.594,13.119488333333331,88.57512666666666,2020-01-05 17:29:00
1571,6.5,28.156,32.594,13.119488333333331,88.57512666666666,2020-01-05 17:29:00
1572,7.5,28.17,32.619,13.119488333333331,88.57512666666666,2020-01-05 17:29:00
1573,8.5,28.182,32.649,13.119488333333331,88.57512666666666,2020-01-05 17:29:00
1574,9.5,28.194,32.695,13.119488333333331,88.57512666666666,2020-01-05 17:29:00
1575,10.5,28.201,32.731,13.119488333333331,88.57512666666666,2020-01-05 17:29:00
1576,11.5,28.205,32.824,13.119488333333331,88.57512666666666,2020-01-05 17:29:00
1577,12.5,28.194,32.977,13.119488333333331,88.57512666666666,2020-01-05 17:29:00
1578,13.5,28.18,33.079,13.119488333333331,88.57512666666666,2020-01-05 17:29:00
1579,14.5,28.162,33.181,13.119488333333331,88.57512666666666,2020-01-05 17:29:00
1580,15.5,28.146,33.27,13.119488333333331,88.57512666666666,2020-01-05 17:29:00
1581,16.4,28.125,33.363,13.119488333333331,88.57512666666666,2020-01-05 17:29:00
1582,17.4,28.111,33.424,13.119488333333331,88.57512666666666,2020-01-05 17:29:00
1583,18.5,28.086,33.504,13.119488333333331,88.57512666666666,2020-01-05 17:29:00
1584,19.5,28.067,33.56,13.119488333333331,88.57512666666666,2020-01-05 17:29:00
1585,20.5,28.056,33.583,13.119488333333331,88.57512666666666,2020-01-05 17:29:00
1586,21.5,28.05,33.593,13.119488333333331,88.57512666666666,2020-01-05 17:29:00
1587,22.5,28.046,33.594,13.119488333333331,88.57512666666666,2020-01-05 17:29:00
1588,23.5,28.042,33.596,13.119488333333331,88.57512666666666,2020-01-05 17:29:00
1589,24.5,28.038,33.598,13.119488333333331,88.57512666666666,2020-01-05 17:29:00
1590,25.5,28.033,33.597,13.119488333333331,88.57512666666666,2020-01-05 17:29:00
1591,26.5,28.029,33.598,13.119488333333331,88.57512666666666,2020-01-05 17:29:00
1592,27.5,28.025,33.598,13.119488333333331,88.57512666666666,2020-01-05 17:29:00
1593,28.4,28.022,33.598,13.119488333333331,88.57512666666666,2020-01-05 17:29:00
1594,29.5,28.019,33.598,13.119488333333331,88.57512666666666,2020-01-05 17:29:00
1595,30.5,28.015,33.598,13.119488333333331,88.57512666666666,2020-01-05 17:29:00
1596,31.5,28.013,33.598,13.119488333333331,88.57512666666666,2020-01-05 17:29:00
1597,32.4,28.005,33.598,13.119488333333331,88.57512666666666,2020-01-05 17:29:00
1598,33.5,27.999,33.597,13.119488333333331,88.57512666666666,2020-01-05 17:29:00
1599,34.5,27.994,33.597,13.119488333333331,88.57512666666666,2020-01-05 17:29:00
1600,35.5,27.992,33.597,13.119488333333331,88.57512666666666,2020-01-05 17:29:00
1601,36.4,27.991,33.597,13.119488333333331,88.57512666666666,2020-01-05 17:29:00
1602,37.5,27.986,33.598,13.119488333333331,88.57512666666666,2020-01-05 17:29:00
1603,38.5,27.981,33.598,13.119488333333331,88.57512666666666,2020-01-05 17:29:00
1604,39.4,27.986,33.611,13.119488333333331,88.57512666666666,2020-01-05 17:29:00
1605,40.5,27.979,33.627,13.119488333333331,88.57512666666666,2020-01-05 17:29:00
1606,41.5,27.982,33.644,13.119488333333331,88.57512666666666,2020-01-05 17:29:00
1607,42.4,27.983,33.649,13.119488333333331,88.57512666666666,2020-01-05 17:29:00
1608,43.5,27.981,33.65,13.119488333333331,88.57512666666666,2020-01-05 17:29:00
1609,44.6,27.976,33.651,13.119488333333331,88.57512666666666,2020-01-05 17:29:00
1610,45.5,27.976,33.652,13.119488333333331,88.57512666666666,2020-01-05 17:29:00
1611,46.4,27.98,33.659,13.119488333333331,88.57512666666666,2020-01-05 17:29:00
1612,47.6,27.982,33.669,13.119488333333331,88.57512666666666,2020-01-05 17:29:00
1613,48.5,27.984,33.677,13.119488333333331,88.57512666666666,2020-01-05 17:29:00
1614,49.4,27.977,33.678,13.119488333333331,88.57512666666666,2020-01-05 17:29:00
1615,50.5,27.971,33.676,13.119488333333331,88.57512666666666,2020-01-05 17:29:00
1616,51.5,27.971,33.676,13.119488333333331,88.57512666666666,2020-01-05 17:29:00
1617,52.6,27.97,33.676,13.119488333333331,88.57512666666666,2020-01-05 17:29:00
1618,53.6,27.97,33.677,13.119488333333331,88.57512666666666,2020-01-05 17:29:00
1619,54.5,27.972,33.679,13.119488333333331,88.57512666666666,2020-01-05 17:29:00
1620,55.5,27.973,33.681,13.119488333333331,88.57512666666666,2020-01-05 17:29:00
1621,56.5,27.975,33.684,13.119488333333331,88.57512666666666,2020-01-05 17:29:00
1622,57.5,27.976,33.688,13.119488333333331,88.57512666666666,2020-01-05 17:29:00
1623,58.5,27.975,33.689,13.119488333333331,88.57512666666666,2020-01-05 17:29:00
1624,59.5,27.975,33.692,13.119488333333331,88.57512666666666,2020-01-05 17:29:00
1625,60.5,27.976,33.696,13.119488333333331,88.57512666666666,2020-01-05 17:29:00
1626,61.5,27.979,33.699,13.119488333333331,88.57512666666666,2020-01-05 17:29:00
1627,62.5,27.978,33.706,13.119488333333331,88.57512666666666,2020-01-05 17:29:00
1628,63.5,27.965,33.762,13.119488333333331,88.57512666666666,2020-01-05 17:29:00
1629,64.5,27.714,34.135,13.119488333333331,88.57512666666666,2020-01-05 17:29:00
1630,65.6,27.289,34.482,13.119488333333331,88.57512666666666,2020-01-05 17:29:00
1631,66.6,27.078,34.533,13.119488333333331,88.57512666666666,2020-01-05 17:29:00
1632,67.5,27.0,34.595,13.119488333333331,88.57512666666666,2020-01-05 17:29:00
1633,68.5,26.876,34.607,13.119488333333331,88.57512666666666,2020-01-05 17:29:00
1634,69.4,26.696,34.585,13.119488333333331,88.57512666666666,2020-01-05 17:29:00
1635,70.5,26.366,34.55,13.119488333333331,88.57512666666666,2020-01-05 17:29:00
1636,71.5,26.046,34.544,13.119488333333331,88.57512666666666,2020-01-05 17:29:00
1637,72.5,25.79,34.541,13.119488333333331,88.57512666666666,2020-01-05 17:29:00
1638,73.5,25.587,34.543,13.119488333333331,88.57512666666666,2020-01-05 17:29:00
1639,74.5,25.241,34.593,13.119488333333331,88.57512666666666,2020-01-05 17:29:00
1640,75.5,25.05,34.605,13.119488333333331,88.57512666666666,2020-01-05 17:29:00
1641,76.5,24.762,34.639,13.119488333333331,88.57512666666666,2020-01-05 17:29:00
1642,77.5,24.474,34.631,13.119488333333331,88.57512666666666,2020-01-05 17:29:00
1643,78.5,24.309,34.611,13.119488333333331,88.57512666666666,2020-01-05 17:29:00
1644,79.5,24.139,34.607,13.119488333333331,88.57512666666666,2020-01-05 17:29:00
1645,80.4,23.879,34.593,13.119488333333331,88.57512666666666,2020-01-05 17:29:00
1646,81.5,23.388,34.578,13.119488333333331,88.57512666666666,2020-01-05 17:29:00
1647,82.5,23.117,34.553,13.119488333333331,88.57512666666666,2020-01-05 17:29:00
1648,83.6,22.771,34.513,13.119488333333331,88.57512666666666,2020-01-05 17:29:00
1649,84.6,22.557,34.477,13.119488333333331,88.57512666666666,2020-01-05 17:29:00
1650,85.5,22.513,34.475,13.119488333333331,88.57512666666666,2020-01-05 17:29:00
1651,86.5,22.429,34.487,13.119488333333331,88.57512666666666,2020-01-05 17:29:00
1652,87.6,22.335,34.471,13.119488333333331,88.57512666666666,2020-01-05 17:29:00
1653,88.4,22.323,34.474,13.119488333333331,88.57512666666666,2020-01-05 17:29:00
1654,89.5,22.281,34.475,13.119488333333331,88.57512666666666,2020-01-05 17:29:00
1655,90.5,22.142,34.494,13.119488333333331,88.57512666666666,2020-01-05 17:29:00
1656,91.5,21.997,34.506,13.119488333333331,88.57512666666666,2020-01-05 17:29:00
1657,92.5,21.868,34.539,13.119488333333331,88.57512666666666,2020-01-05 17:29:00
1658,93.5,21.769,34.585,13.119488333333331,88.57512666666666,2020-01-05 17:29:00
1659,94.5,21.758,34.592,13.119488333333331,88.57512666666666,2020-01-05 17:29:00
1660,95.5,21.753,34.611,13.119488333333331,88.57512666666666,2020-01-05 17:29:00
1661,96.4,21.831,34.666,13.119488333333331,88.57512666666666,2020-01-05 17:29:00
1662,97.5,21.865,34.732,13.119488333333331,88.57512666666666,2020-01-05 17:29:00
1663,98.5,21.657,34.766,13.119488333333331,88.57512666666666,2020-01-05 17:29:00
1664,99.5,21.488,34.759,13.119488333333331,88.57512666666666,2020-01-05 17:29:00
1665,100.5,21.396,34.76,13.119488333333331,88.57512666666666,2020-01-05 17:29:00
1666,101.6,21.316,34.761,13.119488333333331,88.57512666666666,2020-01-05 17:29:00
1667,102.6,21.249,34.766,13.119488333333331,88.57512666666666,2020-01-05 17:29:00
1668,103.6,21.179,34.776,13.119488333333331,88.57512666666666,2020-01-05 17:29:00
1669,104.5,21.11,34.791,13.119488333333331,88.57512666666666,2020-01-05 17:29:00
1670,105.5,21.014,34.787,13.119488333333331,88.57512666666666,2020-01-05 17:29:00
1671,106.5,20.927,34.792,13.119488333333331,88.57512666666666,2020-01-05 17:29:00
1672,107.6,20.796,34.8,13.119488333333331,88.57512666666666,2020-01-05 17:29:00
1673,108.5,20.629,34.795,13.119488333333331,88.57512666666666,2020-01-05 17:29:00
1674,109.4,20.551,34.79,13.119488333333331,88.57512666666666,2020-01-05 17:29:00
1675,110.5,20.396,34.821,13.119488333333331,88.57512666666666,2020-01-05 17:29:00
1676,111.5,20.26,34.822,13.119488333333331,88.57512666666666,2020-01-05 17:29:00
1677,112.5,20.195,34.827,13.119488333333331,88.57512666666666,2020-01-05 17:29:00
1678,113.5,20.05,34.821,13.119488333333331,88.57512666666666,2020-01-05 17:29:00
1679,114.5,19.943,34.841,13.119488333333331,88.57512666666666,2020-01-05 17:29:00
1680,115.6,19.794,34.85,13.119488333333331,88.57512666666666,2020-01-05 17:29:00
1681,116.6,19.624,34.85,13.119488333333331,88.57512666666666,2020-01-05 17:29:00
1682,117.6,19.478,34.843,13.119488333333331,88.57512666666666,2020-01-05 17:29:00
1683,118.6,19.355,34.841,13.119488333333331,88.57512666666666,2020-01-05 17:29:00
1684,119.6,19.251,34.839,13.119488333333331,88.57512666666666,2020-01-05 17:29:00
1685,120.6,19.195,34.839,13.119488333333331,88.57512666666666,2020-01-05 17:29:00
1686,121.5,19.11,34.842,13.119488333333331,88.57512666666666,2020-01-05 17:29:00
1687,122.4,19.031,34.843,13.119488333333331,88.57512666666666,2020-01-05 17:29:00
1688,123.5,18.912,34.844,13.119488333333331,88.57512666666666,2020-01-05 17:29:00
1689,124.5,18.824,34.846,13.119488333333331,88.57512666666666,2020-01-05 17:29:00
1690,125.5,18.721,34.849,13.119488333333331,88.57512666666666,2020-01-05 17:29:00
1691,126.6,18.586,34.856,13.119488333333331,88.57512666666666,2020-01-05 17:29:00
1692,127.6,18.407,34.861,13.119488333333331,88.57512666666666,2020-01-05 17:29:00
1693,128.5,18.296,34.863,13.119488333333331,88.57512666666666,2020-01-05 17:29:00
1694,129.4,18.2,34.864,13.119488333333331,88.57512666666666,2020-01-05 17:29:00
1695,130.4,18.13,34.863,13.119488333333331,88.57512666666666,2020-01-05 17:29:00
1696,131.5,18.097,34.862,13.119488333333331,88.57512666666666,2020-01-05 17:29:00
1697,132.5,18.077,34.862,13.119488333333331,88.57512666666666,2020-01-05 17:29:00
1698,133.6,18.002,34.863,13.119488333333331,88.57512666666666,2020-01-05 17:29:00
1699,134.5,17.956,34.86,13.119488333333331,88.57512666666666,2020-01-05 17:29:00
1700,135.5,17.879,34.866,13.119488333333331,88.57512666666666,2020-01-05 17:29:00
1701,136.5,17.731,34.871,13.119488333333331,88.57512666666666,2020-01-05 17:29:00
1702,137.5,17.655,34.87,13.119488333333331,88.57512666666666,2020-01-05 17:29:00
1703,138.6,17.516,34.881,13.119488333333331,88.57512666666666,2020-01-05 17:29:00
1704,139.5,17.392,34.882,13.119488333333331,88.57512666666666,2020-01-05 17:29:00
1705,140.5,17.334,34.882,13.119488333333331,88.57512666666666,2020-01-05 17:29:00
1706,141.5,17.282,34.882,13.119488333333331,88.57512666666666,2020-01-05 17:29:00
1707,142.6,17.248,34.881,13.119488333333331,88.57512666666666,2020-01-05 17:29:00
1708,143.5,17.179,34.886,13.119488333333331,88.57512666666666,2020-01-05 17:29:00
1709,144.5,17.018,34.895,13.119488333333331,88.57512666666666,2020-01-05 17:29:00
1710,145.5,16.864,34.9,13.119488333333331,88.57512666666666,2020-01-05 17:29:00
1711,146.5,16.776,34.897,13.119488333333331,88.57512666666666,2020-01-05 17:29:00
1712,147.5,16.748,34.895,13.119488333333331,88.57512666666666,2020-01-05 17:29:00
1713,148.5,16.706,34.898,13.119488333333331,88.57512666666666,2020-01-05 17:29:00
1714,149.5,16.606,34.902,13.119488333333331,88.57512666666666,2020-01-05 17:29:00
1715,150.6,16.543,34.9,13.119488333333331,88.57512666666666,2020-01-05 17:29:00
1716,151.6,16.486,34.905,13.119488333333331,88.57512666666666,2020-01-05 17:29:00
1717,152.5,16.413,34.908,13.119488333333331,88.57512666666666,2020-01-05 17:29:00
1718,153.5,16.309,34.913,13.119488333333331,88.57512666666666,2020-01-05 17:29:00
1719,154.6,16.249,34.912,13.119488333333331,88.57512666666666,2020-01-05 17:29:00
1720,155.6,16.18,34.916,13.119488333333331,88.57512666666666,2020-01-05 17:29:00
1721,156.5,16.106,34.918,13.119488333333331,88.57512666666666,2020-01-05 17:29:00
1722,157.5,16.041,34.92,13.119488333333331,88.57512666666666,2020-01-05 17:29:00
1723,158.5,15.993,34.921,13.119488333333331,88.57512666666666,2020-01-05 17:29:00
1724,159.5,15.949,34.922,13.119488333333331,88.57512666666666,2020-01-05 17:29:00
1725,160.4,15.919,34.922,13.119488333333331,88.57512666666666,2020-01-05 17:29:00
1726,161.5,15.893,34.922,13.119488333333331,88.57512666666666,2020-01-05 17:29:00
1727,162.6,15.873,34.922,13.119488333333331,88.57512666666666,2020-01-05 17:29:00
1728,163.5,15.854,34.924,13.119488333333331,88.57512666666666,2020-01-05 17:29:00
1729,164.5,15.814,34.926,13.119488333333331,88.57512666666666,2020-01-05 17:29:00
1730,165.5,15.772,34.927,13.119488333333331,88.57512666666666,2020-01-05 17:29:00
1731,166.5,15.729,34.928,13.119488333333331,88.57512666666666,2020-01-05 17:29:00
1732,167.5,15.673,34.931,13.119488333333331,88.57512666666666,2020-01-05 17:29:00
1733,168.5,15.615,34.931,13.119488333333331,88.57512666666666,2020-01-05 17:29:00
1734,169.5,15.565,34.934,13.119488333333331,88.57512666666666,2020-01-05 17:29:00
1735,170.5,15.521,34.936,13.119488333333331,88.57512666666666,2020-01-05 17:29:00
1736,171.5,15.455,34.936,13.119488333333331,88.57512666666666,2020-01-05 17:29:00
1737,172.5,15.437,34.934,13.119488333333331,88.57512666666666,2020-01-05 17:29:00
1738,173.5,15.422,34.932,13.119488333333331,88.57512666666666,2020-01-05 17:29:00
1739,174.5,15.371,34.935,13.119488333333331,88.57512666666666,2020-01-05 17:29:00
1740,175.5,15.226,34.942,13.119488333333331,88.57512666666666,2020-01-05 17:29:00
1741,176.5,15.172,34.94,13.119488333333331,88.57512666666666,2020-01-05 17:29:00
1742,177.5,15.139,34.939,13.119488333333331,88.57512666666666,2020-01-05 17:29:00
1743,178.5,15.104,34.94,13.119488333333331,88.57512666666666,2020-01-05 17:29:00
1744,179.5,15.081,34.942,13.119488333333331,88.57512666666666,2020-01-05 17:29:00
1745,180.5,15.064,34.94,13.119488333333331,88.57512666666666,2020-01-05 17:29:00
1746,181.5,15.047,34.939,13.119488333333331,88.57512666666666,2020-01-05 17:29:00
1747,182.5,14.996,34.942,13.119488333333331,88.57512666666666,2020-01-05 17:29:00
1748,183.5,14.885,34.948,13.119488333333331,88.57512666666666,2020-01-05 17:29:00
1749,184.5,14.82,34.948,13.119488333333331,88.57512666666666,2020-01-05 17:29:00
1750,185.4,14.789,34.947,13.119488333333331,88.57512666666666,2020-01-05 17:29:00
1751,186.5,14.733,34.951,13.119488333333331,88.57512666666666,2020-01-05 17:29:00
1752,187.5,14.668,34.954,13.119488333333331,88.57512666666666,2020-01-05 17:29:00
1753,188.5,14.613,34.952,13.119488333333331,88.57512666666666,2020-01-05 17:29:00
1754,189.6,14.551,34.953,13.119488333333331,88.57512666666666,2020-01-05 17:29:00
1755,190.6,14.479,34.959,13.119488333333331,88.57512666666666,2020-01-05 17:29:00
1756,191.5,14.363,34.963,13.119488333333331,88.57512666666666,2020-01-05 17:29:00
1757,192.6,14.313,34.962,13.119488333333331,88.57512666666666,2020-01-05 17:29:00
1758,193.6,14.281,34.968,13.119488333333331,88.57512666666666,2020-01-05 17:29:00
1759,194.6,14.233,34.976,13.119488333333331,88.57512666666666,2020-01-05 17:29:00
1760,195.5,14.198,34.977,13.119488333333331,88.57512666666666,2020-01-05 17:29:00
1761,196.5,14.166,34.977,13.119488333333331,88.57512666666666,2020-01-05 17:29:00
1762,197.5,14.146,34.976,13.119488333333331,88.57512666666666,2020-01-05 17:29:00
1763,198.5,14.135,34.976,13.119488333333331,88.57512666666666,2020-01-05 17:29:00
1764,199.5,14.112,34.978,13.119488333333331,88.57512666666666,2020-01-05 17:29:00
1765,200.5,14.047,34.981,13.119488333333331,88.57512666666666,2020-01-05 17:29:00
1766,201.5,13.998,34.982,13.119488333333331,88.57512666666666,2020-01-05 17:29:00
1767,202.5,13.965,34.984,13.119488333333331,88.57512666666666,2020-01-05 17:29:00
1768,203.5,13.923,34.987,13.119488333333331,88.57512666666666,2020-01-05 17:29:00
1769,204.5,13.875,34.99,13.119488333333331,88.57512666666666,2020-01-05 17:29:00
1770,205.5,13.838,34.991,13.119488333333331,88.57512666666666,2020-01-05 17:29:00
1771,206.5,13.786,34.994,13.119488333333331,88.57512666666666,2020-01-05 17:29:00
1772,207.5,13.731,34.993,13.119488333333331,88.57512666666666,2020-01-05 17:29:00
1773,208.5,13.691,34.991,13.119488333333331,88.57512666666666,2020-01-05 17:29:00
1774,209.5,13.66,34.994,13.119488333333331,88.57512666666666,2020-01-05 17:29:00
1775,210.5,13.598,34.997,13.119488333333331,88.57512666666666,2020-01-05 17:29:00
1776,211.5,13.531,35.001,13.119488333333331,88.57512666666666,2020-01-05 17:29:00
1777,212.5,13.473,34.999,13.119488333333331,88.57512666666666,2020-01-05 17:29:00
1778,213.5,13.44,34.999,13.119488333333331,88.57512666666666,2020-01-05 17:29:00
1779,214.5,13.419,35.0,13.119488333333331,88.57512666666666,2020-01-05 17:29:00
1780,215.5,13.387,35.003,13.119488333333331,88.57512666666666,2020-01-05 17:29:00
1781,216.6,13.354,35.003,13.119488333333331,88.57512666666666,2020-01-05 17:29:00
1782,217.5,13.337,35.004,13.119488333333331,88.57512666666666,2020-01-05 17:29:00
1783,218.4,13.322,35.005,13.119488333333331,88.57512666666666,2020-01-05 17:29:00
1784,219.5,13.29,35.008,13.119488333333331,88.57512666666666,2020-01-05 17:29:00
1785,220.6,13.262,35.009,13.119488333333331,88.57512666666666,2020-01-05 17:29:00
1786,221.5,13.24,35.01,13.119488333333331,88.57512666666666,2020-01-05 17:29:00
1787,222.5,13.211,35.011,13.119488333333331,88.57512666666666,2020-01-05 17:29:00
1788,223.5,13.175,35.013,13.119488333333331,88.57512666666666,2020-01-05 17:29:00
1789,224.6,13.144,35.013,13.119488333333331,88.57512666666666,2020-01-05 17:29:00
1790,225.5,13.094,35.016,13.119488333333331,88.57512666666666,2020-01-05 17:29:00
1791,226.5,13.046,35.013,13.119488333333331,88.57512666666666,2020-01-05 17:29:00
1792,227.4,13.025,35.012,13.119488333333331,88.57512666666666,2020-01-05 17:29:00
1793,228.4,13.005,35.016,13.119488333333331,88.57512666666666,2020-01-05 17:29:00
1794,229.5,12.951,35.02,13.119488333333331,88.57512666666666,2020-01-05 17:29:00
1795,230.5,12.916,35.02,13.119488333333331,88.57512666666666,2020-01-05 17:29:00
1796,231.5,12.889,35.021,13.119488333333331,88.57512666666666,2020-01-05 17:29:00
1797,232.4,12.862,35.021,13.119488333333331,88.57512666666666,2020-01-05 17:29:00
1798,233.5,12.846,35.021,13.119488333333331,88.57512666666666,2020-01-05 17:29:00
1799,234.6,12.821,35.022,13.119488333333331,88.57512666666666,2020-01-05 17:29:00
1800,235.5,12.801,35.022,13.119488333333331,88.57512666666666,2020-01-05 17:29:00
1801,236.4,12.783,35.023,13.119488333333331,88.57512666666666,2020-01-05 17:29:00
1802,237.5,12.762,35.023,13.119488333333331,88.57512666666666,2020-01-05 17:29:00
1803,238.5,12.75,35.023,13.119488333333331,88.57512666666666,2020-01-05 17:29:00
1804,239.5,12.745,35.023,13.119488333333331,88.57512666666666,2020-01-05 17:29:00
1805,240.5,12.732,35.022,13.119488333333331,88.57512666666666,2020-01-05 17:29:00
1806,241.5,12.725,35.022,13.119488333333331,88.57512666666666,2020-01-05 17:29:00
1807,242.4,12.712,35.023,13.119488333333331,88.57512666666666,2020-01-05 17:29:00
1808,243.5,12.682,35.023,13.119488333333331,88.57512666666666,2020-01-05 17:29:00
1809,244.5,12.627,35.019,13.119488333333331,88.57512666666666,2020-01-05 17:29:00
1810,245.5,12.614,35.021,13.119488333333331,88.57512666666666,2020-01-05 17:29:00
1811,246.5,12.596,35.023,13.119488333333331,88.57512666666666,2020-01-05 17:29:00
1812,247.5,12.583,35.025,13.119488333333331,88.57512666666666,2020-01-05 17:29:00
1813,248.4,12.567,35.028,13.119488333333331,88.57512666666666,2020-01-05 17:29:00
1814,249.5,12.545,35.028,13.119488333333331,88.57512666666666,2020-01-05 17:29:00
1815,255.1,12.468,35.027,13.119488333333331,88.57512666666666,2020-01-05 17:29:00
1816,265.3,12.301,35.03,13.119488333333331,88.57512666666666,2020-01-05 17:29:00
1817,275.1,12.112,35.029,13.119488333333331,88.57512666666666,2020-01-05 17:29:00
1818,284.9,11.946,35.031,13.119488333333331,88.57512666666666,2020-01-05 17:29:00
1819,294.9,11.796,35.032,13.119488333333331,88.57512666666666,2020-01-05 17:29:00
1820,304.9,11.669,35.032,13.119488333333331,88.57512666666666,2020-01-05 17:29:00
1821,314.9,11.513,35.037,13.119488333333331,88.57512666666666,2020-01-05 17:29:00
1822,325.1,11.426,35.041,13.119488333333331,88.57512666666666,2020-01-05 17:29:00
1823,335.1,11.333,35.039,13.119488333333331,88.57512666666666,2020-01-05 17:29:00
1824,345.0,11.206,35.038,13.119488333333331,88.57512666666666,2020-01-05 17:29:00
1825,354.9,11.105,35.04,13.119488333333331,88.57512666666666,2020-01-05 17:29:00
1826,364.9,11.041,35.04,13.119488333333331,88.57512666666666,2020-01-05 17:29:00
1827,374.8,10.943,35.04,13.119488333333331,88.57512666666666,2020-01-05 17:29:00
1828,384.9,10.877,35.039,13.119488333333331,88.57512666666666,2020-01-05 17:29:00
1829,395.1,10.841,35.037,13.119488333333331,88.57512666666666,2020-01-05 17:29:00
1830,405.2,10.757,35.037,13.119488333333331,88.57512666666666,2020-01-05 17:29:00
1831,415.0,10.683,35.036,13.119488333333331,88.57512666666666,2020-01-05 17:29:00
1832,424.9,10.626,35.035,13.119488333333331,88.57512666666666,2020-01-05 17:29:00
1833,435.2,10.554,35.035,13.119488333333331,88.57512666666666,2020-01-05 17:29:00
1834,445.1,10.483,35.034,13.119488333333331,88.57512666666666,2020-01-05 17:29:00
1835,455.1,10.451,35.035,13.119488333333331,88.57512666666666,2020-01-05 17:29:00
1836,465.0,10.387,35.034,13.119488333333331,88.57512666666666,2020-01-05 17:29:00
1837,475.0,10.319,35.033,13.119488333333331,88.57512666666666,2020-01-05 17:29:00
1838,485.1,10.275,35.032,13.119488333333331,88.57512666666666,2020-01-05 17:29:00
1839,495.1,10.206,35.031,13.119488333333331,88.57512666666666,2020-01-05 17:29:00
1840,504.9,10.115,35.03,13.119488333333331,88.57512666666666,2020-01-05 17:29:00
1841,515.0,10.046,35.028,13.119488333333331,88.57512666666666,2020-01-05 17:29:00
1842,525.3,9.996,35.028,13.119488333333331,88.57512666666666,2020-01-05 17:29:00
1843,535.1,9.963,35.027,13.119488333333331,88.57512666666666,2020-01-05 17:29:00
1844,545.1,9.925,35.028,13.119488333333331,88.57512666666666,2020-01-05 17:29:00
1845,555.0,9.884,35.027,13.119488333333331,88.57512666666666,2020-01-05 17:29:00
1846,564.7,9.808,35.024,13.119488333333331,88.57512666666666,2020-01-05 17:29:00
1847,575.0,9.739,35.024,13.119488333333331,88.57512666666666,2020-01-05 17:29:00
1848,585.0,9.689,35.023,13.119488333333331,88.57512666666666,2020-01-05 17:29:00
1849,594.9,9.627,35.022,13.119488333333331,88.57512666666666,2020-01-05 17:29:00
1850,605.1,9.521,35.019,13.119488333333331,88.57512666666666,2020-01-05 17:29:00
1851,615.3,9.438,35.015,13.119488333333331,88.57512666666666,2020-01-05 17:29:00
1852,625.2,9.381,35.013,13.119488333333331,88.57512666666666,2020-01-05 17:29:00
1853,635.2,9.299,35.011,13.119488333333331,88.57512666666666,2020-01-05 17:29:00
1854,645.1,9.243,35.009,13.119488333333331,88.57512666666666,2020-01-05 17:29:00
1855,654.9,9.177,35.008,13.119488333333331,88.57512666666666,2020-01-05 17:29:00
1856,664.8,9.088,35.006,13.119488333333331,88.57512666666666,2020-01-05 17:29:00
1857,674.8,9.007,35.005,13.119488333333331,88.57512666666666,2020-01-05 17:29:00
1858,685.3,8.933,35.005,13.119488333333331,88.57512666666666,2020-01-05 17:29:00
1859,695.5,8.868,35.004,13.119488333333331,88.57512666666666,2020-01-05 17:29:00
1860,705.2,8.806,35.002,13.119488333333331,88.57512666666666,2020-01-05 17:29:00
1861,714.9,8.745,35.0,13.119488333333331,88.57512666666666,2020-01-05 17:29:00
1862,725.0,8.68,34.999,13.119488333333331,88.57512666666666,2020-01-05 17:29:00
1863,734.9,8.621,34.996,13.119488333333331,88.57512666666666,2020-01-05 17:29:00
1864,745.1,8.533,34.994,13.119488333333331,88.57512666666666,2020-01-05 17:29:00
1865,754.9,8.463,34.992,13.119488333333331,88.57512666666666,2020-01-05 17:29:00
1866,764.7,8.406,34.99,13.119488333333331,88.57512666666666,2020-01-05 17:29:00
1867,775.1,8.327,34.989,13.119488333333331,88.57512666666666,2020-01-05 17:29:00
1868,785.1,8.269,34.988,13.119488333333331,88.57512666666666,2020-01-05 17:29:00
1869,795.1,8.178,34.986,13.119488333333331,88.57512666666666,2020-01-05 17:29:00
1870,805.3,8.105,34.984,13.119488333333331,88.57512666666666,2020-01-05 17:29:00
1871,815.3,8.024,34.981,13.119488333333331,88.57512666666666,2020-01-05 17:29:00
1872,824.8,7.968,34.98,13.119488333333331,88.57512666666666,2020-01-05 17:29:00
1873,835.1,7.899,34.977,13.119488333333331,88.57512666666666,2020-01-05 17:29:00
1874,845.2,7.857,34.976,13.119488333333331,88.57512666666666,2020-01-05 17:29:00
1875,855.0,7.811,34.975,13.119488333333331,88.57512666666666,2020-01-05 17:29:00
1876,865.0,7.775,34.974,13.119488333333331,88.57512666666666,2020-01-05 17:29:00
1877,875.0,7.731,34.972,13.119488333333331,88.57512666666666,2020-01-05 17:29:00
1878,884.9,7.691,34.971,13.119488333333331,88.57512666666666,2020-01-05 17:29:00
1879,894.9,7.663,34.97,13.119488333333331,88.57512666666666,2020-01-05 17:29:00
1880,905.1,7.621,34.969,13.119488333333331,88.57512666666666,2020-01-05 17:29:00
1881,915.1,7.57,34.967,13.119488333333331,88.57512666666666,2020-01-05 17:29:00
1882,925.0,7.504,34.965,13.119488333333331,88.57512666666666,2020-01-05 17:29:00
1883,935.0,7.447,34.963,13.119488333333331,88.57512666666666,2020-01-05 17:29:00
1884,945.0,7.381,34.961,13.119488333333331,88.57512666666666,2020-01-05 17:29:00
1885,955.0,7.328,34.958,13.119488333333331,88.57512666666666,2020-01-05 17:29:00
1886,964.9,7.255,34.955,13.119488333333331,88.57512666666666,2020-01-05 17:29:00
1887,975.3,7.168,34.953,13.119488333333331,88.57512666666666,2020-01-05 17:29:00
1888,985.1,7.086,34.95,13.119488333333331,88.57512666666666,2020-01-05 17:29:00
1889,995.0,7.029,34.947,13.119488333333331,88.57512666666666,2020-01-05 17:29:00
1890,1022.7,6.845,34.94,13.119488333333331,88.57512666666666,2020-01-05 17:29:00
1891,1074.2,6.546,34.93,13.119488333333331,88.57512666666666,2020-01-05 17:29:00
1892,1125.8,6.281,34.92,13.119488333333331,88.57512666666666,2020-01-05 17:29:00
1893,1174.0,6.079,34.912,13.119488333333331,88.57512666666666,2020-01-05 17:29:00
1894,1224.9,5.887,34.904,13.119488333333331,88.57512666666666,2020-01-05 17:29:00
1895,1273.0,5.678,34.896,13.119488333333331,88.57512666666666,2020-01-05 17:29:00
1896,1322.8,5.459,34.887,13.119488333333331,88.57512666666666,2020-01-05 17:29:00
1897,1373.6,5.209,34.878,13.119488333333331,88.57512666666666,2020-01-05 17:29:00
1898,1425.7,4.98,34.869,13.119488333333331,88.57512666666666,2020-01-05 17:29:00
1899,1474.0,4.807,34.863,13.119488333333331,88.57512666666666,2020-01-05 17:29:00
1900,1526.3,4.585,34.854,13.119488333333331,88.57512666666666,2020-01-05 17:29:00
1901,1576.2,4.366,34.846,13.119488333333331,88.57512666666666,2020-01-05 17:29:00
1902,1624.6,4.189,34.839,13.119488333333331,88.57512666666666,2020-01-05 17:29:00
1903,1674.9,3.93,34.828,13.119488333333331,88.57512666666666,2020-01-05 17:29:00
1904,1725.9,3.692,34.818,13.119488333333331,88.57512666666666,2020-01-05 17:29:00
1905,1774.0,3.441,34.808,13.119488333333331,88.57512666666666,2020-01-05 17:29:00
1906,1824.0,3.249,34.8,13.119488333333331,88.57512666666666,2020-01-05 17:29:00
1907,1874.4,3.099,34.794,13.119488333333331,88.57512666666666,2020-01-05 17:29:00
1908,1923.6,3.0,34.789,13.119488333333331,88.57512666666666,2020-01-05 17:29:00
1909,1968.2,2.907,34.785,13.119488333333331,88.57512666666666,2020-01-05 17:29:00
